target_bar,actual,adaboost,ar_p,arima,bayesian_ridge,cnn_1d,conformal_ridge,decision_tree,egarch_11,elastic_net,extra_trees,garch_11,gjr_garch_11,gradient_boosting,gru,hist_gradient_boosting,historical_mean_return,holt_linear_trend,huber,knn,lasso,linear_svr,local_level,local_linear_trend,lstm,mlp,naive_last_value,nbeats,pls,quantile_gbr,quantile_linear,random_forest,random_walk_drift,rbf_svr,ridge,ridge_robust_scaled,tcn,theta,transformer,uc_stochastic_cycle,xgboost
2024-10-02 00:00:00+00:00,-0.0033625289667629232,-0.01017151594472845,0.0007696266104033508,0.0018105457680010252,-0.0025597041587262707,0.00036568954708446203,-0.008018358299544837,0.0005817329404310492,0.0011731496518926322,-0.007256391890882491,-0.003967000134689162,0.0012147061138493,0.0012438590244918226,-0.015926023349953706,-0.010841849894861382,-0.015011770526949953,0.001675070050423372,0.001231104599506594,-0.00393759447101907,-0.0013061352508849905,-0.00676922327923755,-0.002030676014696631,6.06532690738959e-08,0.0014499143760087208,-0.007890278183950236,-0.021806590538219647,0.0,-0.004253797007985484,-0.006647292709731996,-0.007902657151196415,-0.0020314259359810617,-0.006413478472226139,0.001032608779658183,-0.0023911705346718656,-0.008018358299544837,-0.007983252935988184,-0.0038799175251756648,-0.0023488361381689793,-0.005699455225378581,0.0010367679027165622,-0.021170534193515778
2024-10-03 00:00:00+00:00,0.0020860853754225417,-0.010425977668912855,-0.0006012287424597019,0.0012081205712522961,-0.0018056083546215164,-0.0003872588412098298,-0.005718415080226303,0.0005817329404310492,0.0011731496518926322,-0.0052822361786309105,-0.003611292650918959,0.0012147061138493,0.0012438590244918226,-0.013308478750470587,-0.007924224433198615,-0.013355756877797591,0.001675070050423372,1.9807745479383243e-05,-0.0031684966185107646,-0.012499142427476448,-0.004945167055503069,-0.0007847240331841018,5.079369813643098e-09,0.0005339591429383006,-0.0032804951787697534,-0.027564254323317085,0.0,0.0029705535055483574,-0.004715082529386596,-0.006603331275947891,-0.0008054202123429725,-0.005660017459589008,0.001032608779658183,-0.010050003301674089,-0.005718415080226303,-0.005694440235367443,-0.0006580890227164788,-0.002438798474897836,-0.002663323569866369,0.00020764245587479024,-0.016859596595168114
2024-10-04 00:00:00+00:00,0.02130028355856517,-0.0017187632082571332,-3.5367727150011985e-05,0.0010346062867052732,-0.002746096525379313,-0.0014497757842972568,-0.007994981301039768,0.0005817329404310492,0.0011731496518926322,-0.007609409629685535,-0.004234560521818367,0.0012147061138493,0.0012438590244918226,-0.015361607938222143,-0.0077185206086915585,-0.01749471622312701,0.001675070050423372,-0.00016076915109408674,-0.0042877765773734755,-0.011512186774605809,-0.007195868150497634,-0.0028537599926541984,-3.1511344644741257e-09,0.000396660011062977,-0.005550627611353064,-0.03271323702675818,0.0,-0.005442544409253137,-0.007296431813117586,-0.014190500560566434,-0.0028498750069482996,-0.006281168235138137,0.001032608779658183,-0.020027799579247156,-0.007994981301039768,-0.007973684883169341,-0.0017460507464338105,-0.002038841470836554,-0.002504900601457164,-0.00042101451040821303,-0.016426965594291687
2024-10-05 00:00:00+00:00,0.0003620026173063451,-0.0017187632082571332,0.0005077214717023879,0.0006860409815465376,-0.001957198833200154,-0.003134592798906911,-0.005149048102966569,0.0005817329404310492,0.0011731496518926322,-0.005101958361279067,-0.004085446516163862,0.0012147061138493,0.0012438590244918226,-0.009775864021872579,-0.005828908651875792,-0.0033253659573370606,0.001675070050423372,-0.0005089877590123137,-0.0028796387632615823,-0.004036322840662983,-0.00495244773421724,-0.0022743975976847785,-3.217521005183244e-08,0.00011613586883818527,-0.005043379368408976,-0.027614415774854798,0.0,0.009984985245785312,-0.005681257440070574,-0.007204303629334802,-0.002278975831786434,-0.005853209746470048,0.001032608779658183,-0.01885469792336846,-0.005149048102966569,-0.005143723620160264,0.0011216646788072863,2.5344661082363046e-05,-0.002051186087266665,-0.00048743591145239407,-0.014535625465214252
2024-10-06 00:00:00+00:00,0.01167270178271096,-0.001883330434000101,0.0013659907865505596,0.0009933139772832728,-0.001649926481668178,-0.0030717098022579755,-0.004389505093906463,0.0005817329404310492,0.0011731496518926322,-0.004400655254953325,-0.003908643953831807,0.0012147061138493,0.0012438590244918226,-0.009578410444062024,-0.005459064761979604,-0.006807425699686002,0.001675070050423372,0.0001400874147492459,-0.0023594799398926375,-0.001983922940284529,-0.004332842768490654,-0.0021898340876940906,-5.468727692914399e-10,0.0006064781477483905,-0.005606068206753419,-0.014373457452172923,0.0,-0.0075833817166014676,-0.005079650838252516,-0.011614809434859277,-0.002178581370382243,-0.0052760993373093664,0.001032608779658183,-0.024958884669704903,-0.004389505093906463,-0.004384927874535891,0.003407355964983955,5.482871007423731e-05,-0.000414207795766129,0.00035999250127538573,-0.01725812442600727
2024-10-07 00:00:00+00:00,-0.00931261159387553,-0.0009700806867514139,0.0011439845481004802,0.000843386823917626,-0.0015382668525476683,-0.0031832398546607367,-0.004695968702756584,0.0005817329404310492,0.0011731496518926322,-0.004519377439281201,-0.003232240838955727,0.0012147061138493,0.0012438590244918226,-0.010141505948785474,-0.003528744447744279,-0.006445442354094104,0.001675070050423372,-5.913000889101738e-05,-0.0030270592247459848,-0.0007707358892660679,-0.00428346410210063,-0.00290132529948938,-1.7632235227438287e-08,0.00044436085399546243,-0.004547163199351244,-0.014571686917810528,0.0,-0.002833468871236108,-0.004841969498822178,-0.010115461120095266,-0.0029066505314253987,-0.004205538952525027,0.001032608779658183,-0.01674149309431107,-0.004695968702756584,-0.004687845384808824,0.013650093812231916,0.001082201890796624,0.0010400650868498088,-2.9252613346741896e-05,-0.011880588717758656
2024-10-08 00:00:00+00:00,-0.0016835665368155617,-0.001313416746575291,0.0012985754436990805,0.0011782668101076174,-0.0006841414200705117,-0.0019076828292882565,-0.0034090899637628765,0.0005817329404310492,0.0011731496518926322,-0.003117359800443807,-0.0038363476117700937,0.0012147061138493,0.0012438590244918226,-0.0029604100808022266,-0.003066608770350997,-0.0032323077183936347,0.001675070050423372,0.0004729855886331791,-0.0022696819169570623,-0.002061581885658427,-0.0029225472160072834,-0.0019901449243422734,1.4067166986819757e-08,0.0008539804133196327,-0.002312428684336812,-0.007092031669062773,0.0,0.005252648330711415,-0.002877129380361263,-0.01054101878338145,-0.001975335412238633,-0.003907214020742687,0.001032608779658183,-0.024323952129882156,-0.0034090899637628765,-0.003389087962153089,0.010321959749396327,0.00016242483556873537,0.004826470796482155,-0.00023337543016310747,-0.00810643658041954
2024-10-09 00:00:00+00:00,-0.025261155468463414,-0.003290935879896928,0.0009752007077070374,0.001094367352640462,-0.0005535534484975529,-0.0020354714182141734,-0.004291634022275406,0.0005817329404310492,0.0011731496518926322,-0.003773341043427839,-0.0038098335087466888,0.0012147061138493,0.0012438590244918226,-0.00831749788925733,-0.0017731050393325182,-0.010041235958108484,0.001675070050423372,0.00022217692635351227,-0.0031547144091859567,-0.005474738876970881,-0.0033492454960000143,-0.002377251355147656,2.543137256338923e-09,0.0006618737932377883,0.00034405759392475653,-0.014536966710485818,0.0,0.002865176716200786,-0.0026596151944627555,-0.007078808135300583,-0.0023663295084460417,-0.0030038758900046898,0.001032608779658183,-0.021802116194830697,-0.004291634022275406,-0.004259607825767727,0.006718567223767338,-1.1591511892207551e-06,0.0026388280359381415,-0.00012433948825218977,-0.007971357554197311
2024-10-10 00:00:00+00:00,-0.005090366975952776,-0.0016063309701794405,0.001097850913979714,0.0014820262405669242,-0.0016657920390152838,-0.0009700790392021537,-0.00869682917604589,0.0005817329404310492,0.0011731496518926322,-0.007519329642523148,-0.004104341852094101,0.0012147061138493,0.0012438590244918226,-0.012513336127945682,-0.005645802283047351,-0.011413129961525258,0.001675070050423372,0.0006440648677621397,-0.005047622630411067,-0.006678841387866233,-0.006659525444823005,-0.003642418282831809,3.815831561837513e-08,0.0009952756031701426,0.0005540804200006339,-0.016265060814130195,0.0,-0.0055833514992287,-0.005012777940936844,-0.005939879826589917,-0.0035976903617801342,-0.004977885686323408,0.001032608779658183,-0.01934411176130859,-0.00869682917604589,-0.00863815446722264,-0.016736195973158827,-0.0022358481407050448,0.0009737050611524335,0.0007754229892675824,-0.015698684379458427
2024-10-11 00:00:00+00:00,0.03537847936124727,-0.008568545159344118,0.0004332311543756828,0.0011930174968559026,-0.0020807074067462107,-0.002320818377754908,-0.008604058199092351,0.0005817329404310492,0.0011731496518926322,-0.007870384629185871,-0.0036358167545755397,0.0012147061138493,0.0012438590244918226,-0.013125618009730083,-0.007621217853244742,-0.015920248081789934,0.001675070050423372,-3.6677642571092406e-05,-0.005469036115555931,-0.01606767165605609,-0.007038451872419285,-0.0032554031276139095,7.6893265088529e-09,0.0004749136559567546,0.0009455369392835015,-0.02497473614721474,0.0,-0.010301599675992177,-0.005739497676132476,-0.002182400505691484,-0.0032493707064750197,-0.005131613341157161,0.001032608779658183,-0.012562722519868964,-0.008604058199092351,-0.008567831411883671,-0.018274830450613677,-0.0024886422510053655,-0.001568613024808766,0.0002633125772337763,-0.02081364393234253
2024-10-12 00:00:00+00:00,0.011906298331457066,-0.0019468314482496871,-0.00032817889679995563,0.00046918931486167,-0.002179439447436717,-0.002863636275627541,-0.00793887833401822,0.0005817329404310492,0.0011731496518926322,-0.0075997834099101194,-0.004158044073652864,0.0012147061138493,0.0012438590244918226,-0.016605648944899035,-0.006434226200828622,-0.014878450524946617,0.001675070050423372,-0.0008952902182510769,-0.005401719300234781,-0.006092451424302756,-0.006917008503496763,-0.004145069095509858,-5.344105424853751e-08,-0.000198582398537539,-0.0008537181734101752,-0.022083993947460218,0.0,-0.030027365639360544,-0.00643954588448555,-0.01255721481132413,-0.004145538527356722,-0.005516709743552743,0.001032608779658183,-0.012511393520147072,-0.00793887833401822,-0.00792326022176627,-0.005396405547701185,0.0008606297290464513,-0.0017339809617710035,-0.0009264238995676521,-0.015220138244330883
2024-10-13 00:00:00+00:00,-0.00542109412935865,-0.0035426848310628973,0.0013089038747795567,0.000768690364900026,-0.0013446122811578468,-0.00503943189250728,-0.004342747002688372,0.0005817329404310492,0.0011731496518926322,-0.004702784980451955,-0.0034923852227010917,0.0012147061138493,0.0012438590244918226,-0.007902632122419729,-0.008817072166234785,-0.0036502981552330805,0.001675070050423372,-4.2605720155464155e-05,-0.003250324440624905,-0.008663184246938935,-0.004524068862731156,-0.0026161987145562468,-1.7985174238788204e-08,0.00044270028091197844,-0.002095959023689079,-0.026021131256411888,0.0,-0.027109215699952952,-0.004811712643602278,-0.010679388089023573,-0.0026046348904019004,-0.004354115115693386,0.001032608779658183,-0.020720935590085678,-0.004342747002688372,-0.004350828649973928,-0.008647626922219343,0.001837388094248166,0.0007739735215046574,-0.0004041191040400349,-0.009149636141955853
2024-10-14 00:00:00+00:00,0.04958054928829014,-0.0006983128861057797,0.001958779081928687,0.001102331896563801,-0.0017823816007073784,-0.00538749577417218,-0.004470971463900342,0.0005817329404310492,0.0011731496518926322,-0.0049763733451397675,-0.003759385851138249,0.0012147061138493,0.0012438590244918226,-0.00965902040243457,-0.00872970490425343,-0.008492548373825655,0.001675070050423372,0.0004530221652778721,-0.003306677461557646,-0.004735253060516228,-0.004848287374314664,-0.0025423114803747376,8.188822064880696e-09,0.000817790817952968,-0.0039052504825786215,-0.020223698001834024,0.0,-0.013724636187468475,-0.005682744876389667,-0.01243667287375448,-0.0025577925625425036,-0.0047147804428205806,0.001032608779658183,-0.016345178439648757,-0.004470971463900342,-0.004488698130226648,-0.014567191252060853,0.0011950377919567072,-0.0007900974828079759,0.0004397462262897278,-0.009479576721787453
2024-10-15 00:00:00+00:00,0.01495264242203831,-0.0020673762306904504,0.00019004511004368013,0.00021661969589062348,-0.0008762281238126027,-0.004923837635728203,-0.0032615137892096973,0.0005817329404310492,0.0011731496518926322,-0.0034850892817131617,-0.0035396873201065313,0.0012147061138493,0.0012438590244918226,-0.008658268141301245,-0.006225807855216056,-0.006628013790120718,0.001675070050423372,-0.0006700390019478419,-0.0033318523757569734,-0.0010314608360735534,-0.003267824998628481,-0.003175518687248709,-7.489403230920288e-08,-6.0773181282058886e-05,-0.0038185018235473906,-0.02016258694806191,0.0,-0.006431612563532613,-0.004025413183911744,-0.006793386541376029,-0.003204078890613777,-0.0043561107602022656,0.001032608779658183,-0.006633662784398494,-0.0032615137892096973,-0.0032731048459459155,-0.01652382264994469,0.005474722572430864,0.001783197754541172,-0.000564964456387429,-0.00820837914943695
2024-10-16 00:00:00+00:00,0.008490108547450248,-0.0034367037464532297,0.0015394565021889838,0.0006830492355917811,-0.0005984277264095444,-0.004668222918061458,-0.004874677261879987,0.0031093465277902345,0.0011731496518926322,-0.004541391285337261,-0.003409039951711815,0.0012147061138493,0.0012438590244918226,-0.00923703426380306,-0.010467750639382507,-0.013948049504654603,0.001675070050423372,0.0005419750149595615,-0.004084601694279599,-0.008005136488397345,-0.00414357819490206,-0.004438767261689265,-2.2586871040175538e-08,0.0008639455666781259,-0.008651303682469448,-0.010774670178203802,0.0,-0.01299170480876894,-0.0039415712312525185,-0.01269061732249201,-0.004401853411527342,-0.0028848422772563254,0.001032608779658183,-0.010134344537423635,-0.004874677261879987,-0.004856768319426083,-0.007773036366338972,0.006312804436425693,-0.007101857116051992,-0.0006389980693928266,-0.015306518413126469
2024-10-17 00:00:00+00:00,-0.0031535287872266338,9.807505356406257e-05,0.0020775133110707607,0.0008553652483042086,-0.0001028417246669122,-0.004295245738748654,-0.004115452736913423,0.02621205974953387,0.0011731496518926322,-0.003659364088008956,-0.0029686816836019623,0.0012147061138493,0.0012438590244918226,-0.0015460674257070973,-0.0073487911376062705,-0.011512145385219483,0.001675070050423372,0.0008538574454401981,-0.004175054105306228,-0.005837372631462303,-0.003213757990620036,-0.003935762078703466,-1.2824791895127419e-08,0.0011030731728958187,-0.01021734489800846,-0.015111431997580187,0.0,-0.017507135940813216,-0.0027243312651123123,-0.01329742316720473,-0.003926697579010247,0.0005249762535546905,0.001032608779658183,-0.009902645633201474,-0.004115452736913423,-0.004090456829704862,-0.00395529165414521,0.006505104350045909,0.00214411272245708,-0.0003705131540101547,-0.003060702932998538
2024-10-18 00:00:00+00:00,0.015004897049664123,-0.000867293514961372,0.0014299886147948254,0.0010756587519658292,-0.0007839397329010265,-0.002903014150194253,-0.006898800211936759,0.0031093465277902345,0.0011731496518926322,-0.00607322870487297,-0.003235614165492664,0.0012147061138493,0.0012438590244918226,-0.007373412958584388,-0.008396173111669772,-0.010343483441627223,0.001675070050423372,0.0011558829891260558,-0.005761246206072792,-0.0022550365389998805,-0.005333455377857261,-0.0047764108363005904,4.7635531075229665e-09,0.0013479168171404154,-0.012021096617024924,-0.01545443655646454,0.0,-0.017818274751924545,-0.004170068219732953,-0.009221160519147502,-0.0047623222172797144,-0.0018534944764278638,0.001032608779658183,-0.012496776239681503,-0.006898800211936759,-0.006857545299716085,-0.031024595408363068,0.005650446730985395,0.0013756295264445815,0.00042851222588069504,-0.008509834297001362
2024-10-19 00:00:00+00:00,-0.0008196237215276625,-0.000867293514961372,0.0007520242011480972,0.0007981134116340626,-0.001853563544944448,-0.0020807702569549578,-0.008507189557344436,0.0031093465277902345,0.0011731496518926322,-0.00791738386328807,-0.003933959361352559,0.0012147061138493,0.0012438590244918226,-0.009853377430064642,-0.007633848189098525,-0.0133790320809801,0.001675070050423372,0.0007415144481903724,-0.006825994248034305,-0.00021378567062141574,-0.007154246493957339,-0.005921835398767272,-2.2665684440426048e-08,0.001040065796793499,-0.014954115184497595,-0.019117359535600294,0.0,-0.004843841777318544,-0.006728087503184699,-0.013664100291166312,-0.005933373951599467,-0.003068475395257148,0.001032608779658183,-0.013915591624445249,-0.008507189557344436,-0.008480727190595776,-0.028167561443206538,0.00647760699639867,-0.0037892390590906484,3.7232930747421733e-06,-0.01446531992405653
2024-10-20 00:00:00+00:00,0.009303330181939629,-0.001313416746575291,0.001149962511269997,0.001028436548874346,-0.0012963281549340172,-0.002887925953694029,-0.0053867444689643515,0.0005817329404310492,0.0011731496518926322,-0.005342615316895738,-0.004131552191428394,0.0012147061138493,0.0012438590244918226,-0.011560068755207343,-0.009685180649680793,-0.008324981561245493,0.001675070050423372,0.0011787832371972229,-0.0045423777806506156,0.0013092291101172366,-0.005051527049604167,-0.0037980594046109198,1.238051439145238e-09,0.0013910796181342278,-0.015099284648319986,-0.025852777074327267,0.0,-0.008674988872795567,-0.005358173608060866,-0.01125309400256758,-0.00380527869856046,-0.003988590770069609,0.001032608779658183,-0.010813205640582435,-0.0053867444689643515,-0.005378309177342726,-0.025942097404029727,0.005831829164275242,-0.002979732554683086,-0.0003793448125648524,-0.013720662333071232
2024-10-21 00:00:00+00:00,-0.023963262921302686,-0.001313416746575291,0.0010304087852356222,0.0008882223082976358,-0.0009580239309719104,-0.0017718341012398988,-0.003866768336681421,0.0005817329404310492,0.0011731496518926322,-0.004086421165012597,-0.0037674685963715706,0.0012147061138493,0.0012438590244918226,-0.009885181739232007,-0.009547678426732575,-0.008232323945418285,0.001675070050423372,0.0009492226462324282,-0.003912170484835678,-0.00030257335704652314,-0.003940705660343404,-0.0028126925306355298,-1.4053171071282122e-08,0.0012270570194434782,-0.014165897934336286,-0.01638918590231887,0.0,-0.02717885183739613,-0.004491625772258628,-0.007815233018842878,-0.002841992387972775,-0.0036623556790152654,0.001032608779658183,-0.011109595794836056,-0.003866768336681421,-0.0038683679456461726,-0.01433252342980305,0.006138608326285661,-0.00016820954903174986,-0.0003908281691185067,-0.015195878222584724
2024-10-22 00:00:00+00:00,-9.567799317800052e-05,-0.0016063309701794405,0.001474409255717253,0.0014322387846898525,-0.0024595743777902,-0.0026876179962455294,-0.006811459012126081,0.0005817329404310492,0.0011731496518926322,-0.006845366163858192,-0.005127781474782945,0.0012147061138493,0.0012438590244918226,-0.012181053916713518,-0.009094577472647325,-0.013503667323908094,0.001675070050423372,0.0016585696442401598,-0.004341235961295861,-0.004338099500639206,-0.006684486474440321,-0.003901717600904627,3.619775590379959e-08,0.0017963290873712623,-0.01648739005001971,-0.01528655386425163,0.0,-0.008917061073593784,-0.007872897178451849,-0.015867721011421226,-0.003908715097920601,-0.006227154931002787,0.001032608779658183,-0.013963070841525505,-0.006811459012126081,-0.006805943749522108,-0.015794337129895326,0.0034756273203247747,-0.00202815605673002,0.0007539123046100826,-0.01183766033500433
2024-10-23 00:00:00+00:00,-0.013890438213698175,-0.008095767994196536,0.0006013189085015648,0.001101776646365115,-0.001739544683139175,-0.0016885479365400268,-0.002988032590473709,0.0005817329404310492,0.0011731496518926322,-0.0034463155210522137,-0.00481307328288713,0.0012147061138493,0.0012438590244918226,-0.01816452248580741,-0.007122984413633461,-0.013805750895719338,0.001675070050423372,0.0008969040853035182,-0.001807793587760859,-0.003547353121968965,-0.0037046162004904966,-0.0016970781002911364,1.4458123587246519e-10,0.001229647402135825,-0.013090579167772542,0.0016356448107909865,0.0,0.00693952686585605,-0.0059675482560523005,-0.012803285878139224,-0.0017342631983805173,-0.0059519820078582555,0.001032608779658183,-0.0018173143709029147,-0.002988032590473709,-0.0030020735981015345,-0.0017988349375495016,0.003159429274451817,-0.0028781622673597824,0.00027394963593962984,-0.014094128273427486
2024-10-24 00:00:00+00:00,0.025691547967452877,-0.0016063309701794405,0.0006355382304496716,0.00129060947558686,-0.0015435931546550078,-0.0009909223667304667,-0.0034136374079711705,0.0005817329404310492,0.0011731496518926322,-0.0034482970006421898,-0.004141539076139467,0.0012147061138493,0.0012438590244918226,-0.011335644293609698,-0.008094539032681189,-0.01592652459621701,0.001675070050423372,0.0011101342779973322,-0.0012288428060957504,-0.0052661533034123326,-0.003672752528088615,-0.001505972255685579,2.0982241721867467e-08,0.0014143737415324154,-0.012610117534634176,-0.011402720196737477,0.0,-0.0034047392976892577,-0.005482415145751865,-0.004572766464442552,-0.0014970576630997734,-0.003940970990309098,0.001032608779658183,-0.008952949424070182,-0.0034136374079711705,-0.0034064211744040908,-0.015977152752844993,0.0016509739613748823,-0.0052820615694669955,-0.00015475282073396102,-0.0039278962649405
2024-10-25 00:00:00+00:00,-0.02253213347279548,-0.006195464611411041,0.00017544834020766123,0.0006462853280716871,-0.00116823974256432,-0.0004975608073954981,-0.0040822921589710294,0.0031093465277902345,0.0011731496518926322,-0.0036240601963944226,-0.0034494501959095774,0.0012147061138493,0.0012438590244918226,-0.013790813652545114,-0.0073197749635785445,-0.013067908332209202,0.001675070050423372,0.0001602659513562088,-0.002039859933281185,-0.0016315408890601641,-0.0035665336095341664,-0.002473390607259405,-3.8808410707247276e-08,0.0006885957999624992,-0.011101835968796749,-0.010344070241537223,0.0,0.004489697011904206,-0.004736106503556705,-0.008836074925020134,-0.002462098912965,-0.001608202818662093,0.001032608779658183,-0.006325915332962223,-0.0040822921589710294,-0.004058452925390085,-0.018600833132534567,0.0037772073375902386,-0.004118828242556355,-0.0006627746633434128,-0.013142439536750317
2024-10-26 00:00:00+00:00,0.005570705733250136,-0.003219437839705839,0.00151435750177499,0.0013753656742389183,-0.0018570114478282298,-0.0018467462253982897,-0.005661569735439839,0.0005817329404310492,0.0011731496518926322,-0.005302145716995401,-0.004700138718125392,0.0012147061138493,0.0012438590244918226,-0.012568461768467612,-0.009160148939345565,-0.011196244018055601,0.001675070050423372,0.0013457716454539081,-0.0024997875358210605,-0.004377146178982947,-0.005220366375719755,-0.0026094914884706973,3.4035922524822126e-08,0.0016147771796131138,-0.01272100844091235,-0.0033898895590681846,0.0,0.00041366296022292567,-0.006072819148895438,-0.006548024244340618,-0.002568613638674344,-0.005928178455883585,0.001032608779658183,-0.018983312251919626,-0.005661569735439839,-0.005637510515642545,-0.03241905306586953,0.001449697720658684,-0.007612234644136653,0.0007006895599701579,-0.013454049825668335
2024-10-27 00:00:00+00:00,0.013555484057567568,-0.010956953917510278,0.0008720107877369339,0.00099821290237769,-0.0017121587991825965,-0.0003620710707122228,-0.005246836261769808,0.0005817329404310492,0.0011731496518926322,-0.004799507520228876,-0.004149788405001125,0.0012147061138493,0.0012438590244918226,-0.011271131868479563,-0.007607341747784704,-0.009711494715890173,0.001675070050423372,0.0005429535429879451,-0.002811264691774596,-0.001937092226308739,-0.004607526725568393,-0.0025375018304072293,-8.414794194777642e-09,0.0010059066062666489,-0.010111720778783655,-0.013739599281756113,0.0,-0.005809238817283629,-0.005462301663935638,-0.008037248160224483,-0.002538909488982122,-0.004585161431080591,0.001032608779658183,-0.008405130682080623,-0.005246836261769808,-0.005224525034970225,-0.013949194804930174,0.0018139295563866452,-0.0026840244929330387,0.00019918554044018322,-0.01302593294531107
2024-10-28 00:00:00+00:00,0.02870921510255542,-0.0009700806867514139,0.00031500142019044285,0.0008121873553224774,-0.001706130345214077,-0.0012857079164106631,-0.006567805869199848,0.0005817329404310492,0.0011731496518926322,-0.005736986860631023,-0.004294296968348536,0.0012147061138493,0.0012438590244918226,-0.005649207598288082,-0.0066010130810465785,0.0003680799316987636,0.001675070050423372,0.0004090125664255595,-0.003444095498810872,-0.0008713177721803182,-0.0053692928995308,-0.0038620695875392205,-2.047628910872845e-08,0.0009089697800988006,-0.011034284534422805,-0.02358080527695746,0.0,0.006767698582513415,-0.005766323020440601,-0.01397984238786163,-0.003826646419359349,-0.004483321136031769,0.001032608779658183,-0.013661566167835261,-0.006567805869199848,-0.006528980306337226,-0.011260642673885258,0.0028522430792678835,-0.0020900209539468106,-0.0005665220626429601,-0.00491350470110774
2024-10-29 00:00:00+00:00,0.039446590577762564,-0.0006584773512036892,0.0007995589499470629,0.0005306451275678061,-0.0008699463820439994,-0.00200699667818596,-0.004806421742995441,0.0005817329404310492,0.0011731496518926322,-0.0043794578067916055,-0.0035618417349579335,0.0012147061138493,0.0012438590244918226,-0.00483268654587088,-0.0069978883783412115,-0.008736480187728251,0.001675070050423372,0.00025075884336267507,-0.0036512409877619265,-0.002428617080667742,-0.004024258509580685,-0.0034258707877504752,-4.3366819468815265e-08,0.0007837235219216865,-0.010273452166100016,-0.02120176688066548,0.0,-0.0036864039322004557,-0.003971968113702193,-0.007418981310876773,-0.003405838369037905,-0.0040983875340983,0.001032608779658183,-0.01672951939792674,-0.004806421742995441,-0.004782995024968945,-0.01945635907308468,0.005139147431221767,0.0018829238014960645,-0.0007522808258180191,-0.003661415772512555
2024-10-30 00:00:00+00:00,-0.00525236341818669,-0.0019468314482496871,0.0010904005782985421,0.0003109447484154536,-0.0011932582944645439,-0.0033896121738176666,-0.006922924014786701,0.0005817329404310492,0.0011731496518926322,-0.00630522062248056,-0.003997420294944437,0.0012147061138493,0.0012438590244918226,-0.008098741769157557,-0.005448577391388565,-0.004877449114256473,0.001675070050423372,0.0003520040753546283,-0.0057778464511592485,-0.008349914925903548,-0.00565293712886231,-0.00566664133965869,-5.958622928403656e-08,0.0008540996581682947,-0.012529798280496177,-0.016543250563965644,0.0,-0.023686093185188637,-0.005122506834036514,-0.01415645044376084,-0.005647621985148567,-0.0044442958481730535,0.001032608779658183,-0.01485398232454061,-0.006922924014786701,-0.006893928286113522,-0.006419054491016112,0.008173545134280048,-0.002007420884505828,-0.0003035467323631025,-0.010656369850039482
2024-10-31 00:00:00+00:00,-0.02980622089692453,-0.0036277443373295,0.0023789667903875923,0.001037692589975292,-0.0009739755691759626,-0.0032967346643037305,-0.006148729654256393,0.0005817329404310492,0.0011731496518926322,-0.005716688040628134,-0.0042088173838372685,0.0012147061138493,0.0012438590244918226,-0.011739612150063838,-0.008514410582825784,-0.013358510960951829,0.001675070050423372,0.0016494031017213473,-0.0053201810652729956,-0.010485901306778261,-0.005191462740081668,-0.004653559141751126,7.933882884003651e-09,0.00186059116548698,-0.013850412674732462,-0.022503541197195855,0.0,-0.02275375756682569,-0.004491752405897683,-0.00832188191373024,-0.004631305534460129,-0.004980819859444869,0.001032608779658183,-0.014612127888154398,-0.006148729654256393,-0.006121491964561435,0.004352083384231085,0.006985650079866628,-0.0012302770256614895,0.0003434770513681684,-0.0162973552942276
2024-11-01 00:00:00+00:00,-0.010490161236779372,-0.00286667063600136,0.002106848845595361,0.0015512888065690028,-0.002616366410752931,-0.003233607954602385,-0.009859079340209034,0.0005817329404310492,0.0011731496518926322,-0.009084814594763395,-0.004487589950160265,0.0012147061138493,0.0012438590244918226,-0.014228887935314525,-0.010388237122132965,-0.012816306132571995,0.001675070050423372,0.0020512794558058545,-0.006998428785785689,-0.0016527895764832312,-0.008271106823976849,-0.005360262863728947,4.502388684102243e-08,0.0021968000659118303,-0.015268393234801957,-0.02389508174480361,0.0,-0.0038085985789674585,-0.007594443095524865,-0.011859402523675868,-0.005368703729148112,-0.005582902196164113,0.001032608779658183,-0.009456328694782806,-0.009859079340209034,-0.009824076941897688,-0.014372959247616812,0.0037308996632383564,0.0004358824047032664,0.00015241422127409976,-0.011818761005997658
2024-11-02 00:00:00+00:00,-0.002784362785529737,-0.010425977668912855,0.00035876277034312587,0.0012937422390369533,-0.0016785208704564202,-0.001229902964444886,-0.005901190735513228,0.0005817329404310492,0.0011731496518926322,-0.0057140599732115,-0.0038825561341486623,0.0012147061138493,0.0012438590244918226,-0.011482678859849821,-0.011379515047102476,-0.012153479042524309,0.001675070050423372,0.0012900120673311477,-0.004961490335772331,-0.0027657507361760906,-0.005290370759524582,-0.002528064160308001,1.5846012502152007e-08,0.0016408535559744308,-0.011375797735695605,-0.027663551346464494,0.0,-0.0038855551735114545,-0.005019442542163717,-0.0059830074603624455,-0.0025741212912138815,-0.004955437152577853,0.001032608779658183,-0.011496729523808568,-0.005901190735513228,-0.005886608838341837,-0.005683260402745504,0.0024726687560375224,0.002058163855875993,-7.961993267535661e-05,-0.011400986462831497
2024-11-03 00:00:00+00:00,-0.007942586110248229,-0.008568545159344118,0.00011532894737849211,0.0011285814247405932,-0.002308781354268122,-0.0009457127614231993,-0.008191450149710188,0.0005817329404310492,0.0011731496518926322,-0.007786889425745969,-0.003720390174050492,0.0012147061138493,0.0012438590244918226,-0.008628980809528109,-0.011752673351148497,-0.0090694352865793,0.001675070050423372,0.0009586224909767793,-0.006027630301692949,-0.0005939830877078425,-0.007184654736370988,-0.0035480395859609007,4.205951142921549e-09,0.0014081395322573798,-0.012500232911693407,-0.021890047636712463,0.0,-0.008750881033515344,-0.006570207202236002,-0.00563640437870666,-0.003570886139502853,-0.004749522121031965,0.001032608779658183,-0.005738446269133704,-0.008191450149710188,-0.008167061911719441,-0.002708495504367073,0.002007358414662701,0.0017176039982907474,0.0003702282000617174,-0.007900901138782501
2024-11-04 00:00:00+00:00,-0.013615611362265412,-0.0019214594123248226,0.000757559757530234,0.001193577073177018,-0.0025746743801753147,-0.0015872839867860787,-0.00772712049030395,0.0005817329404310492,0.0011731496518926322,-0.007658979399451677,-0.003856354134055926,0.0012147061138493,0.0012438590244918226,-0.011613396247582812,-0.011970792912254427,-0.007709666241215987,0.001675070050423372,0.0009859826844316188,-0.005662216626577867,-0.0018771863576592513,-0.007227343795031344,-0.003053666616777251,1.1997702387134268e-08,0.0014454422077285756,-0.013810210392120555,-0.033136457718223294,0.0,0.00010132654501768571,-0.00705748132900757,-0.004963852328506467,-0.0030857766695277363,-0.005270921002378415,0.001032608779658183,-0.004659305536124562,-0.00772712049030395,-0.007715848493420156,-0.0010352778307944292,0.0011269326079846361,0.0018413764064092934,0.0003848373858339471,-0.012379627674818039
2024-11-05 00:00:00+00:00,0.022572112490930607,-0.004506987995811487,0.0009075314505499904,0.0012983495421230486,-0.002930800958932527,-0.0020450014843271945,-0.007820712232851957,0.0005817329404310492,0.0011731496518926322,-0.007702234064973131,-0.004033568148497991,0.0012147061138493,0.0012438590244918226,-0.011197987455223513,-0.011496817972218321,-0.011263662066762326,0.001675070050423372,0.0009755634333821206,-0.0050369935240413815,-0.003785544059014826,-0.00738692135984578,-0.0030593367766249,2.0567119562997505e-08,0.0014529801735303494,-0.014032783193980115,-0.031175510851962795,0.0,0.009709224338715511,-0.007855107305267691,-0.00752419928170234,-0.003088166356595549,-0.00510838059537465,0.001032608779658183,-0.007308273542345327,-0.007820712232851957,-0.007808796555855608,-0.013921021859428642,-0.00017742651171781068,-0.0001678971004600309,-9.730104839711373e-05,-0.009481444954872131
2024-11-06 00:00:00+00:00,0.08666903126846393,-0.008095767994196536,7.226350051517578e-05,0.0007001175537344245,-0.0028379402873759986,-0.0026735158200164514,-0.005951392263112806,0.0005817329404310492,0.0011731496518926322,-0.006153298469997148,-0.004637712163256282,0.0012147061138493,0.0012438590244918226,-0.020093026832154866,-0.008373788363655077,-0.023163527625473395,0.001675070050423372,9.188630041911949e-05,-0.003678860165704761,-0.005243869977193183,-0.0061385530451171216,-0.003393004507601957,-3.409633997364381e-08,0.0007765203864860126,-0.01405890140263343,-0.02730171479373064,0.0,0.011968079225045692,-0.008060559358952168,-0.012121368369190432,-0.0034319449282652205,-0.006303808346996107,0.001032608779658183,-0.010761651166138855,-0.005951392263112806,-0.005957166445129811,0.0046119752477416405,0.001834607304848008,0.00187335588988517,-0.0006052444768354093,-0.02061009407043457
2024-11-07 00:00:00+00:00,0.0035076496874797414,-0.0006551168823607041,-0.0003949219364038283,-0.0004652853767187794,-0.0011099124505068482,-0.004673611208217099,-0.0027291767244465555,0.0031093465277902345,0.0011731496518926322,-0.0029209459942268366,-0.0005554721262187157,0.0012147061138493,0.0012438590244918226,0.002623765000358672,-0.009593616658944652,-0.003057458482005059,0.001675070050423372,-0.0009237096857539484,-0.0032673835629200474,0.0009453674738775969,-0.002958908923119027,-0.0038755610162594586,-1.3091821138289106e-07,-2.7720611457837663e-05,-0.018615158660408332,-0.029426906892729955,0.0,0.010746130263681366,-0.004545247728448564,0.0007432452923947038,-0.003918680470449725,0.0018309719539612165,0.001032608779658183,-0.01648211474716503,-0.0027291767244465555,-0.0027387849774931326,0.0053938547674847424,0.009338410519300198,0.0011301484022228803,-0.0010785443014569296,0.004881329368799925
2024-11-08 00:00:00+00:00,0.008404323339316733,-0.003290935879896928,0.003064993797401789,0.0007846831157717017,-0.0003356107499890271,-0.004534186377865507,-0.0016016286217519207,0.02621205974953387,0.0011731496518926322,-0.001998874767585166,-0.001871820146118903,0.0012147061138493,0.0012438590244918226,0.0043067369776496256,-0.011430385259903121,-0.0024169833809983077,0.001675070050423372,0.0016531533920343122,-0.0027369220791514195,-0.0060592329024465605,-0.0021835051944281737,-0.0030323663283869052,-5.2986877108196495e-09,0.0019487663769286456,-0.02327757132517337,-0.019456079260088095,0.0,-0.031318457017943974,-0.002944557652180518,0.0030953807336707973,-0.0030270007288690317,0.002866173619259587,0.001032608779658183,-0.007120633993234293,-0.0016016286217519207,-0.0016056520782843275,0.010043917498908376,0.008822350483199124,-0.00504630456656718,0.0001152893551594758,0.007500795181840658
2024-11-09 00:00:00+00:00,0.003044406381334852,-0.0006551168823607041,0.002610176627119794,0.0008705349076336073,-0.0011987860889610038,-0.006061087572867482,-0.006301438397202565,0.0031093465277902345,0.0011731496518926322,-0.005576089799045281,-0.0016996620867528393,0.0012147061138493,0.0012438590244918226,-0.0002997775629381587,-0.0064591893133301576,-0.004718983053613586,0.001675070050423372,0.0016230406218511462,-0.00603528265740955,-0.0010647695977805242,-0.004991377665436459,-0.00523805338429845,-1.2695183571054258e-08,0.001934365322036058,-0.025533586297003974,-0.02901487160656405,0.0,-0.02234934840589329,-0.004663846958029242,0.004873017699110844,-0.005272153219284612,0.0012767678225178516,0.001032608779658183,-0.023012594144638077,-0.006301438397202565,-0.006268226026051819,-0.025339866917660537,0.008785078242952311,0.0036337185146010685,-0.0004292440680639942,0.0005060370313003659
2024-11-10 00:00:00+00:00,0.04700704537184386,-0.0012944923684539093,0.0010873633459834117,0.0009728239644430615,-0.0014957369747096746,-0.0043722548908345545,-0.007855462848979745,0.0031093465277902345,0.0011731496518926322,-0.006905156856342407,-0.002183359447777676,0.0012147061138493,0.0012438590244918226,-0.004352740458718636,-0.006745780830320009,-0.011562381034272096,0.001675070050423372,0.0017673702359903842,-0.006968596688216545,-6.768897701367215e-05,-0.006156909419451897,-0.005675851612975139,-4.5987569308181264e-09,0.002070102660479023,-0.02676160178622774,-0.01760780586082327,0.0,-0.01721396120592015,-0.005292331862503413,-0.008757654202350248,-0.005700957738540827,-0.001100302132869069,0.001032608779658183,-0.023775193550526805,-0.007855462848979745,-0.0078103630298247875,-0.03634304781906374,0.008276987100567623,0.0037827032705977618,-0.0002523877858386925,-0.0035860463976860046
2024-11-11 00:00:00+00:00,0.09734014312496164,0.0007585374171072548,0.00033380337265834085,0.0002426886020819067,-0.0011034273698778511,-0.0022836545783264583,-0.007204546605301823,0.0031093465277902345,0.0011731496518926322,-0.006380725894764843,0.00038676232362213324,0.0012147061138493,0.0012438590244918226,-0.00041346193440658846,-0.0055203081700956145,-0.0055486431304621955,0.001675070050423372,0.0008992391838127389,-0.007695735383690545,-0.0033542430077170083,-0.005600216742192615,-0.006258472535957631,-7.100663701464782e-08,0.0014144269151845634,-0.02830754493061856,-0.04290125827862557,0.0,-0.024958256361084914,-0.004699515757027487,-0.0017150270658305425,-0.006310768379010701,0.0014925048071467004,0.001032608779658183,-0.04560399806895216,-0.007204546605301823,-0.007164951082503097,-0.025845207111098625,0.01170259085024935,0.0037160151000600146,-0.0004520889200172462,-0.00023912709730211645
2024-11-12 00:00:00+00:00,-0.008442066269106263,0.0004119019607792633,0.00026465023050852563,-0.0007076046705853888,-0.000151618286666628,-0.0022017171692212813,-0.004521892786194258,0.0031093465277902345,0.0011731496518926322,-0.004433620048414627,0.0006561573159616407,0.0012147061138493,0.0012438590244918226,-0.009801328508526936,-0.006153892241399294,-0.011307280818799283,0.001675070050423372,0.00039774425707683747,-0.008061846266976933,0.010139551965067996,-0.003901131362673271,-0.007212956151555014,-1.4703754658285106e-07,0.0010208856262714505,-0.03173029229804498,-0.04335336679482084,0.0,-0.0715604475426513,-0.0034558245460064234,-0.01019082329535458,-0.007291412489261366,0.00032690120144114707,0.001032608779658183,-0.04224216635168985,-0.004521892786194258,-0.004510261876578213,0.007033606496751978,0.019277435437883246,-0.0010318074327787066,-0.0013758254646401014,-0.012654682621359825
2024-11-13 00:00:00+00:00,0.029444850487761798,-0.00023654040004451963,0.003988178334765913,0.0009541908972488815,-0.001459633166474602,-0.0020041895731222237,-0.006787858113281334,-0.014207272952107886,0.0011731496518926322,-0.007204807681946367,-0.0008950693062123851,0.0012147061138493,0.0012438590244918226,-0.012685601095166607,-0.014701617364439815,-0.00797786329045105,0.001675070050423372,0.0035042349596370315,-0.009464097556427431,-0.000280371659124498,-0.006765569501952351,-0.006940946339739794,1.2751966593782527e-08,0.003431763061488624,-0.03741313547592664,-0.03635310738278743,0.0,-0.07148783971141959,-0.006076959461071264,-0.007486600255028945,-0.007015905210033844,-0.0036893063463969812,0.001032608779658183,-0.025722674467064714,-0.006787858113281334,-0.006787758304265557,0.0006617621967823647,0.01682518888275919,-0.012337365057213858,-0.0002510906418020653,-0.01959940977394581
2024-11-14 00:00:00+00:00,-0.03749692231881241,0.0023639000199730444,0.0022301155097744765,0.0005373634735107212,-0.003468283958659703,0.00024371120177592819,-0.008374707851655921,0.0031093465277902345,0.0011731496518926322,-0.009048788941757337,0.0008964286012697227,0.0012147061138493,0.0012438590244918226,-0.014665660262035215,0.0010614480833713534,-0.012160575521204645,0.001675070050423372,0.002659069370734457,-0.01013913856926643,-0.002481432156773075,-0.008680875442770885,-0.008189887741498238,-4.4477985738922143e-08,0.0028133535782366437,-0.03456178243446243,-0.044744754045483566,0.0,-0.0397236280867989,-0.010617700256851161,-0.012989269908848137,-0.008366367202000026,-0.0008225686889332793,0.001032608779658183,-0.022350034472170634,-0.008374707851655921,-0.008404193507741431,-0.015565527580322279,0.017941176089402044,-0.01135063886270207,-0.000634156779279138,-0.015176530927419662
2024-11-15 00:00:00+00:00,0.04280211829142644,0.0032476969142865514,0.0019567103655596966,0.0016139001945599757,-0.0017899876052943067,0.0007320071689660968,-0.002071133795846115,-0.014207272952107886,0.0011731496518926322,-0.0032348100836640204,0.0010025707889607565,0.0012147061138493,0.0012438590244918226,-0.0053466134570641375,-0.006616970929599456,0.0010986382866349014,0.001675070050423372,0.004170710403089473,-0.00488130291559101,-0.0019387589740628424,-0.003714542520207838,-0.002311670443173974,5.664101898616991e-08,0.004039896314838032,-0.03365318833651089,-0.05299027350036005,0.0,-0.008642677535137932,-0.00590717197380854,-0.007729702115731041,-0.002450683673325982,0.0024106539224626605,0.001032608779658183,-0.050641049412474375,-0.002071133795846115,-0.0021047244914360677,-0.028986414609156307,0.013037058338706891,-0.0023724922620284423,0.0009200919032608113,-0.0050149648450315
2024-11-16 00:00:00+00:00,-0.005588812244118557,0.0004119019607792633,1.3557855317722985e-05,0.000400373947829048,-0.001976858219564979,0.004807699830883616,-0.0036813732358647678,-0.014207272952107886,0.0011731496518926322,-0.004315279326791704,0.00022951797687217686,0.0012147061138493,0.0012438590244918226,-0.013531603551003059,-0.004048902167002915,-0.022763723349227685,0.001675070050423372,0.0021102348300416907,-0.0067336936001219285,-0.010058550064779442,-0.0044114332859084655,-0.0038307046470998926,-6.465477930817087e-08,0.0024989200167819803,-0.03404357960681841,-0.05287939753710841,0.0,-0.0007343351848565251,-0.006398088618103048,-0.012913171022599373,-0.004019436844415046,-0.0015791730689849652,0.001032608779658183,-0.04475602166906468,-0.0036813732358647678,-0.003701907206675629,-0.00888498486894809,0.015669655812402036,0.008750502176546788,-0.00046333175234636315,-0.014141947031021118
2024-11-17 00:00:00+00:00,-0.007900350440317894,0.0008751536007149441,0.001088941343009621,0.0010554566916371542,-0.0017558121694064397,0.004012826598699967,-0.004419978960223535,-0.014207272952107886,0.0011731496518926322,-0.004791526397374066,0.0007473113069159191,0.0012147061138493,0.0012438590244918226,0.004967788422282145,-0.00627958285089885,0.005701013751560771,0.001675070050423372,0.0033937217649810947,-0.006199461961086675,-0.0015684753774041662,-0.00494443766371415,-0.0032539807860286424,8.442098575756063e-09,0.003537825363638447,-0.03163523975919495,-0.059895307172100884,0.0,0.0060721298204013,-0.005940791308775213,0.0016183811506370158,-0.0033580370373981873,0.0006997034218165776,0.001032608779658183,-0.04066533610634667,-0.004419978960223535,-0.004415473199272121,0.015918404920134986,0.013788925285739126,-0.0008089557595571753,-0.00028605824365257604,-0.0013937618350610137
2024-11-18 00:00:00+00:00,0.007725465406075216,0.0005561062048206197,0.0017977295698124722,0.0011829923752437748,-0.0033797283484555303,0.006566483218261572,-0.009126019445566784,-0.014207272952107886,0.0011731496518926322,-0.00867626190049596,-0.0002847536473699901,0.0012147061138493,0.0012438590244918226,0.010952104768914065,-0.00449490747559389,0.012954166742128266,0.001675070050423372,0.003305205925586918,-0.007858201888386549,-0.012296744430920095,-0.008380040811618378,-0.004792046273163713,1.1933909860317726e-08,0.0035202384408670184,-0.02315248131604617,-0.04783968470675254,0.0,0.0248503286920261,-0.009301224497412655,0.012649609778615501,-0.0048941692068785675,1.7687919199378893e-05,0.001032608779658183,-0.029832797167128527,-0.009126019445566784,-0.009096048178551726,-0.03264472838182667,0.011870087313481008,0.0010422343279207693,-7.79976751346112e-05,0.011301716789603233
2024-11-19 00:00:00+00:00,0.01969754318365169,-0.0010888231375701242,0.000488783069771964,0.000935784259449239,-0.004301740545929245,0.0051623818269603845,-0.008865435370734493,0.0031093465277902345,0.0011731496518926322,-0.008490990868865737,0.00038225174769754934,0.0012147061138493,0.0012438590244918226,0.008095481089824344,-0.0005144045296691332,0.00011915457833430341,0.001675070050423372,0.002805164519953607,-0.005721699064245181,-0.0027404872035592365,-0.008615224117439955,-0.005750834819132055,-1.1669706978523209e-08,0.0031860745405278834,-0.006038586574034681,-0.037707141504442314,0.0,0.04388029632942695,-0.011992643060210086,0.005071452562847846,-0.005826830975417065,0.001410191880681321,0.001032608779658183,-0.014986328254032266,-0.008865435370734493,-0.008841648266049848,-0.0359815564398877,0.011503176078275792,-0.00996806042251602,0.00024675426281994817,0.007862808182835579
2024-11-20 00:00:00+00:00,0.02138144499843264,0.0023639000199730444,0.0005561674449039665,0.0006998243115528982,-0.0015630534304738888,0.007062376024019202,0.00011521120036593353,0.0031093465277902345,0.0011731496518926322,-0.00032576855265001054,0.001311662823701761,0.0012147061138493,0.0012438590244918226,0.017172556580801482,0.0016133600649647219,0.012709030311322993,0.001675070050423372,0.002554407317758134,0.00018626966481871026,-0.013214430009769254,-0.0013209812934617691,-0.0006508919055929294,-2.975419910455912e-08,0.0030349088769501265,-0.010859304766572283,-0.03421776093665786,0.0,0.04476101777291968,-0.005585957352504733,0.008022238169853183,-0.0007058314742490381,0.004420181996073325,0.001032608779658183,-0.037790695367852914,0.00011521120036593353,0.0001133818459792739,-0.03516410344899233,0.01222772023199258,-0.0018361234649755878,-0.00010963514278294895,0.015077085234224796
2024-11-21 00:00:00+00:00,0.04320463738221214,0.0033546671255306275,0.0010931843517993014,0.0006394805000060763,-0.0028521500618017524,0.006127906393932299,-0.003958627790123078,0.0031093465277902345,0.0011731496518926322,-0.0043987125668231075,0.0016119679628841515,0.0012147061138493,0.0012438590244918226,0.009087144814390198,-0.0007883042937423667,0.009276445672408557,0.001675070050423372,0.0026523064228811677,-0.0026809384885421064,-0.009954271778781682,-0.004947853923564783,-0.0030541862796834244,-3.229784972802463e-08,0.003146763816344489,-0.006012581685420262,-0.009624306385252747,0.0,0.004204974800692654,-0.008660957825603291,0.0074911573003293664,-0.0030992345157012345,0.004847557440705863,0.001032608779658183,-0.03355758981731121,-0.003958627790123078,-0.003965976324552605,0.004149646614804213,0.013037125154123006,-0.005115851863485824,-0.000720445934719649,0.012326555326581001
2024-11-22 00:00:00+00:00,0.0049917220950614904,0.009052919699369543,0.0010041044875430082,0.00026204057553017306,-0.0008581350724610405,0.006468674158658434,-6.573026033558377e-05,0.02621205974953387,0.0011731496518926322,-0.00047417225193394346,0.0031874181378389477,0.0012147061138493,0.0012438590244918226,0.01821940666557566,0.0043807044279806735,0.008970006531889958,0.001675070050423372,0.0023873964588148056,-0.0012424737160728699,0.0035196741433835234,-0.001176075708429292,-0.0018956041453538509,-6.52629399411353e-08,0.0029725251919980877,-0.013509220448682647,-0.018119155834496053,0.0,-0.01068652809465402,-0.004410281785194533,0.007355549853347214,-0.0019377113491838554,0.008187124532426216,0.001032608779658183,-0.030257293323187974,-6.573026033558377e-05,-6.450284129666333e-05,-0.04885475529066401,0.015705321873775907,0.003732328053184868,-0.0009106649949348622,0.016527734696865082
2024-11-23 00:00:00+00:00,-0.012404002529793345,9.807505356406257e-05,0.002130789057582987,0.0008577399547722049,-0.0029043912207464013,0.007233372739375009,-0.007547404892192589,0.0031093465277902345,0.0011731496518926322,-0.006955972666249167,0.0024412728376901937,0.0012147061138493,0.0012438590244918226,0.008642178426279271,0.0021416412023502387,0.014234962500313277,0.001675070050423372,0.003524573534130937,-0.004923846484669385,-0.006722852545735506,-0.0069778927969361805,-0.005938284509320901,-7.540359447943956e-09,0.003888682892300821,-0.006923699237071618,0.00459663482709045,0.0,0.01760749349760366,-0.009335822183985097,0.008287968748301722,-0.00592896278952436,0.0036909192544590658,0.001032608779658183,-0.01998484332747706,-0.007547404892192589,-0.007506648770534068,-0.024628201332086055,0.01475734631555993,-0.012730719410425046,0.00025353565476216033,0.014463111758232117
2024-11-24 00:00:00+00:00,0.0024162403264789134,0.0017703433311167126,0.0020976967579029327,0.001232517057802107,-0.002243903343497861,0.007805982878384316,-0.0055886141573467385,0.0031093465277902345,0.0011731496518926322,-0.004873040689619554,0.00043543458363529824,0.0012147061138493,0.0012438590244918226,0.007846085527904353,0.004504362657294146,0.01294178421729179,0.001675070050423372,0.0038373798643789314,-0.0035271560352015947,-0.010058761227529295,-0.004998567638444762,-0.0037356720589381155,1.8736891149728763e-08,0.004183647610233265,-0.005615622663792202,0.0003960366824624557,0.0,0.032240615154150234,-0.0071360636874114106,-0.0017755577570196335,-0.0037457461649330307,0.0007198564906899515,0.001032608779658183,-0.033198074468476814,-0.0055886141573467385,-0.005540522776003271,-0.03364316021939358,0.012354471629398888,0.0001955961064254079,0.00041795535635458236,0.0052838814444839954
2024-11-25 00:00:00+00:00,-0.051409637293289734,-0.0016063309701794405,0.0007051342920469364,0.0010323122650360808,-0.0025949918331748018,0.008881054470545031,-0.0072434608450971565,0.0031093465277902345,0.0011731496518926322,-0.006424921576770483,-0.0019236224267829504,0.0012147061138493,0.0012438590244918226,0.005466201060867622,0.005427960543494504,0.014975886003179973,0.001675070050423372,0.003297486707049657,-0.005197607467574484,-0.009420550666477095,-0.006278262340255927,-0.0042693730719259235,-3.6498306599241914e-09,0.003825377597779678,-0.0035815584579382263,0.004159679586901205,0.0,0.004187410672022626,-0.007635369671360269,-0.00015077640593038756,-0.004300608287733907,-0.001204519951501467,0.001032608779658183,-0.03674128210456869,-0.0072434608450971565,-0.0071905294869735546,-0.03236803314394733,0.011475081925374811,0.004258491305117633,-0.0003660287404105844,-2.090361522277817e-05
2024-11-26 00:00:00+00:00,-0.012069852534281722,-0.002320793028530149,0.0015609291388467542,0.0019161385640186674,-0.0042631696025463225,0.01087267717684538,-0.01085691971624594,0.0005817329404310492,0.0011731496518926322,-0.010532741577798568,-0.005548652244321401,0.0012147061138493,0.0012438590244918226,-0.004200307764071793,-0.0010580287893203442,0.006517983659242853,0.001675070050423372,0.004241527365380193,-0.007709424311113135,-0.008374480413670598,-0.010103626326790877,-0.0034220758400630115,7.765697240813552e-08,0.004621787927938215,-0.00212061148761766,-0.012733334288448913,0.0,0.0052561970245109755,-0.010251524132079328,-0.00280142012176446,-0.003471433843412683,-0.007967164066553368,0.001032608779658183,-0.023794136423378305,-0.01085691971624594,-0.01082434986786245,-0.01679663133337799,0.005912267225974607,0.001041081699509386,0.0005809841140447247,-0.0008841464295983315
2024-11-27 00:00:00+00:00,0.04232881330495708,-0.008950561564344118,0.0001039032804523738,0.0013697194339090792,-0.004864696329768952,0.01109687707980343,-0.011878257264098396,0.0005817329404310492,0.0011731496518926322,-0.011383486856311183,-0.005425750945535876,0.0012147061138493,0.0012438590244918226,-0.01296260545812959,-0.005513663247807034,-0.019706694817363136,0.001675070050423372,0.002797013114360425,-0.008504408557924552,-0.004564887263744538,-0.010832201856208352,-0.0038966106682451684,1.8232269027862458e-08,0.0035695592542506205,-0.002637061982956479,-0.006316325619610649,0.0,-0.0010036920184279385,-0.011266682542492253,-0.009375963006274688,-0.003994242515687349,-0.009294411717092908,0.001032608779658183,-0.01416521096869741,-0.011878257264098396,-0.011845086799304683,-0.04232394143770887,0.0043213487738859415,0.001399863998274581,0.000568382900951292,-0.012321154586970806
2024-11-28 00:00:00+00:00,-0.0032363100031336245,-0.011636779387309837,-0.0011267788963921126,0.0003754250838229657,-0.00451181893822486,0.010951635984691357,-0.010228364115734669,0.0005817329404310492,0.0011731496518926322,-0.010280870791373214,-0.006590357612812254,0.0012147061138493,0.0012438590244918226,-0.03440719509028047,-0.004323623633146433,-0.04188004792993817,0.001675070050423372,0.0014760825648973963,-0.008194672907186442,-0.0034624364204934007,-0.00995236401785671,-0.0045473357243530485,-6.393988627451108e-08,0.0025868726711895107,-0.008538225954430859,0.0031891582037000903,0.0,0.018450735486159053,-0.010989002573443617,-0.012209695088283117,-0.004645129078297221,-0.01054031165393268,0.001032608779658183,-0.030099086933272977,-0.010228364115734669,-0.010219178551987855,-0.01464182719328156,0.007683034901878309,0.0029780029638730885,-0.0004208337502724646,-0.03329680860042572
2024-11-29 00:00:00+00:00,0.018736162907208254,-0.007778182931524315,0.0015632864071643744,0.0010122798647794235,-0.0046324389954626065,0.009370435008118195,-0.010700007771914679,0.0005817329404310492,0.0011731496518926322,-0.010460308918218718,-0.006399806219290644,0.0012147061138493,0.0012438590244918226,-0.03741065870125258,-0.007960496528206271,-0.04176538041462393,0.001675070050423372,0.002742746453707312,-0.00676382490761958,-0.006359342127413286,-0.010297510706058072,-0.005182545588080333,4.8885215875316135e-09,0.0035913436152501532,-0.0059677758076220715,0.019976202993762793,0.0,-0.005826884349508555,-0.011849032399076073,-0.009337215593590367,-0.005196097626895172,-0.008459639689027031,0.001032608779658183,-0.031077355114979242,-0.010700007771914679,-0.010675370738003427,-0.02917138936157012,0.006716859989840943,-0.004695307008521759,-0.00035182319099646975,-0.03730569779872894
2024-11-30 00:00:00+00:00,-0.010442730465097583,-0.0015577859103625123,0.0013842413519458453,0.0007264178821902837,-0.004003198316004175,0.009054020981155113,-0.00750300969419546,0.0005817329404310492,0.0011731496518926322,-0.007843293143205001,-0.004663093806488992,0.0012147061138493,0.0012438590244918226,0.0006506009751785223,-0.005974326532161421,0.0030386294268312463,0.001675070050423372,0.002231883567768378,-0.005708263859464071,-0.0006709206022263003,-0.007891050124425885,-0.003818238800029859,-2.830195811043268e-08,0.003223887481093257,-0.005510561345493973,0.02005996548434911,0.0,0.018983970492475372,-0.010157392539143988,-0.008888969078310069,-0.0038906216192621784,-0.004795465789680586,0.001032608779658183,-0.0228311681103679,-0.00750300969419546,-0.007508868257451895,-0.0019558583300696643,0.0077797419765807,0.003151276808645524,-0.0005418813115127818,-0.00048651525867171586
2024-12-01 00:00:00+00:00,0.008576311620290156,-0.0015577859103625123,0.0013873450342371954,0.0011816030022775913,-0.003598280078289419,0.009853455831016353,-0.007496731153074056,0.0005817329404310492,0.0011731496518926322,-0.007552233855543668,-0.004652681119146115,0.0012147061138493,0.0012438590244918226,0.000668666390058418,-0.0042242819337543185,-4.1403662476302985e-05,0.001675070050423372,0.0029178654898274203,-0.005290363879564573,-0.0005214572601863733,-0.0075617291191391435,-0.0034629996888661902,1.5774254791267595e-08,0.0037892361725653245,-0.003976001047211651,0.012066539327042963,0.0,-0.002611937842722181,-0.009181267033253677,-0.006964185242359777,-0.0034983969873317766,-0.003956600202215401,0.001032608779658183,-0.01679349736279033,-0.007496731153074056,-0.007485435314021745,0.029468746754682047,0.006167562931010015,0.0022481177422547386,0.0005353399985068563,-0.004321200307458639
2024-12-02 00:00:00+00:00,-0.01464711979836153,-0.006520254338998085,0.0009237758847909047,0.000921198593504036,-0.004052783829000434,0.00742522219228413,-0.010463982726224598,0.0005817329404310492,0.0011731496518926322,-0.009780632683923169,-0.004181196909986309,0.0012147061138493,0.0012438590244918226,-0.004332158837508963,-0.004192416774728713,-0.006697196595957434,0.001675070050423372,0.0023599400430907025,-0.007126599078010701,-0.0009757287684401345,-0.009318044091794533,-0.005313963318487129,-1.2954949113463954e-08,0.0033935718451729713,-0.003362708758768144,0.010044695590118129,0.0,-0.0030515255433762466,-0.010248662181068941,-0.010639136702897891,-0.005347813824224675,-0.004183649303438894,0.001032608779658183,-0.019230007822018426,-0.010463982726224598,-0.010427718766749212,-0.021676017848510025,0.006380335464543593,0.0027759609082112532,0.00012623775820230776,-0.004543023649603128
2024-12-03 00:00:00+00:00,0.0014266034685608275,-0.0019214594123248226,0.001103402308783676,0.0012790406978864443,-0.0026753406170193107,0.006736192355497222,-0.007619001085372105,0.0005817329404310492,0.0011731496518926322,-0.0070011040322742165,-0.00423700206014853,0.0012147061138493,0.0012438590244918226,-0.0024426285431670635,0.00030271798300096663,-0.0068899573973009495,0.001675070050423372,0.0028114328896737817,-0.005371185502347907,-0.005092194846991497,-0.00675176263447303,-0.003257427952454172,2.212522964839536e-08,0.0037804832820675927,-0.001397192750548254,0.025013596717011994,0.0,0.010492516348501901,-0.007018073027869215,-0.0069013366868664276,-0.003265306121099557,-0.0033079193171500062,0.001032608779658183,-0.011857634063467655,-0.007619001085372105,-0.007572289294152719,0.005583026138392974,0.004520039363929717,0.005811242471584266,-0.00014872201275473174,-0.003910919651389122
2024-12-04 00:00:00+00:00,0.028408310872006126,-0.009274810906757275,0.0007501168404659965,0.001055338543979058,-0.0038131946316176026,0.006883023344981216,-0.012651339467630359,0.0005817329404310492,0.0011731496518926322,-0.011352344738530556,-0.00403164871642327,0.0012147061138493,0.0012438590244918226,-0.00460069285981051,-0.00014585433783329644,-0.008713229005806213,0.001675070050423372,0.0022595966513101473,-0.00854766234280498,-0.0036609890457219196,-0.010450227031081338,-0.005628995812913766,-2.1549269035858742e-09,0.0033897974399454966,-3.1559061744627654e-05,-0.016737541599805884,0.0,0.008838353277778807,-0.009603631660289644,-0.003254172208094376,-0.005633597763368225,-0.0037994931729665076,0.001032608779658183,-0.011671089518853718,-0.012651339467630359,-0.012580676222873564,-0.029905576125769107,0.004246111649206496,0.0059668743579232835,-0.00027211833202400726,-0.0028887870721518993
2024-12-05 00:00:00+00:00,-0.022266865312221995,-0.0016063309701794405,0.0001412957770037741,0.0005685562996988038,-0.004847795023252314,0.00732957866339045,-0.014584025407238688,0.0005817329404310492,0.0011731496518926322,-0.013474483136629158,-0.004558213428951674,0.0012147061138493,0.0012438590244918226,-0.008658775619903383,-0.0018340891683564686,-0.015307754415903617,0.001675070050423372,0.0016642941355655694,-0.009829491117209137,-0.005374385392450474,-0.012534736901724053,-0.007969591573601553,-4.291226041175378e-08,0.002954508896628738,0.000178986712841774,-0.018667784698392923,0.0,0.007789805095833291,-0.01252345048426116,-0.009656886546101383,-0.00797741307338332,-0.005167960823049238,0.001032608779658183,-0.030604194015408877,-0.014584025407238688,-0.014525799539847029,-0.004681201110866768,0.006383103483678207,0.001098644573323468,-7.513945403481159e-05,-0.005001144949346781
2024-12-06 00:00:00+00:00,0.03386480176780893,-0.00515569085062688,0.0018807170644085768,0.0013603853271984933,-0.004049166820896637,0.005619447975389869,-0.0094127122844706,0.0005817329404310492,0.0011731496518926322,-0.009654406187595506,-0.00554626082779492,0.0012147061138493,0.0012438590244918226,-0.030481528553968275,-0.0012045881568339412,-0.036291225578961146,0.001675070050423372,0.002889796752720386,-0.007708102393392598,-0.0016456695284495916,-0.009418548230631854,-0.004438796682757072,3.363521372534706e-08,0.003928571934457281,-0.001836077765917289,-0.03049132083065558,0.0,0.0017390280932781778,-0.010051466474571353,-0.012157637171035619,-0.004496004778868109,-0.008706798226822628,0.001032608779658183,-0.016381863799279847,-0.0094127122844706,-0.009401368595592258,0.012328643497636566,0.0038485516993855265,0.0012755712663867825,0.000581415335334512,-0.0339898020029068
2024-12-07 00:00:00+00:00,2.6270484823953666e-05,-0.011930457768085694,0.00045366672510155836,0.0005173943765986744,-0.00460657121550329,0.0020720212486296475,-0.010465369467691964,0.0005817329404310492,0.0011731496518926322,-0.010703975951701923,-0.005183106107405824,0.0012147061138493,0.0012438590244918226,-0.02849355417724451,7.342377254572886e-05,-0.029173544513195003,0.001675070050423372,0.001499637647118135,-0.00948346731102071,-0.005523404773679187,-0.0102683942872871,-0.006196669613234823,-5.115452417214783e-08,0.0028781667877897377,-0.0038587251047935696,-0.021574290553577107,0.0,0.002379711421568974,-0.01140751642598387,-0.013390846277288197,-0.006321579077995033,-0.010264630749920775,0.001032608779658183,-0.030212305910791132,-0.010465369467691964,-0.010465084510725786,0.0323653981177199,0.00650336840069688,0.003156218454348646,-0.0008829564151984215,-0.02602715976536274
2024-12-08 00:00:00+00:00,0.013051327819740166,-0.003664039624525061,0.001125641269547552,0.0009762322776003113,-0.0035926876195795827,0.002638680938160616,-0.007517164802961217,0.0005817329404310492,0.0011731496518926322,-0.008113837916321746,-0.004569733111887328,0.0012147061138493,0.0012438590244918226,-0.014176487896294486,0.0020181065769478094,-0.015926635838809863,0.001675070050423372,0.002441999553854046,-0.007449906637242416,-0.006540870704809466,-0.008089232889331922,-0.00460292015790735,-3.9760195136295806e-11,0.003629009850058651,-0.005643202567896681,0.0033229894078190512,0.0,-0.001344710837967228,-0.009305495143801596,-0.01091675858612997,-0.004688551010183633,-0.0073734046515097846,0.001032608779658183,-0.02153856878281135,-0.007517164802961217,-0.007521272858858152,0.024550013507091035,0.005930136087943446,0.0009171161553935357,-0.00027473107281927867,-0.01455803494900465
2024-12-09 00:00:00+00:00,-0.038292503466212935,-0.0018107484291612118,0.001372639475869663,0.000817751930473784,-0.004186537370690679,0.0003649797914950457,-0.009176965746597043,0.0005817329404310492,0.0011731496518926322,-0.009615821620582124,-0.004686239394241245,0.0012147061138493,0.0012438590244918226,-0.013014220898456719,0.00281863197844991,-0.0059098199500188155,0.001675070050423372,0.0021404085946983287,-0.008913357527258605,-0.0026223064562526533,-0.00937161756939724,-0.005838984264304148,-1.971472229911342e-08,0.0034186205963315786,-0.006861677098324505,0.002363993157106162,0.0,0.0009616823590411866,-0.010667503882736065,-0.007537180142259083,-0.00595783232102694,-0.008317466634650904,0.001032608779658183,-0.03204654127826114,-0.009176965746597043,-0.009180670138183784,0.011990253143030998,0.006559751634175615,0.0022667006576223146,0.00014386355442219667,-0.010430758818984032
2024-12-10 00:00:00+00:00,-0.007802793553988607,-0.002320793028530149,0.0018110558994213757,0.0016652084417381884,-0.0038755166847936626,0.001419133931377892,-0.009840473621050585,0.0005817329404310492,0.0011731496518926322,-0.00966982311907192,-0.005546950720802576,0.0012147061138493,0.0012438590244918226,-0.014363051024010136,0.0006264053549085468,-0.009111952910454373,0.001675070050423372,0.0032003383213119463,-0.00859949345308039,-0.0023298958295952556,-0.009318160205068331,-0.004605709245103174,5.784282386400719e-08,0.004274285386005161,-0.006695411032358286,-0.011629304356634888,0.0,-0.006488544837792685,-0.009443231194691966,-0.010422393832052963,-0.004688566167738682,-0.00784618516078857,0.001032608779658183,-0.02475967964621517,-0.009840473621050585,-0.009811972235110565,0.028740215926918774,0.002592013331800096,0.003202566653769653,0.0008616666965401976,-0.016801591962575912
2024-12-11 00:00:00+00:00,0.04547294957076353,-0.01351891172319721,0.0005176042703384011,0.001263642490793654,-0.004536568527054881,0.0007392516597274247,-0.012628346890413644,0.0005817329404310492,0.0011731496518926322,-0.01186384373715018,-0.005452421429106662,0.0012147061138493,0.0012438590244918226,-0.015816095539008684,-0.0038545064502171155,-0.01995483376558269,0.001675070050423372,0.0021110097915002513,-0.010697283429795016,-0.012367384126160265,-0.01108484342451345,-0.005921844306767344,1.1786619680265176e-08,0.0034716789221409527,-0.008219004215508254,-0.017234464274060807,0.0,0.0033422982148602885,-0.010616248826536697,-0.013528629979729704,-0.006040896419223573,-0.008582483899490583,0.001032608779658183,-0.022253895240135727,-0.012628346890413644,-0.01258079201222756,-0.007036843276983187,0.0016722368602818526,0.005184426831921144,-0.00018604896770213486,-0.014390751719474792
2024-12-12 00:00:00+00:00,-0.011232138149603443,-0.004506987995811487,-0.000823004125749999,0.00030790188939131186,-0.004909854268945775,0.0012458018571240286,-0.013155962259620985,0.0005817329404310492,0.0011731496518926322,-0.012789476200610796,-0.005879105742767048,0.0012147061138493,0.0012438590244918226,-0.021044121580000786,-0.0016823177262750622,-0.018811506439088632,0.001675070050423372,0.0008926133263855718,-0.011738091091454914,-0.003923679688107099,-0.01199858683222638,-0.007597113932243725,-6.868928004166719e-08,0.0025488638702704236,-0.01237184464351133,-0.008888529602825969,0.0,-0.007989722635932709,-0.011975318779942543,-0.013444461031353874,-0.0077201044177966725,-0.009678704432115687,0.001032608779658183,-0.03326385286467979,-0.013155962259620985,-0.013129634963818746,0.014256231481711202,0.0055463695054265,0.0004468915275900394,-0.0009737934280149574,-0.01988273859024048
2024-12-13 00:00:00+00:00,0.014057223467368374,-0.007471695750240169,0.0018507486832442792,0.0011384724465479117,-0.0035251060442378296,0.001573466410253275,-0.008978566728034706,0.0005817329404310492,0.0011731496518926322,-0.008981870333774625,-0.005127667317424309,0.0012147061138493,0.0012438590244918226,-0.004172382300982797,0.001313965118732305,-0.004085612065851259,0.001675070050423372,0.0024317616626792216,-0.00778390619356443,-0.005719444701071643,-0.008727807734444284,-0.004216795945738567,1.6966636096071852e-08,0.0037507212809124724,-0.010919277389081829,-0.028732622068252056,0.0,-0.0023277229388565636,-0.008881284710126482,0.0006485877398256326,-0.0042647904593553125,-0.007574216488420481,0.001032608779658183,-0.0165493145061079,-0.008978566728034706,-0.008955719818965023,-0.01453222271340262,0.0040619175488554385,-0.0028924809270710465,0.0004480289480053301,-0.015596892684698105
2024-12-14 00:00:00+00:00,-0.000850841788489376,-0.009498657543933857,0.0013656308093530976,0.000822628325560022,-0.005154620497623523,0.0005453593320960744,-0.013016425177423383,0.0005817329404310492,0.0011731496518926322,-0.012704982173432994,-0.005331767798946916,0.0012147061138493,0.0012438590244918226,-0.010662288308666912,-0.001928168328371491,-0.020170317498371188,0.001675070050423372,0.0017855938293429574,-0.01016873572340355,-0.004051629875797026,-0.01202936352321977,-0.006724040039517532,-2.1234153990690174e-08,0.003268596794940848,-0.008815518914466133,-0.014122152680572122,0.0,0.012087640194953923,-0.012665985747368543,-0.0038478563754181148,-0.006807498384467134,-0.009091993652164003,0.001032608779658183,-0.031348921492246884,-0.013016425177423383,-0.01299390696029561,0.006867705238653142,0.0049457652217406965,-0.0030392155445029567,5.035739454406496e-05,-0.010903586633503437
2024-12-15 00:00:00+00:00,0.028452377691735364,-0.0019214594123248226,0.0009647663819382296,0.0010322737154861339,-0.004199304890905915,0.00033983315276625266,-0.009708241493385377,0.0005817329404310492,0.0011731496518926322,-0.009730124413511447,-0.00447313595938317,0.0012147061138493,0.0012438590244918226,-0.0015071953481460643,-0.0010633380903486683,-0.00469439016354662,0.001675070050423372,0.002153696598576005,-0.007790166537537481,-0.0008964723865403536,-0.00946395490440063,-0.004794172199815135,1.2852101605176358e-09,0.003574710888075927,-0.007292333336499271,-0.031031830770285387,0.0,-0.0016221707804833785,-0.010501567411030912,-0.0018496792007592243,-0.004857438594920313,-0.006752288814494056,0.001032608779658183,-0.024407003133819195,-0.009708241493385377,-0.009693800023182934,-0.002447280554055005,0.004432726289928516,-0.0021972606496070335,-0.00027846263030717466,-0.003124032635241747
2024-12-16 00:00:00+00:00,0.016460567447824204,-0.001313416746575291,0.0006855848733249777,0.0005646974294094087,-0.004459397570063057,0.0026726877899959428,-0.01061492146709491,0.0005817329404310492,0.0011731496518926322,-0.01054066184398314,-0.0051533635214142575,0.0012147061138493,0.0012438590244918226,-0.006755767841317961,-0.0001705366012872344,-0.0013531149168226095,0.001675070050423372,0.0015195260865450422,-0.008831039097259411,-0.0026152894901752635,-0.01011833409951778,-0.006107509275413354,-4.2978820502526105e-08,0.0030998293303650115,-0.009402031357197319,-0.013856771584148888,0.0,-0.007095853218420569,-0.011294400835539516,-0.003157960840189084,-0.0061890698555886955,-0.008391769412645458,0.001032608779658183,-0.030207024598202736,-0.01061492146709491,-0.010602118594918464,-0.012521215792377662,0.00655710894003022,-0.0026588700319460723,-0.0007213448859033633,-0.00928365159779787
2024-12-17 00:00:00+00:00,0.0010452246283243483,-0.001883330434000101,0.001178085164414873,0.0007045135682025806,-0.002798660087717632,0.0006598480867634827,-0.007231502332521585,0.02621205974953387,0.0011731496518926322,-0.0071775117029189,-0.004065592019572964,0.0012147061138493,0.0012438590244918226,0.004646357804095106,0.005204312754729072,-0.0062825652166317355,0.001675070050423372,0.002001534644062275,-0.006666813643018455,-0.005766391720411609,-0.0070250145613556724,-0.004481637574592046,-2.4864624137421742e-08,0.003485084674373695,-0.011121953763754449,0.0026497187455915413,0.0,1.4054382885248353e-05,-0.007888339336329066,0.00027515216019937316,-0.004520935874758645,-0.0035516398582877487,0.001032608779658183,-0.01737188510542457,-0.007231502332521585,-0.007208510607951938,0.017583825018444382,0.007432832174901644,-0.0017771694467974431,-2.704955866406067e-06,-0.008752330206334591
2024-12-18 00:00:00+00:00,-0.05917915465405699,-0.0016063309701794405,0.0017991305445423948,0.0009842457306743285,-0.0037163695712924185,0.0010644256051846903,-0.011468318647842504,0.0031093465277902345,0.0011731496518926322,-0.010719507045756988,-0.004068121202729118,0.0012147061138493,0.0012438590244918226,-0.007367623051492584,0.004568921469789953,-0.002697094343864689,0.001675070050423372,0.002433824409877161,-0.008801609275379705,-0.0066721033047278,-0.010066241478969788,-0.006114752704499417,-1.5789041185598762e-09,0.003837900599073407,-0.009414579031155338,-0.0052851702071335365,0.0,-0.022119814018155198,-0.010011323109458292,-0.00016327878773174107,-0.006130728100868182,-0.004523797270889687,0.001032608779658183,-0.023267023383656424,-0.011468318647842504,-0.01141798804047161,-0.030270228665088272,0.006867515806130586,-0.0034527861823580417,0.00024284430537946378,-0.004926297347992659
2024-12-19 00:00:00+00:00,-0.025825905120145265,-0.00286667063600136,0.002259441462894918,0.002041127638269749,-0.006017401803633084,0.0038273850394677615,-0.015130822714973582,0.0005817329404310492,0.0011731496518926322,-0.014525509636955248,-0.005759842092585402,0.0012147061138493,0.0012438590244918226,-0.0150843659302934,-0.004301865892948601,-0.019939620780011425,0.001675070050423372,0.0035437497804320373,-0.009773947460275687,-0.007369100012732363,-0.013815788921865059,-0.0058444773028640705,8.939324303014473e-08,0.0047365084675004,-0.0039654182978248066,0.0001614617393320201,0.0,-0.0063486727440067985,-0.01421507228708842,0.0016136992819887354,-0.005881909970514762,-0.009052156436192994,0.001032608779658183,-0.019830230180561882,-0.015130822714973582,-0.015090434717805303,-0.013391996020324197,0.0010250081174186976,-0.007180786442959903,0.0006717772242783582,-0.014640976674854755
2024-12-20 00:00:00+00:00,0.002714273553184654,-0.008191386891016752,0.0001507732188070367,0.001619371583478554,-0.0049885190516091,0.003837773245909393,-0.011038429759543077,0.0005817329404310492,0.0011731496518926322,-0.010687148001695172,-0.0051864164984925945,0.0012147061138493,0.0012438590244918226,-0.0050244413857056126,-0.005779281730943409,-0.006544477529766911,0.001675070050423372,0.002155491020770839,-0.007673832678155329,-0.010351242596503848,-0.010313335162608104,-0.003053806517247672,3.9011531782762177e-08,0.0037108324917003443,-0.0018418205084312568,-0.019739195121730287,0.0,-0.013503394398351477,-0.011149928653241496,-0.009248972292698558,-0.003153620792784073,-0.0076552960054993725,0.001032608779658183,-0.001519887930222081,-0.011038429759543077,-0.011009017473026175,-0.0452259323083491,-0.0013504067325528538,0.004933624089535901,0.0001982005455136715,-0.004865605849772692
2024-12-21 00:00:00+00:00,-0.005448791172121048,-0.013527478797933142,-0.0008951421842497375,0.0010794844332569305,-0.005469767683072528,0.005072359794139267,-0.012133301532878754,0.0005817329404310492,0.0011731496518926322,-0.012059794311760894,-0.004987969283849416,0.0012147061138493,0.0012438590244918226,-0.010251880673668832,-0.0046400380225199486,-0.01018862798732283,0.001675070050423372,0.0012025633817991377,-0.008970904528196787,-0.006801930515264951,-0.011638775525665057,-0.0041969224531220335,-4.099995010165003e-09,0.00300358891469088,-0.004752638371040289,-0.00810560664876143,0.0,-0.013604327053432222,-0.012364002209010506,-0.010786664539911778,-0.004300795844936153,-0.010235198212529929,0.001032608779658183,-0.012895507940315914,-0.012133301532878754,-0.012114290254508326,0.005372868423985794,-0.0009911574120825672,0.0021160980037906564,0.00024180542989427067,-0.01825125887989998
2024-12-22 00:00:00+00:00,-0.02204418038201439,-0.0022652798045441264,0.000511221703404527,0.0011447498886198529,-0.004925117664473085,0.005933742829076626,-0.0102618715432511,0.0005817329404310492,0.0011731496518926322,-0.01045059939082403,-0.0044761306622326975,0.0012147061138493,0.0012438590244918226,-0.0038783707816407932,-0.0025922677972659495,0.0030623562195633116,0.001675070050423372,0.001322732052248199,-0.007721591600957468,-0.0046783958117098,-0.010273449017005585,-0.0032653343837547215,8.230681913801163e-09,0.0031082982738865894,-0.0037088507229691985,-0.0160642827620236,0.0,-0.017496946166962984,-0.01115548626142948,-0.0053039823051245355,-0.0033536360885845816,-0.007949646716278175,0.001032608779658183,-0.01599380537644768,-0.0102618715432511,-0.010249408574668918,-0.0010935525997984898,-0.001385756367326963,-0.00044824858429854146,0.00031124503184898344,-0.004941191058605909
2024-12-23 00:00:00+00:00,-0.004412175449120426,-0.005352211680094324,0.0012144696887870057,0.0014343885101716074,-0.005765466146006623,0.003259139034564676,-0.011037516062796952,0.0005817329404310492,0.0011731496518926322,-0.011413014686640882,-0.004817801876311094,0.0012147061138493,0.0012438590244918226,-0.008327747441342574,-0.005242664660326248,-0.003522023064420123,0.001675070050423372,0.0015432513431630213,-0.007682207352365281,-0.00514931524849713,-0.011310334933642384,-0.003607399534918356,3.32989138485118e-08,0.0032902054296428673,0.0003556748560891893,0.0029090528947220357,0.0,-0.006646122258534377,-0.012948867198560242,-0.011328136926902361,-0.003706012094206434,-0.009928685840162889,0.001032608779658183,-0.018007206919034333,-0.011037516062796952,-0.011035771131125046,-0.02338656631943904,-0.0032134095063391555,-0.001645022532446169,7.818703353912326e-05,-0.009593174792826176
2024-12-24 00:00:00+00:00,0.0412739940682787,-0.013727624569497771,0.00040962575539954874,0.0011751111644951516,-0.005268489028841133,0.0032098050191769465,-0.0098090428367556,0.0005817329404310492,0.0011731496518926322,-0.009910131907934772,-0.00525921720201906,0.0012147061138493,0.0012438590244918226,-0.026986529165921456,-0.007554452090106014,-0.03273435949700761,0.001675070050423372,0.0009123849083483293,-0.006461840452042495,-0.006666282525148973,-0.009889569560745867,-0.003576273329488267,6.664874874218185e-09,0.0028125898399267157,0.002002460299834699,-0.02099388521455978,0.0,-0.0007704096202835152,-0.011962037098883169,-0.017828731337305514,-0.003666664792601403,-0.010686840532920773,0.001032608779658183,-0.015288504959155161,-0.0098090428367556,-0.009799136945722807,0.009105690488519603,-0.0033197426371107887,0.002079987119075679,-0.0001380980484118055,-0.028187699615955353
2024-12-25 00:00:00+00:00,0.006294761562736895,-0.003219437839705839,-0.0003480555995771849,0.00036700770962328475,-0.004530984172737027,0.003249567788289788,-0.009780472894946886,0.0005817329404310492,0.0011731496518926322,-0.009444257804686707,-0.005496762905098857,0.0012147061138493,0.0012438590244918226,-0.02279183746406266,-0.0050984604069740525,-0.0237381649018513,0.001675070050423372,-6.861181315009901e-05,-0.006928800529626336,-0.0052946443055864705,-0.009205062184414721,-0.0051488721181309335,-6.234654215120372e-08,0.0020468911783151356,-0.0019376801369820943,-0.019581271060205043,0.0,-0.015309251628784049,-0.010728932093258087,-0.018294421187658533,-0.005215357722389755,-0.008583933864383499,0.001032608779658183,-0.018286267441356488,-0.009780472894946886,-0.009757291217394064,0.00137459109348087,0.0006245375956433434,0.0017138148932580508,-0.00037843521658231793,-0.023450622335076332
2024-12-26 00:00:00+00:00,-0.03592159329680378,-0.004496266454247714,0.0015379929319214638,0.0008498576376905869,-0.002861977632409046,0.00317656053364093,-0.006269576170118908,0.0005817329404310492,0.0011731496518926322,-0.006381045869423295,-0.0036106420419074253,0.0012147061138493,0.0012438590244918226,-0.005841827690911604,0.001141848370619681,-0.004592925168810396,0.001675070050423372,0.0010420104422177445,-0.00520275242947661,0.00436776526780445,-0.00638737457253865,-0.0033566184849793262,-9.50866407833928e-09,0.0028914952554703888,0.0008226575917232664,-0.006380442326910329,0.0,-0.010289543599241788,-0.007236757538101567,-0.0072921443085697925,-0.003380614877649333,-0.004368004116268289,0.001032608779658183,-0.004102846452348246,-0.006269576170118908,-0.00625255360283105,0.015199113133916364,0.0011258065987108407,0.0006646232130859629,7.728412136920326e-05,-0.005398039240390062
2024-12-27 00:00:00+00:00,-0.01716880486495498,-0.001883330434000101,0.002483168720798073,0.00162942103020088,-0.004163894372173161,0.0015822328130914464,-0.012064186830527637,0.0005817329404310492,0.0011731496518926322,-0.011117330661371955,-0.003540511866601587,0.0012147061138493,0.0012438590244918226,0.0022324675216087784,-0.0011820743196955608,0.009437178059312793,0.001675070050423372,0.0019284975939974913,-0.0079348556846367,0.0012876461312545287,-0.01039909459335202,-0.004919529185752076,5.426145399667348e-08,0.0035808806605341914,0.004723052829870055,-0.0108536012786523,0.0,0.004420049736860122,-0.009779518245517533,-0.0016991668704851705,-0.004924186182882623,-0.0037716576286352752,0.001032608779658183,-0.002569879688823726,-0.012064186830527637,-0.012006588541748417,-0.010854443038945066,-0.0021515468379117936,0.0027981608748289272,0.0002908857075087923,0.006021427921950817
2024-12-28 00:00:00+00:00,0.010553910906912378,-0.01066691373605264,0.0005854472093382037,0.0014173050232932584,-0.0052417568559239985,0.0031223656293755163,-0.014846348004612743,0.0005817329404310492,0.0011731496518926322,-0.013659225160807677,-0.0030370757894157365,0.0012147061138493,0.0012438590244918226,-0.00656218369445387,-0.006770050352338356,-0.0012698641581718952,0.001675070050423372,0.001128360663807726,-0.009161917944635688,0.0018138287606646152,-0.01263016133518215,-0.005579160613791024,2.593447057108733e-08,0.002978377210730798,0.005883800420449236,-0.0031076639762918586,0.0,0.016305654360863533,-0.011961217354109412,-0.00040568675996061515,-0.005597411022044285,-0.003975147917002297,0.001032608779658183,0.011353656902152728,-0.014846348004612743,-0.014786387611812285,0.013635032074270774,-0.0034802060147249895,0.004347849874521014,0.00011530599943831987,-0.003103177295997739
2024-12-29 00:00:00+00:00,-0.01731631736860173,-0.011127848671397789,-0.0003727204237305472,0.0009195471694652092,-0.004791246689478251,0.003865049823976242,-0.01365678356298753,0.0005817329404310492,0.0011731496518926322,-0.01261480392079024,-0.0033337116516126385,0.0012147061138493,0.0012438590244918226,-0.0013832895828391944,-0.006896422100491104,-0.007997795549548289,0.001675070050423372,0.0003393938832338961,-0.008337140285626208,-0.001341005534952223,-0.011706080817994732,-0.005293183710874485,-1.594220222500553e-08,0.002372984613208118,0.003216621328287403,-0.014051626529750278,0.0,-0.006734623981096572,-0.011197894134943848,-0.0015515614625303804,-0.005293350210127652,-0.003993767655131967,0.001032608779658183,0.007857655575823717,-0.01365678356298753,-0.013602126197344126,-0.016748302521467,-0.002239102003445127,0.00332299824578037,0.00012259412428683447,-0.0005501250852830708
2024-12-30 00:00:00+00:00,-0.009528989191728954,0.002592315485307473,0.00105032779057624,0.001323986323672174,-0.0044707073188281835,0.00022048395664565424,-0.011997838835881892,0.0005817329404310492,0.0011731496518926322,-0.011540912975399019,-0.002822164182611875,0.0012147061138493,0.0012438590244918226,0.004952923989404367,-0.005946888755894834,0.005325865297007741,0.001675070050423372,0.0009611214114659816,-0.007428253524142394,0.0028644970377004197,-0.010876803512176736,-0.003742193384235264,2.6157190191611335e-08,0.0028508208662856305,0.0017495165929863664,-0.010055836723396059,0.0,0.0010618580584229097,-0.010343537495093535,0.0009428742214603413,-0.0037356370928623584,-0.0013645525124969286,0.001032608779658183,0.005406369054008093,-0.011997838835881892,-0.011961541266367686,0.002130665424794141,-0.0035730647557555956,0.001495734066082737,0.0004313138281730744,0.009685341268777847
2024-12-31 00:00:00+00:00,0.008448290052871954,-0.002320793028530149,0.0009222890586183095,0.001246797097124815,-0.005120870529880979,0.0011811173962562138,-0.013079234910117213,0.0005817329404310492,0.0011731496518926322,-0.012817720343255127,-0.0024300907974392715,0.0012147061138493,0.0012438590244918226,0.0013896690201067984,-0.007847472307669261,0.006496497068248942,0.001675070050423372,0.0006045293018779319,-0.008484171791573977,0.004593162345005398,-0.01204796933825062,-0.004083930840806572,1.439408237047246e-08,0.002573311069918205,-0.003337819360046523,-0.025377097369408835,0.0,0.0018013105773840327,-0.011667602178243591,-0.001422227146195035,-0.0041135846246894165,-0.000829291077303493,0.001032608779658183,0.013153073081771993,-0.013079234910117213,-0.013055749263716648,0.021083302217899325,-0.004100196241074111,0.0032370953069839952,-0.00011543626257370931,0.005698388908058405
2025-01-01 00:00:00+00:00,0.010546386456946166,-0.002264023185987127,0.00020176805484327614,0.0009321645375483796,-0.0058605516227697284,-0.0017802865349543224,-0.012868930240119376,0.0005817329404310492,0.0011731496518926322,-0.013123546006591456,-0.0038239102958936917,0.0012147061138493,0.0012438590244918226,-0.011360565063305263,-0.010584669894590842,-0.01213386676241562,0.001675070050423372,0.00011995259119501611,-0.008172433834422623,-0.006428414016600698,-0.012633599640058031,-0.005267832109976276,-1.2761567802499485e-08,0.0021915526415448028,-0.010376482165517831,-0.02153519770596386,0.0,0.0002556957934658626,-0.013890170584541187,-0.005439748163779662,-0.005312345708511624,-0.004032083517330349,0.001032608779658183,-0.0017410293601783696,-0.012868930240119376,-0.012870566175861688,-0.00733284491267488,-0.0029905049049219735,-0.0010124538815054285,-0.00028780631419422775,-0.006438641808927059
2025-01-02 00:00:00+00:00,0.025793710693546856,-0.0018107484291612118,0.0006924770462854503,0.0008541928658214739,-0.004549147145781797,-0.0030841244941542706,-0.009563338894700263,0.0005817329404310492,0.0011731496518926322,-0.009827191390791561,-0.0036567063601572114,0.0012147061138493,0.0012438590244918226,-0.008146277090375001,-0.011383932043248939,-0.012737553933412556,0.001675070050423372,0.000155395626718402,-0.006052450419599764,0.0016717140222646438,-0.009652934727468991,-0.004369148060342806,-1.593089393736591e-08,0.0022036287575417646,-0.01217956316679649,-0.007403284863289049,0.0,-0.009878937765631191,-0.0113074423510474,-0.010700535341269468,-0.004391404630964219,-0.004863777948361798,0.001032608779658183,-0.006730642194113555,-0.009563338894700263,-0.009564211198005311,-0.009124020638029423,-0.001793383388168827,-0.00035818094291666146,9.340765644871851e-05,-0.014714698307216167
2025-01-03 00:00:00+00:00,0.01251903875349214,-0.001883330434000101,0.0008470397591154601,0.000585651367752321,-0.0031305438900216913,-0.004922418267911361,-0.007421760916088436,0.0005817329404310492,0.0011731496518926322,-0.007468768977555257,-0.0035062825522827784,0.0012147061138493,0.0012438590244918226,-0.009407696025936448,-0.007593195628938523,-0.0156147653443224,0.001675070050423372,-2.500901070767725e-05,-0.0054821492435483034,-0.00340907945639107,-0.0073059197367571676,-0.004288170845214303,-3.896279032744587e-08,0.0020431251930030925,-0.012364396247083756,-0.006722703875313709,0.0,-0.0015387813154742712,-0.008457932859673861,-0.009881030331926312,-0.004304214696578488,-0.0034432993569356502,0.001032608779658183,-0.011613410222236885,-0.007421760916088436,-0.007410461000711516,0.01679304108146546,0.0006465603288584937,0.003733713143075975,-0.0002569978123254657,-0.014997893944382668
2025-01-04 00:00:00+00:00,0.0013119537033574602,-0.0020673762306904504,0.001425619590338547,0.0007740409044434038,-0.003418297500527097,-0.0038835223086811327,-0.009917447539579419,0.0005817329404310492,0.0011731496518926322,-0.00959964289776747,-0.003531039304489357,0.0012147061138493,0.0012438590244918226,-0.013696439124338293,-0.006926246220632946,-0.014651168201119152,0.001675070050423372,0.0005157990143658253,-0.007319468043144697,0.004661591301936266,-0.009118130634746553,-0.006164059840986111,-1.891072898274615e-08,0.002441724322729044,-0.013679016013848612,-0.012593154088035434,0.0,0.009199534377386902,-0.009492186663176156,-0.006132642671768224,-0.006160337852793081,-0.004052287862610817,0.001032608779658183,-0.0164657913675575,-0.009917447539579419,-0.009889581530687435,0.0037067253892379423,0.0016964548347232862,0.0013080270299955753,-0.000482364792388168,-0.015264845453202724
2025-01-05 00:00:00+00:00,0.0008011590284731085,-0.0010888231375701242,0.0016596217571147327,0.000989116527839201,-0.00419983864389232,-0.00297109275729197,-0.012244432552986472,0.0005817329404310492,0.0011731496518926322,-0.011698149823511545,-0.003692291432338394,0.0012147061138493,0.0012438590244918226,-0.014454154645052045,-0.007781388481822625,-0.010842153450466206,0.001675070050423372,0.0008724505850086217,-0.008744613393725748,-3.158523038175682e-05,-0.011002677769681824,-0.007481822299919586,-1.9818049423747652e-09,0.002706474751187571,-0.015604521067739248,-0.007589000103731125,0.0,0.00553395280916673,-0.011323246566696216,-0.010219626454533023,-0.007487067327518568,-0.004596337236674649,0.001032608779658183,-0.01706645984762678,-0.012244432552986472,-0.012210577161533736,-0.007607025426470607,0.0016621481653990473,0.001056166027864335,-0.00018943711208052605,-0.012589157558977604
2025-01-06 00:00:00+00:00,0.03756185652171595,-0.0015577859103625123,0.0011667226909312326,0.001026790007116851,-0.003463753963157088,-0.00600221372536249,-0.010551420029931775,0.0005817329404310492,0.0011731496518926322,-0.009959834212662975,-0.0034455159055487156,0.0012147061138493,0.0012438590244918226,-0.010783529158402017,-0.007221115306520415,-0.002779618380277269,0.001675070050423372,0.0008796947665636878,-0.007720983656998243,0.005784854188712545,-0.009386178625611382,-0.006465093613716598,-1.2101963875466026e-09,0.0027086846757811145,-0.013954837996436582,-0.011941948486095824,0.0,0.012728497003880394,-0.009673974662616013,-0.00825586439175819,-0.006470754446452887,-0.0034395576674972556,0.001032608779658183,-0.013713247764028698,-0.010551420029931775,-0.010512564184480166,0.019445978688191267,0.0015856933589067992,0.004689791120393967,0.00026188340060961934,-0.0020994660444557667
2025-01-07 00:00:00+00:00,-0.05182428298359376,-0.0010888231375701242,0.00030217097798125397,0.00040980542252551746,-0.003406487603750036,-0.004767632333707717,-0.011717244094851125,0.0005817329404310492,0.0011731496518926322,-0.010849428302381291,-0.0040914123646777194,0.0012147061138493,0.0012438590244918226,-0.011055962425805001,-0.00597510275652911,-0.011723602679108847,0.001675070050423372,0.0001501142161366431,-0.008973595605570808,-0.007437806905663804,-0.010044099567202534,-0.007946389672054271,-5.673917513604465e-08,0.00213475859330714,-0.016151673595295995,-0.027034354360052318,0.0,0.00024599275787542594,-0.00995805089410039,-0.011570786107755693,-0.0079505508076336,-0.005080713925304246,0.001032608779658183,-0.015860568929704257,-0.011717244094851125,-0.01166925756825876,0.013867201269366223,0.004767699059060422,0.0038472231473172754,-0.00042433464541780097,-0.010149865411221981
2025-01-08 00:00:00+00:00,-0.01957885769656542,-0.0064997600914925785,0.002555242122271373,0.0018391326552988018,-0.00473759417733361,-0.006405404601842239,-0.013787848626227298,0.0005817329404310492,0.0011731496518926322,-0.013351127024465701,-0.004087504877010582,0.0012147061138493,0.0012438590244918226,-0.015868559141937747,-0.015334551444271989,-0.014394193479971788,0.001675070050423372,0.002271057145920352,-0.009505721621067513,-0.007331719569892476,-0.012586702611580165,-0.006379261843307108,7.828323767000711e-08,0.003777361840871407,-0.01712569296553617,-0.031192620444649037,0.0,0.0022682296083408214,-0.012017644448423018,-0.004024095247597607,-0.00637278881528696,-0.005349523335086511,0.001032608779658183,-0.01975078129499145,-0.013787848626227298,-0.01375350330311949,0.016264292208685926,-0.00023848641450031766,-0.0031982417642166046,0.0005086000023357684,-0.01849381998181343
2025-01-09 00:00:00+00:00,-0.02729884917903469,-0.005352211680094324,0.000946866725709179,0.00148639400523021,-0.005414643338069031,-0.006915237406355548,-0.013517240392226567,0.0005817329404310492,0.0011731496518926322,-0.013349959781793336,-0.0034318029761564515,0.0012147061138493,0.0012438590244918226,-0.006756040366116805,-0.015088163939480072,-0.008851203560256765,0.001675070050423372,0.0010586302469572928,-0.009920255580493928,-0.0009064958211287393,-0.012598095714040858,-0.0054695916842375,2.9575019766525656e-08,0.002856425925838124,-0.017492700105388493,-0.028209937666390808,0.0,-0.0024175031241104815,-0.012783355084053366,0.00069151254412832,-0.005560931856894311,-0.003992827834292573,0.001032608779658183,0.007345412471095787,-0.013517240392226567,-0.013503208046952635,0.01815912544549266,-0.0019495501184774522,0.005933831478109218,0.00018611657109346424,-0.003475129371508956
2025-01-10 00:00:00+00:00,0.0236932656291593,-0.011636779387309837,-0.00010762394457301252,0.0015694220048763218,-0.005654153688936654,-0.008087462193262385,-0.01349073702352261,0.0005817329404310492,0.0011731496518926322,-0.013292503161436056,-0.004048311871661723,0.0012147061138493,0.0012438590244918226,-0.014945696037704369,-0.015605638941160863,-0.01962139084848818,0.001675070050423372,0.0009171926143540787,-0.008847691851843953,-0.005903447661937308,-0.01274144614313642,-0.005030064377499757,4.1236400960542596e-08,0.0027619861369725385,-0.01917419905790703,-0.01861249410888709,0.0,0.013121691288252463,-0.013311659326056907,-0.005854474627422106,-0.005087706144163616,-0.005567288996042111,0.001032608779658183,0.004241108086008175,-0.01349073702352261,-0.013472030730835865,0.022220143296204864,-0.004192138455362889,0.0013481116242623345,0.0007481851537018969,-0.012715493328869343
2025-01-11 00:00:00+00:00,-0.0014250624978640047,-0.010956953917510278,-0.00046493969996363386,0.0007177331389853234,-0.005006856339425797,-0.007747012721919902,-0.011566277214568422,0.0005817329404310492,0.0011731496518926322,-0.01143119255746124,-0.003933494697511006,0.0012147061138493,0.0012438590244918226,-0.014425319627807902,-0.014161270206776877,-0.014485226588273779,0.001675070050423372,-0.00040797353431543115,-0.00814136614555788,-0.0009563671375238122,-0.011012266433762116,-0.005108681938757122,-3.5789868846336503e-08,0.0017316134172684627,-0.02201984263974482,-0.009715407887770073,0.0,-0.011528615543183834,-0.012049567690042635,-0.00161981619773628,-0.005183509919723058,-0.005047209639251686,0.001032608779658183,0.0016020186642673852,-0.011566277214568422,-0.011553390802998737,0.02090500701247801,-0.0017258074824756903,0.0036023108712139157,-0.00020743304183845623,-0.014085785485804081
2025-01-12 00:00:00+00:00,-0.0008268095689984989,-0.002264023185987127,0.000839582784427216,0.0010278325730266027,-0.004503377919820543,-0.011398116858025536,-0.00997281705279398,0.0005817329404310492,0.0011731496518926322,-0.010142021285820053,-0.0036634030199777902,0.0012147061138493,0.0012438590244918226,-0.009600051420885552,-0.013689557526500857,-0.006180480073261959,0.001675070050423372,0.0003155944824460022,-0.006924913185123968,0.001692547648909466,-0.009974660094757394,-0.004427699732693961,2.152578559844187e-09,0.0022742425203734484,-0.021610607884730654,-0.00042180889478643795,0.0,-0.008478979245930352,-0.011081708374975291,-0.003313710743004098,-0.004466333779398446,-0.004432819418544091,0.001032608779658183,-0.01350829323156529,-0.00997281705279398,-0.009966456513280085,0.023939925290865638,-0.0016995001448300892,-0.0034554463665755117,-0.00031007318027853614,-0.013650134205818176
2025-01-13 00:00:00+00:00,0.0002971978890649041,-0.0019214594123248226,0.0013688428442341066,0.0010595643961462192,-0.0045327937393828234,-0.009017746643787983,-0.010916917364342155,0.0005817329404310492,0.0011731496518926322,-0.010655429711763434,-0.003590865776487823,0.0012147061138493,0.0012438590244918226,-0.007943101147780681,-0.012525840938352354,-0.0011924676994670522,0.001675070050423372,0.00029995066518040403,-0.007546657639637492,0.0007051062518022251,-0.01027669377286791,-0.005125082423797261,1.248942282927601e-09,0.002246690122097661,-0.02183674843003061,-0.009006297600499704,0.0,-0.016637996159744196,-0.011095346239155838,-0.0023008266963654976,-0.005170585223798187,-0.00405212920426067,0.001032608779658183,-0.007935662903129357,-0.010916917364342155,-0.010896280483106105,0.014747164224395126,-0.0016226008910185448,0.0004518283658819,-0.00014964973341413668,-0.007731243502348661
2025-01-14 00:00:00+00:00,0.021121093071560182,-0.001883330434000101,0.0008444585992081347,0.0010448267778410895,-0.0052297040645399445,-0.007835397504640252,-0.012591762798562361,0.0005817329404310492,0.0011731496518926322,-0.0120890136998699,-0.004371448279014016,0.0012147061138493,0.0012438590244918226,-0.013305465410773718,-0.011969345244321802,-0.014922766537916505,0.001675070050423372,0.00025879031915643225,-0.008268990301203873,-0.006215715972387372,-0.011626313887722482,-0.006993587476122811,-4.489315585942677e-10,0.00220297766069244,-0.024556687268830438,-0.006944294086273716,0.0,-0.020474581584240426,-0.01295011899637587,-0.014166391503007908,-0.007035288747876905,-0.005148118593796068,0.001032608779658183,-0.015555602572078232,-0.012591762798562361,-0.012564208674782177,0.01742475935256787,-0.0014530788225557145,-0.0028148584088615344,0.00032052948661132064,-0.013903550803661346
2025-01-15 00:00:00+00:00,0.04030666141120065,-0.0017187632082571332,0.0005265975320278066,0.0006904527739563066,-0.002734709053597578,-0.006976754018282448,-0.006164464032284112,0.0005817329404310492,0.0011731496518926322,-0.0060846649251640175,-0.003243603348331633,0.0012147061138493,0.0012438590244918226,-0.005116413179551154,-0.0064351450857732286,-0.005800788816638517,0.001675070050423372,-0.00014988729693676817,-0.005183693135634972,-0.000745572290939622,-0.006069279813105472,-0.004209887000254687,-3.1904530573001466e-08,0.0018698198983919667,-0.017295809515674828,-0.0138439539963632,0.0,-0.011056260950059947,-0.007378081263054052,-0.007226089315485677,-0.004257009282686371,-0.0016558407102423198,0.001032608779658183,-0.015096138525392959,-0.006164464032284112,-0.0061460190903172346,0.009831632301416744,0.0005434427526547371,0.005265399634831209,-0.00016635931953423722,-0.0009059850126504898
2025-01-16 00:00:00+00:00,-0.0074661359259735605,-0.0015577859103625123,0.000648243519412006,0.00031796048222431186,-0.003190040277079231,-0.0063272613852937715,-0.010703021371632301,0.0005817329404310492,0.0011731496518926322,-0.009809122929020166,-0.003626683732241626,0.0012147061138493,0.0012438590244918226,-0.006162022138445452,-0.0042726464741968985,-0.007896205122217328,0.001675070050423372,-0.00029159526467381625,-0.008433518837373146,0.000773654347706336,-0.009114094559708115,-0.0075293146691028925,-6.088539450388453e-08,0.0017336899480806522,-0.02142614511455554,-0.017045314405185506,0.0,-0.025501681419921342,-0.008966192727211202,-0.004925548155868801,-0.007538887573859714,-0.0042978263929352905,0.001032608779658183,-0.018742953182574858,-0.010703021371632301,-0.010653011495626955,0.002497424544582039,0.004060435551401841,-0.0009370388096073818,-0.000978846415781831,-0.007243544794619083
2025-01-17 00:00:00+00:00,0.04608745388217095,-0.004496266454247714,0.002277668340186307,0.0010761012966087283,-0.0031011566490259483,-0.004499489258071124,-0.010697440880166689,0.0005817329404310492,0.0011731496518926322,-0.009989703445467634,-0.003710061455846807,0.0012147061138493,0.0012438590244918226,-0.01243960814158035,-0.005955469291749324,-0.012951119327150916,0.001675070050423372,0.0010882321736005451,-0.008463259446755297,0.0015793430176505234,-0.009328042527552175,-0.006825809218142637,1.1277901279527214e-08,0.0027817805564822606,-0.019806634137685103,-0.01654122735206704,0.0,-0.020958151775828073,-0.008723491098565801,-0.00440297130961853,-0.006820498951161138,-0.004365114842039758,0.001032608779658183,-0.015974005895476436,-0.010697440880166689,-0.01064757959644152,0.018356136524382848,0.0030405479150872904,-0.004744096952491977,-9.28168429705778e-05,-0.012605655007064342
2025-01-18 00:00:00+00:00,-0.0005167685444575909,-0.002320793028530149,0.0007927720212774722,0.0002721898694961315,-0.004391837171992838,-0.004215482325197882,-0.014225954684228694,0.0005817329404310492,0.0011731496518926322,-0.013294927850259243,-0.004092620900584512,0.0012147061138493,0.0012438590244918226,-0.011532607006300153,-0.005219492324855307,-0.01562302904350691,0.001675070050423372,-2.3310173252966138e-05,-0.011423906576628692,-0.0004630634679529184,-0.012199244574609944,-0.009740805880651175,-6.961752241352315e-08,0.0019071774558003796,-0.026697870007067227,-0.04457479931176773,0.0,-0.04165251842886035,-0.01192728132962844,-0.012857121270749125,-0.0097870018689351,-0.005019032656386684,0.001032608779658183,-0.029257579774990924,-0.014225954684228694,-0.014180700279336237,-0.007336491476817395,0.006848001966755985,-0.004321686201575494,-0.0003857087434635531,-0.01591760665178299
2025-01-19 00:00:00+00:00,-0.03229962927245822,-0.004496266454247714,0.0016885153948096405,0.000952325282848878,-0.0036451894362979197,-0.004225841759007752,-0.010780337960725233,0.0005817329404310492,0.0011731496518926322,-0.010572556794197094,-0.003865023719546694,0.0012147061138493,0.0012438590244918226,-0.006627864224538249,-0.010078011293689659,-0.0005754082659570229,0.001675070050423372,0.0013604239324607192,-0.009169485891245858,0.000403465794119932,-0.010043720253976016,-0.007491478383987517,7.805009971662002e-10,0.0029675235416739554,-0.026384979612664335,-0.03861203403444995,0.0,-0.034933648838817916,-0.01027027698435709,-0.004169917587690717,-0.007517439349240445,-0.00466461629486718,0.001032608779658183,-0.024886657106229462,-0.010780337960725233,-0.010754019511220311,0.0064634002910077745,0.006196249846846607,-0.01116329617136527,0.000168513758247002,-0.005564939230680466
2025-01-20 00:00:00+00:00,0.009128828069664863,-0.0018107484291612118,0.0023823129373161654,0.001581960187400776,-0.004411647975476316,-0.004216303820546495,-0.011834054504527989,0.0005817329404310492,0.0011731496518926322,-0.011630355246601769,-0.005251860272742873,0.0012147061138493,0.0012438590244918226,-0.006278681152292789,-0.008853749747780889,0.001710999476198274,0.001675070050423372,0.0019670262604432054,-0.009903177363112126,-0.002997021735532503,-0.011022006685646082,-0.0063254981151540535,4.87903015766733e-08,0.003445406290884634,-0.02675684031851915,-0.04499371343012958,0.0,-0.02874988112924687,-0.011078296055103846,-0.0059682365863087585,-0.006405177629147113,-0.006017211023911923,0.001032608779658183,-0.021254579359846253,-0.011834054504527989,-0.011809533118871321,-0.009334614397415342,0.002790769992985922,-0.003124941497378943,0.00017198135374485446,-0.007883873768150806
2025-01-21 00:00:00+00:00,0.03968183426366423,-0.013190555775579272,7.295481524472174e-05,0.0009658868776443515,-0.004684630345280809,-0.0033415365572969,-0.010949835441285395,0.0005817329404310492,0.0011731496518926322,-0.011385538693564765,-0.006410372354002757,0.0012147061138493,0.0012438590244918226,-0.028483221362684167,-0.007781796256048782,-0.030655243123606808,0.001675070050423372,0.0007595162695448465,-0.010461995585678296,-0.005522825754834395,-0.010878442666135218,-0.005648981558393864,-1.3789504649253104e-08,0.0025255947086275654,-0.030645105391345816,-0.025852491332744042,0.0,-0.0364799113903723,-0.011415210762409662,-0.009485200272271375,-0.005795599165219773,-0.009986458770093364,0.001032608779658183,-0.021207347846497845,-0.010949835441285395,-0.01095470423601388,0.011670085642640157,0.0033511128097230675,-0.0004129576851216409,-0.0002889007856143877,-0.03870203718543053
2025-01-22 00:00:00+00:00,-0.023768546997866125,-0.001313416746575291,-0.0002567865924827284,0.00036571049512824764,-0.004545025058712168,-0.001830580168238725,-0.012008114435134706,0.0005817329404310492,0.0011731496518926322,-0.012059699083652186,-0.005309968241619668,0.0012147061138493,0.0012438590244918226,-0.014021370629278796,-0.008886958853157595,-0.011847277901824944,0.001675070050423372,0.00020999579738756324,-0.011118788075154389,-0.010437289395583018,-0.011460388806809817,-0.007413339159759607,-5.994153262633972e-08,0.0020960855326901395,-0.03822454603061997,-0.051362353716230574,0.0,-0.04462330206119676,-0.01187071016924937,0.0001989371531203844,-0.0075198647672716995,-0.005635989505191179,0.001032608779658183,-0.037128007827360004,-0.012008114435134706,-0.011996996466807073,-0.019921711962539227,0.006564481254194084,-0.008336635075333148,-0.0002989028543840533,-0.021181277930736542
2025-01-23 00:00:00+00:00,0.002958402689039019,-0.009085972147421883,0.002294282205073399,0.0013584179625778954,-0.005146013320309006,-0.0030377096095807244,-0.012353179374791308,0.0005817329404310492,0.0011731496518926322,-0.012464120200164137,-0.006578649203534729,0.0012147061138493,0.0012438590244918226,-0.025563792768150927,-0.011294320590283603,-0.02071211019373187,0.001675070050423372,0.0018570924076133366,-0.00998405472307247,-0.0020340303697507413,-0.012113654512066196,-0.006852346804238325,3.590355746041496e-08,0.00336679445887178,-0.03502487120217994,-0.031392440564461124,0.0,-0.0003413629379406928,-0.013127081027149297,-0.008585444659437358,-0.006924292542843596,-0.009345440702970078,0.001032608779658183,-0.030844877843242476,-0.012353179374791308,-0.012340974435280786,0.0025747939234649813,0.0038810530658946337,-0.015341884377103442,0.0004935816502751322,-0.029812630265951157
2025-01-24 00:00:00+00:00,0.00823181116278171,-0.010425977668912855,0.0011793756130691554,0.0010401311412180033,-0.0041770418292811674,-0.0012086093827111746,-0.00964797306437722,0.0031093465277902345,0.0011731496518926322,-0.009644355568192545,-0.00523317389818557,0.0012147061138493,0.0012438590244918226,-0.016372755624622825,-0.008385986297392687,-0.011476996461902143,0.001675070050423372,0.0010645639221404934,-0.009031650609705927,-0.009411888505257702,-0.009380411277084316,-0.005279729923943734,-4.468770242738174e-09,0.0027616612004432994,-0.03284284983820164,-0.03909214359573192,0.0,-0.007042636510874108,-0.010469100160429685,-0.0057697181890647205,-0.005408394335667222,-0.0059833625748289855,0.001032608779658183,-0.030141851733543674,-0.00964797306437722,-0.009633353432304375,0.002862756681523506,0.0037991439638730565,0.00042072655327013496,-0.00035180044589822046,-0.022413603961467743
2025-01-25 00:00:00+00:00,-0.0010006574522289924,-0.0020673762306904504,0.0003266277249275105,0.0009079331722645168,-0.005358847340148569,0.00025612149902073033,-0.01223950856842123,0.0031093465277902345,0.0011731496518926322,-0.012239153503624374,-0.005609260555530991,0.0012147061138493,0.0012438590244918226,-0.009508169187232365,-0.007838958739834452,-0.018722284144445215,0.001675070050423372,0.0009371926361279037,-0.010012133826243533,-0.005800732273250338,-0.011907615720208837,-0.007341075057251653,-1.2434593799071081e-08,0.002668999711904263,-0.028578609384429365,-0.03846675442811315,0.0,-0.0018409402923057565,-0.01356875133844604,-0.007998595368369135,-0.007444947078093338,-0.0064610923268297185,0.001032608779658183,-0.03461743345606194,-0.01223950856842123,-0.012226930957682682,0.024779489509109038,0.004190943868432313,-0.007456668574140278,-0.0002647792567689322,-0.01579742506146431
2025-01-26 00:00:00+00:00,-0.019597313568699093,-0.0020673762306904504,0.0011411191553218087,0.0010463229024967535,-0.004228610158047824,-0.0006274944978594953,-0.008396418699735404,0.0031093465277902345,0.0011731496518926322,-0.00868287783888709,-0.0051848192826201315,0.0012147061138493,0.0012438590244918226,-0.01269404470580361,-0.006483081107387625,-0.0220660491444071,0.001675070050423372,0.0011736287806449752,-0.007227994391306352,-0.0010292675734954746,-0.00875138010982445,-0.004969315754383409,1.5115269036414247e-09,0.0028539775114264643,-0.021469659449292435,-0.046020573466493735,0.0,-0.004425170119690668,-0.010848427496313293,-0.008873549638868708,-0.005060596506480776,-0.005988255415374094,0.001032608779658183,-0.027718375664311366,-0.008396418699735404,-0.008391901458673509,-0.011867640380752682,0.0037314212108889777,-0.0036100577111777914,0.0003166948068251685,-0.016089584678411484
2025-01-27 00:00:00+00:00,-0.005809577851447756,-0.003664039624525061,0.0013771801812794693,0.0013796971544365979,-0.003672852390797775,0.00011497362230788305,-0.008120604456210549,0.0005817329404310492,0.0011731496518926322,-0.007996572094582249,-0.006198530280765372,0.0012147061138493,0.0012438590244918226,-0.02189910566530513,-0.0054280457397959635,-0.02644751947587902,0.001675070050423372,0.0014910276660113908,-0.006289368965158441,-0.0062523672087372185,-0.007977407547810476,-0.0036649202410341773,2.9602782447568643e-08,0.0031079378348675135,-0.012687370849179617,-0.030015612257271337,0.0,0.006710498875420461,-0.009291972626141804,-0.003938369719304481,-0.003723620057874185,-0.008148374319946637,0.001032608779658183,-0.018806986046675474,-0.008120604456210549,-0.00809402182649383,-0.007379542557988904,0.00166756354398328,0.00026101197520785014,0.0004480934341195564,-0.028690772131085396
2025-01-28 00:00:00+00:00,-0.007425167620329631,-0.01017151594472845,0.0005747554553640039,0.001191376256131897,-0.004851337297285355,0.0001311942425511384,-0.013022055048777459,0.0005817329404310492,0.0011731496518926322,-0.012043599116349106,-0.004951854712236529,0.0012147061138493,0.0012438590244918226,-0.003927238451536371,-0.008094763017373904,0.0017267569638101399,0.001675070050423372,0.0009665059750734173,-0.008572307576738903,-0.006221980012338516,-0.01144074107509678,-0.005816770561773973,8.775719706477503e-09,0.0027126064152778184,-0.008553545362956582,-0.04852306774101171,0.0,-0.0002809013517693158,-0.011940061670664356,-0.004529931223079527,-0.005850440452809729,-0.006155101268742661,0.001032608779658183,-0.017150493224948167,-0.013022055048777459,-0.012965390324812101,-0.008215778678897206,0.0010058715653861248,-3.7583944991279126e-05,-0.00019034520510707864,-0.0012628278927877545
2025-01-29 00:00:00+00:00,0.023126120756284507,-0.004496266454247714,0.0004995925809418299,0.0011932969527884212,-0.005485863912400828,9.705175828227715e-05,-0.013116714648394995,0.0005817329404310492,0.0011731496518926322,-0.012408211992346922,-0.004918729400789263,0.0012147061138493,0.0012438590244918226,-0.009511382991623992,-0.009502749089808003,-0.006223595156064247,0.001675070050423372,0.0008853655397551563,-0.00766964811280979,-0.010344226077311235,-0.012020955072744982,-0.006196579247337825,1.1216121365009712e-08,0.0026556734884568556,-0.003615978516938965,-0.022743043439618957,0.0,-0.012079669096943076,-0.013628949616721963,-0.004007919385794353,-0.006211413045812376,-0.004951165072217514,0.001032608779658183,-0.020723449449397774,-0.013116714648394995,-0.013071453266989053,-0.04226633328385032,0.0002598017757212591,-0.0060493349120218694,-1.9257287201313034e-05,0.0017004018882289529
2025-01-30 00:00:00+00:00,0.009903181107679515,-0.0036277443373295,0.0002327931412488436,0.0006765631210110072,-0.003927383943746913,-0.0002042923109415965,-0.008209743360531666,0.0005817329404310492,0.0011731496518926322,-0.008227905486966794,-0.00417203344631711,0.0012147061138493,0.0012438590244918226,-0.005757281001342957,-0.0057080168030108815,-0.012689343722773718,0.001675070050423372,0.0001807188593261344,-0.0057809493108522,0.0016597193381187206,-0.008200313749115116,-0.003955600678868502,-3.4933211878751536e-08,0.0021054229265242697,-0.003538857072051344,-0.0011146068956311875,0.0,-0.029806583065351323,-0.0100029339393757,-0.006921811661705291,-0.003998252931414307,-0.004071001232186917,0.001032608779658183,-0.009924963188446054,-0.008209743360531666,-0.008192726726295337,-0.0074365794809049274,0.002282165460972535,0.0006759361276039037,-7.265564384617562e-05,-0.0043046302162110806
2025-01-31 00:00:00+00:00,-0.022500491172198878,-0.0019214594123248226,0.0010454242338938681,0.0008305775807387881,-0.004377127197295756,0.0018892984711889804,-0.011346886804893555,0.0005817329404310492,0.0011731496518926322,-0.010729005629269824,-0.0040977151447971405,0.0012147061138493,0.0012438590244918226,-0.006924642717268853,-0.006062847250439433,-0.008637281157814342,0.001675070050423372,0.0006679824911000054,-0.006800360026309189,-0.0008704571240818164,-0.010354496494145994,-0.005685401026295508,-1.4959331551267496e-08,0.002470927752343144,-0.004581928356991789,-0.012043285601325211,0.0,-0.02521270094492884,-0.011456329758439665,-0.00829044160218793,-0.005661015514387686,-0.003773052254046619,0.001032608779658183,-0.011411823785045573,-0.011346886804893555,-0.011303792198755045,-0.022801983694940627,0.002955993341365613,-0.008755455893450267,-3.67975322372871e-05,-0.005843271501362324
2025-02-01 00:00:00+00:00,-0.017227936976711433,-0.0019214594123248226,0.0019551592527680965,0.0013997049883467895,-0.005084139765008252,0.0012255410513341447,-0.011951127434464023,0.0005817329404310492,0.0011731496518926322,-0.01175918697683239,-0.004070274901182217,0.0012147061138493,0.0012438590244918226,-0.01085299926221624,-0.008763358933347494,-0.018813346101200674,0.001675070050423372,0.0013983534307371315,-0.007400524336158907,0.004725317013714693,-0.011384540189938149,-0.0050861424375149384,3.398815984212433e-08,0.003034171909208183,-0.0054532685965338265,-0.014476779667708451,0.0,7.475563692565341e-06,-0.012562199417154429,-0.01235954668832562,-0.00509189649675006,-0.004834727038839148,0.001032608779658183,-0.007128688839805901,-0.011951127434464023,-0.011927956319212066,-0.04127312418509935,0.0007039238273612382,-0.007100089118796721,5.648322615492418e-05,-0.011501762084662914
2025-02-02 00:00:00+00:00,-0.029919108206549083,-0.011636779387309837,0.0009339154786193969,0.0013872998386487351,-0.005145264371245677,0.0036044790886504406,-0.01142296105204833,0.0005817329404310492,0.0011731496518926322,-0.011298045581184999,-0.003923788617000962,0.0012147061138493,0.0012438590244918226,-0.013567579177953903,-0.009019604794137364,-0.021049220054395877,0.001675070050423372,0.0010214474131799989,-0.007182441290711879,-0.0038007972955476114,-0.010958509216983322,-0.00442233366105953,2.6023762700333464e-08,0.0027514280900575727,-0.006685528533865679,0.008689813381423089,0.0,-0.01288378289439639,-0.01232346190953523,-0.003916521548134447,-0.004460038717431883,-0.005010724238157698,0.001032608779658183,0.00039655431963662134,-0.01142296105204833,-0.011404967979932111,-0.013606576172878259,-0.0008825489275547157,-0.0005021094036787726,0.0001643635194916726,-0.01255417987704277
2025-02-03 00:00:00+00:00,0.03733783666464596,-0.011636779387309837,0.0005887884030345936,0.0016003871926833552,-0.004762487648480251,0.003776097888139051,-0.011489913512250996,0.0005817329404310492,0.0011731496518926322,-0.01100021818806712,-0.003762491591616435,0.0012147061138493,0.0012438590244918226,-0.007455211599347268,-0.007925631667282275,-0.012325325594986126,0.001675070050423372,0.0010291172967100692,-0.007177756962386903,-0.0003423468114886534,-0.010587365113727511,-0.0038803602283117395,4.519443663753009e-08,0.002768288764917415,-0.008105733049872449,-0.0038541091110631154,0.0,0.009987512365896485,-0.011123780128657253,-0.004582829817867137,-0.003908337632048337,-0.005432867590279405,0.001032608779658183,-7.889479553133648e-05,-0.011489913512250996,-0.011451862582518813,-0.018135627147402755,-0.003451296889965555,0.0015073482308031031,0.000783262449502331,-0.009914844296872616
2025-02-04 00:00:00+00:00,-0.03546789334061806,-0.010425977668912855,-0.0007011657130065647,0.000491017356502071,-0.00491648702931522,0.0035846691599560393,-0.013631828060259792,0.0005817329404310492,0.0011731496518926322,-0.012742829613712557,-0.0035622597142285417,0.0012147061138493,0.0012438590244918226,-0.0036024256079705387,-0.006271108973660256,-0.006205731075535626,0.001675070050423372,-0.0006387613759866184,-0.009634764489691954,-0.00391771196082401,-0.01188961686320029,-0.006285016585518313,-5.6400709880222166e-08,0.0014715069074497933,-0.013385904400437168,0.002184867234948234,0.0,-0.015237467294716072,-0.011717900766275383,-0.006163234441783302,-0.006333864238707675,-0.0033959870644486366,0.001032608779658183,-0.004378986602496268,-0.013631828060259792,-0.013584101357502086,0.012767943483253526,0.00015644405198244138,0.0026379627380078386,-0.0004428501525506334,-0.002787016099318862
2025-02-05 00:00:00+00:00,-0.012920048753754187,-0.006195464611411041,0.001640451447943102,0.0015733091412185355,-0.005084266951371445,0.001303716084448488,-0.013086974407220207,0.0005817329404310492,0.0011731496518926322,-0.012872829541775092,-0.0037871177059152386,0.0012147061138493,0.0012438590244918226,-0.013284442282899109,-0.006602649035818217,-0.007009430768346138,0.001675070050423372,0.0011561532503758798,-0.009244131253367404,-0.0034346108756895615,-0.012278065032886351,-0.004924251697569642,5.3576044933834055e-08,0.0028491355794635354,-0.013865687396650722,-0.01097450684527347,0.0,-0.0078899916444822,-0.011789498274837506,-0.002851727615151896,-0.004948199293126074,-0.005994951733904289,0.001032608779658183,-0.005653762635270211,-0.013086974407220207,-0.013057290497435151,0.007001296804667241,-0.002995031224284469,-0.005219107360575357,0.0002191496762833367,-0.014037936925888062
2025-02-06 00:00:00+00:00,-0.00022926951799639994,-0.01066691373605264,0.0011622109468703312,0.0013378333130897588,-0.006064598506382402,0.0009469144266004615,-0.015274315970536405,0.0005817329404310492,0.0011731496518926322,-0.014659099111039069,-0.004389296350314917,0.0012147061138493,0.0012438590244918226,-0.013363429647587808,-0.01069722927203618,-0.013846619195149287,0.001675070050423372,0.00034047509327095327,-0.010496428011714692,-0.0013100385009121775,-0.01379771595574037,-0.006208966178909164,1.9516498639404745e-08,0.0022153397231132743,-0.015777991653540494,0.003132113966744174,0.0,-0.0014509152615356739,-0.013801685130592791,-0.007545332786290911,-0.00628273748994334,-0.007348592565977159,0.001032608779658183,0.0034972565164618982,-0.015274315970536405,-0.015239200275684822,0.004409245839154868,-0.0038732520931450388,0.001327874883046901,9.44728838465636e-05,-0.014623899944126606
2025-02-07 00:00:00+00:00,-0.0006649766736614993,-0.008950561564344118,-9.408538547839339e-05,0.0010912949615041927,-0.005515461107535102,-0.00014087374347391537,-0.012702034465708702,0.0005817329404310492,0.0011731496518926322,-0.012559073326659013,-0.004053586505156049,0.0012147061138493,0.0012438590244918226,-0.011180679038059027,-0.010019350292997602,-0.009810932992544461,0.001675070050423372,-8.542001871347793e-05,-0.009109263301473594,0.0009301772700122506,-0.012044754529472798,-0.0055898590450865395,3.4635405654626084e-10,0.0018797195169852898,-0.016668751247905456,-0.007135499139473821,0.0,-0.002505284504769217,-0.012710558201351894,0.0004187269926977792,-0.005666068373196912,-0.007036575790128409,0.001032608779658183,-0.0017038983628255618,-0.012702034465708702,-0.012684663130221286,0.012133066426206604,-0.0035512159335628706,0.0010025803039572785,0.00034617941816961206,-0.017692774534225464
2025-02-08 00:00:00+00:00,-0.00048321269944651135,-0.0015577859103625123,0.0006361058644695623,0.0010653916470204255,-0.004599646434097395,0.0005607716579569826,-0.010203042405625754,0.0005817329404310492,0.0011731496518926322,-0.01035235221118037,-0.004385844326177802,0.0012147061138493,0.0012438590244918226,-0.00763630685497263,-0.006691974711555313,-0.0010736103599435693,0.001675070050423372,-8.980875177755365e-05,-0.008030937825070868,0.003598508435113105,-0.01003052482805306,-0.004454896270838349,1.0044836074030172e-09,0.0018605547337156025,-0.014302785473979448,-0.010052629996354624,0.0,-0.005738001590230619,-0.010613709024049081,-0.004437398913291378,-0.00453248086519331,-0.006312920896995041,0.001032608779658183,-0.0029249907470980697,-0.010203042405625754,-0.010193987114308094,0.006192823707746908,-0.0032962065801468753,0.0022692477821158064,0.0001333551516164988,-0.007749578449875116
2025-02-09 00:00:00+00:00,0.00018282093727961524,-0.0015577859103625123,0.0008856198708429886,0.0010588195232102428,-0.004651588232162377,0.0003721708567934072,-0.01145029468344939,0.0005817329404310492,0.0011731496518926322,-0.011330299456979886,-0.004275852059060572,0.0012147061138493,0.0012438590244918226,-0.0068553041638556725,-0.005379723618862225,0.0050194977091510265,0.001675070050423372,-9.800131960346903e-05,-0.008960991611441054,0.001250718065171633,-0.01078555088890437,-0.005253431501599538,7.299192361642781e-10,0.0018359752496621695,-0.014136932869085793,-0.011006330416955387,0.0,0.00898982585449559,-0.0108183358436081,-0.0036092128024732026,-0.005323134466681624,-0.005929735042138537,0.001032608779658183,-0.0029135600653323775,-0.01145029468344939,-0.011430534927676473,0.058528056440586285,-0.0030476762067964077,0.002013073771268774,-0.00032908632818795525,-0.0056539494544267654
2025-02-10 00:00:00+00:00,0.009667728227993777,-0.0019468314482496871,0.000869049812701579,0.0010466617413379276,-0.004158004731327431,-0.0002991387204229856,-0.011614201627938973,0.0005817329404310492,0.0011731496518926322,-0.011110640004430447,-0.003697813761215834,0.0012147061138493,0.0012438590244918226,-0.003611736035821141,-0.004513652054267264,-0.005220038561428504,0.001675070050423372,-0.0001133661475680725,-0.008773375323581106,0.003367775685819159,-0.010426898660300117,-0.005204244640733585,-2.7615953968052054e-10,0.0018056649051008122,-0.012534961828278048,-0.007328145282935926,0.0,0.011885473171306563,-0.009875790218920483,-0.0029485656643250973,-0.005244810299983051,-0.0043665631744182545,0.001032608779658183,-0.004555688389374753,-0.011614201627938973,-0.011576482368500845,0.01660767252492896,-0.0027622152400049497,0.0025404651843515553,-0.00012947994674661345,-0.0030155389104038477
2025-02-11 00:00:00+00:00,-0.017497924369383355,-0.0017187632082571332,0.0007255359302109566,0.0008845158524665372,-0.005521242180205078,0.0010757726512199786,-0.015327930895624703,0.0005817329404310492,0.0011731496518926322,-0.014453589891336018,-0.004513187283329401,0.0012147061138493,0.0012438590244918226,-0.01986630311143081,-0.00947291844027771,-0.02701301328534034,0.001675070050423372,-0.0002913986844159666,-0.010025126612853838,-0.0011874401896888292,-0.013525090160123302,-0.008074540886669826,-1.4603616094177596e-08,0.0016472855104368023,-0.0163848309232656,-0.00892432587972696,0.0,-0.012272079766109237,-0.01363263341719874,-0.01255084541818151,-0.008084377651999692,-0.005678219743922163,0.001032608779658183,-0.013890439156943426,-0.015327930895624703,-0.015281920558707947,-0.002248094975959709,-0.0016630097067062096,-0.0027941061959908197,0.00018230298423560498,-0.019806163385510445
2025-02-12 00:00:00+00:00,0.02208831591934768,-0.0020673762306904504,0.0013928606570637442,0.001322331164850861,-0.003640349642275615,0.0003215385242243692,-0.008865281438891665,0.0005817329404310492,0.0011731496518926322,-0.008665386986480575,-0.0037960107262156,0.0012147061138493,0.0012438590244918226,-0.008679931856614573,-0.007598704408303632,-0.016088897571431192,0.001675070050423372,0.00034583381012964765,-0.005686676310080088,3.7745511671303396e-05,-0.008436565246656317,-0.0040156479817002695,2.6431518307390434e-08,0.0021236375835460564,-0.009833720877339141,-0.010815488379060633,0.0,0.00584427693779953,-0.009202280958307293,-0.009798702147895213,-0.00401574634412623,-0.0035468183279557595,0.001032608779658183,-0.00884862656490742,-0.008865281438891665,-0.008837069222151243,0.0062947804841884305,-0.003063995371558747,0.0019301692417785354,0.0003976952118360799,-0.014261490665376186
2025-02-13 00:00:00+00:00,-0.012976316589519143,-0.010208156071321096,0.0003642774516212882,0.0007115413348945043,-0.004247949695691806,0.0003782758547396716,-0.01165716195167922,0.0005817329404310492,0.0011731496518926322,-0.011212291948457801,-0.0036840871951097287,0.0012147061138493,0.0012438590244918226,-0.01380771928894183,-0.005294824973475769,-0.016460400133464424,0.001675070050423372,-0.0006068764769935342,-0.008327487388030045,-0.0018359207465935478,-0.010523765994309897,-0.0059675239545043885,-3.336553078270299e-08,0.0013681643031802082,-0.011427766754699533,-0.011372549580414275,0.0,-0.01918113947419561,-0.01068370454889699,-0.008327354856811185,-0.005995564232963066,-0.004339202060989252,0.001032608779658183,-0.004825989431196732,-0.01165716195167922,-0.011626003559150187,0.020361652701306902,-0.0008394223623852478,0.003326184787395014,-0.0006647187266288768,-0.016757730394601822
2025-02-14 00:00:00+00:00,0.009118577917229587,-0.0019468314482496871,0.0012046924306689999,0.0012224687371846688,-0.004543978921619092,0.0010157283044214547,-0.011837564599296163,0.0005817329404310492,0.0011731496518926322,-0.011715824685283139,-0.003794668119195136,0.0012147061138493,0.0012438590244918226,-0.01566088431591352,-0.00845986839315549,-0.014535906620494612,0.001675070050423372,0.00030870493139012467,-0.008053119781998219,0.0038910847402594748,-0.011167480197475451,-0.005559853903232514,1.9601362311050252e-08,0.0020577205675493815,-0.012781074203196472,-0.0038645360185504186,0.0,0.005183499184519833,-0.011403678923448266,-0.010398513202106016,-0.005562715342940389,-0.004929398486729942,0.001032608779658183,-0.009687470473853056,-0.011837564599296163,-0.011815615183828579,0.015315870130228296,-0.001913296597886779,-0.003441096899592402,5.5525220979291134e-05,-0.022245582193136215
2025-02-15 00:00:00+00:00,0.0007317962415491763,-0.008191386891016752,0.0009320857480550835,0.0009175381245366613,-0.004521725079372624,0.0014131127959066435,-0.01175573339609835,0.0005817329404310492,0.0011731496518926322,-0.011494597977339045,-0.004004413189402057,0.0012147061138493,0.0012438590244918226,-0.01598303959693355,-0.008665572821974879,-0.01508265948899632,0.001675070050423372,-0.00024565920534058705,-0.008016531207041364,-0.0005135644361664226,-0.010890246678942124,-0.00568186427036459,-1.3774064555605037e-08,0.001611530073452272,-0.012794603784205025,-0.02420827887705084,0.0,-0.014672837373209006,-0.011424367614944898,-0.008227390165750043,-0.005703601688995644,-0.004609668950444952,0.001032608779658183,-0.005213401495145745,-0.01175573339609835,-0.01173355613887681,-0.011737649950048477,-0.0009377583999853974,0.001018344232188276,0.0001867437126570337,-0.01865457557141781
2025-02-16 00:00:00+00:00,-0.014506383627455932,-0.0017187632082571332,0.0008014961125575632,0.0010183025087371418,-0.0043388586365775104,-0.00392860316784744,-0.011339320692080313,0.0005817329404310492,0.0011731496518926322,-0.011105789098698297,-0.003996343431526487,0.0012147061138493,0.0012438590244918226,-0.01488314539519451,-0.009841473366707244,-0.012865512128320728,0.001675070050423372,9.586890314494667e-06,-0.007488602612794541,-0.0009105596083146043,-0.01060259189891751,-0.005516549283555121,-1.1054375192998123e-09,0.0017917687360409218,-0.014406067245137122,-0.004551889254092313,0.0,-0.007400265264126205,-0.011206812215966117,-0.00981148286155214,-0.005516603273324757,-0.004428715600635207,0.001032608779658183,-0.010224879852664332,-0.011339320692080313,-0.011315741975008455,0.014314672715486417,-0.000790371881953999,-0.002691372574580048,0.00012782488088625144,-0.016644474118947983
2025-02-17 00:00:00+00:00,-0.004184968400661404,-0.0018107484291612118,0.0013443911477863,0.0012897657013665334,-0.004456656011482984,-0.0020983067972705424,-0.012186651177762204,0.0005817329404310492,0.0011731496518926322,-0.011632345527351502,-0.0038850897558407784,0.0012147061138493,0.0012438590244918226,-0.01593759519568468,-0.011326865614100512,-0.01507179845644559,0.001675070050423372,0.00031971701036681566,-0.007637378779647819,-0.0015410449344440947,-0.011033034931979395,-0.0055615948167370135,2.1912658354494852e-08,0.002018297948836789,-0.013832124538670774,-0.013699796401340477,0.0,-0.0003362873888083345,-0.011377546144195894,-0.011928532652057703,-0.005553274356939531,-0.00455140795794001,0.001032608779658183,-0.009650942012384768,-0.012186651177762204,-0.012150362527180922,-0.009264424468118941,-0.0020039282521408406,-0.0017806717354682056,-9.740374552436037e-05,-0.017547141760587692
2025-02-18 00:00:00+00:00,-0.002444539993485151,-0.009085972147421883,0.0006865056494193229,0.0011517459328616966,-0.0049713833476773914,-0.003030720638609367,-0.01244458020333098,0.0005817329404310492,0.0011731496518926322,-0.012363682893220797,-0.0039401451725614,0.0012147061138493,0.0012438590244918226,-0.013999815553932702,-0.01223145720406873,-0.017525749994190844,0.001675070050423372,-4.31291011828705e-05,-0.008479191013752168,-0.0039769848368535225,-0.01177668945435615,-0.005772093888734968,6.321648982066108e-09,0.0017272123213221136,-0.011941871872214044,-0.0011572384692959698,0.0,0.004042205669787754,-0.012439763193484455,-0.0052594254589993705,-0.005802607279067108,-0.005019847612105303,0.001032608779658183,-0.00821015286526503,-0.01244458020333098,-0.012431984233139707,0.011304611203151177,-0.002197149253072879,-0.0008443937849159546,-6.574301212047828e-05,-0.013715947046875954
2025-02-19 00:00:00+00:00,0.01140703518992403,-0.0020673762306904504,0.0005530955275699313,0.0011036650051942081,-0.00408961768645949,-0.004568779869352901,-0.011109343124589426,0.0005817329404310492,0.0011731496518926322,-0.010838934336744033,-0.0032188457147441546,0.0012147061138493,0.0012438590244918226,-0.008272248305781597,-0.012606765180154977,-0.0021090606543674078,0.001675070050423372,-0.00013333096440604209,-0.007671675033352804,-0.006071851515495689,-0.010312091208879241,-0.005129423159245247,3.692615990757986e-09,0.0016438991473144426,-0.009875437098056092,-0.0156335810660524,0.0,-0.007856495262587313,-0.010580571039848592,-0.004733283609586532,-0.005139660780497121,-0.004773994707095315,0.001032608779658183,-0.016128689775408413,-0.011109343124589426,-0.011084882571550747,-0.008100356244074977,-0.0022193277103589645,-0.00039005444635981947,0.00036690817478479687,-0.006035263184458017
2025-02-20 00:00:00+00:00,0.01742191135803317,-0.0015577859103625123,0.0005663135724251584,0.0008627770539762171,-0.004822916345713347,-0.006528209610420039,-0.013675892814448719,0.0005817329404310492,0.0011731496518926322,-0.013026746417357685,-0.003447803104466404,0.0012147061138493,0.0012438590244918226,-0.01480912731117545,-0.011990952764446488,-0.011231172084054487,0.001675070050423372,-0.0004268175994042167,-0.008876765604422914,-0.003091422778036687,-0.012271110275529148,-0.007237194931030515,-1.723092424299466e-08,0.0013971422069438688,-0.011474189247197522,-0.01108330098892297,0.0,0.010842183200579645,-0.012666660894126764,-0.009267873567240771,-0.007230365806379581,-0.004452992033809889,0.001032608779658183,-0.013164445201370235,-0.013675892814448719,-0.013640004157658247,0.007441349182858419,-0.001014291915324439,-0.0041692757576116055,-3.794184812377921e-05,-0.010274810716509819
2025-02-21 00:00:00+00:00,-0.022714094704245014,-0.0010888231375701242,0.0007820744131849615,0.0007284787473782126,-0.003748721185352361,-0.0059118306588245035,-0.010556443662923121,0.0005817329404310492,0.0011731496518926322,-0.010224753476218658,-0.0024575536363466758,0.0012147061138493,0.0012438590244918226,-0.008271430412353002,-0.011292134650076006,-0.002117918248071211,0.001675070050423372,-0.00041039370388951113,-0.00728575465929812,-0.004219464633766889,-0.009753424910721373,-0.006046691666605187,-2.6316746115639944e-08,0.0013847276171823353,-0.010396490735118016,-0.012628525402194375,0.0,0.004892727656318154,-0.010385886627017733,-0.008981090512458935,-0.006037261632111627,-0.0035316168945018433,0.001032608779658183,-0.016927510951717947,-0.010556443662923121,-0.01053057026011492,0.01684531637596602,0.0006162022531318342,-0.0021450059887969056,-0.0006109576481527768,-0.0030326065607368946
2025-02-22 00:00:00+00:00,0.004693347302195505,-0.0016063309701794405,0.0018703458733635766,0.0013895388693323438,-0.004548885603521162,-0.007373410145045866,-0.012665698639197549,0.0005817329404310492,0.0011731496518926322,-0.012164920497640858,-0.003764437419697106,0.0012147061138493,0.0012438590244918226,-0.015706075446165133,-0.012319787512531847,-0.019504666204427472,0.001675070050423372,0.0005741302011834648,-0.008214979064103579,-0.004059612267798146,-0.011562087697539958,-0.006541378442664893,3.431080308757828e-08,0.0021291819847384374,-0.011020046559015555,-0.016613350774647023,0.0,0.0005777939585017463,-0.011924307761900104,-0.010187860600532417,-0.0065275077671743354,-0.005136793366601454,0.001032608779658183,-0.017895117092460763,-0.012665698639197549,-0.01263237086562457,0.01604802069569372,-0.0014477935974908803,-0.0057265635897027715,0.00019562078672308303,-0.01574045978486538
2025-02-23 00:00:00+00:00,-0.00315098307034134,-0.010208156071321096,0.0007128074183403996,0.00101497270270469,-0.004483504607426926,-0.007145080256442943,-0.012183558786697937,0.0005817329404310492,0.0011731496518926322,-0.011668897155795714,-0.003587490331791934,0.0012147061138493,0.0012438590244918226,-0.015540791693809853,-0.011404002287920906,-0.021548062334660067,0.001675070050423372,-0.0001984717628751298,-0.008298503419985807,-0.008429884566831426,-0.011029065506325006,-0.006447000521275907,-7.08949698946526e-09,0.0015206768355753297,-0.008455296623430057,-0.016926104877889717,0.0,0.015358831571585801,-0.011619832806926566,-0.009386557567420755,-0.006469284327392118,-0.004467477945485407,0.001032608779658183,-0.010512892067529754,-0.012183558786697937,-0.012154539305248272,0.03310055267874744,-0.0009048692510819923,0.001723510649871804,0.0002785436165027022,-0.016808737069368362
2025-02-24 00:00:00+00:00,-0.051753205536490654,-0.0015577859103625123,0.0005766492585927957,0.0010971586221555432,-0.003973298239144393,-0.006666496580779262,-0.011171396334882292,0.0005817329404310492,0.0011731496518926322,-0.010735756723113242,-0.003535020635171278,0.0012147061138493,0.0012438590244918226,-0.01150083237979588,-0.010621735311966914,-0.006891223028603782,0.001675070050423372,-1.1476967385348757e-05,-0.007639452426111143,-0.005181285720255663,-0.010208030963242421,-0.0058681582685521615,4.759716176749862e-09,0.001652174710091714,-0.007344845916327412,-0.0241544221553259,0.0,0.007149932627485823,-0.010541408713937377,-0.010703445895624072,-0.005868173625751038,-0.004649230308757573,0.001032608779658183,-0.017852883582970103,-0.011171396334882292,-0.011139956401126335,0.025640059288423365,-0.0011038463969081712,-0.0012990225915734464,0.0002083537232326904,-0.012054752558469772
2025-02-25 00:00:00+00:00,-0.02977666935499812,-0.0010888231375701242,0.0018057088168442115,0.0019307050826130577,-0.004926872342071271,-0.006629148294832979,-0.012956987525452192,0.0005817329404310492,0.0011731496518926322,-0.012492158287414793,-0.0035876685945731117,0.0012147061138493,0.0012438590244918226,-0.012773856941501573,-0.012328721671337386,-0.011848915298400856,0.001675070050423372,0.0008984440998727194,-0.008149372610851665,0.0022600037029134024,-0.011875334259541695,-0.004940956532025235,7.817596348047573e-08,0.0023521763137210883,-0.005059585390843257,-0.016191928538668295,0.0,-0.0008183040559062477,-0.011790091250540275,-0.008548024530844935,-0.004952901301408243,-0.005577317470243338,0.001032608779658183,-0.01287874698709801,-0.012956987525452192,-0.012923977869827779,0.02853665183848536,-0.005584372289674235,-0.0007805786456491308,0.0004746975174381163,-0.011545595712959766
2025-02-26 00:00:00+00:00,-0.05072808622096936,-0.004972262770113155,0.0002824242366495286,0.001671322717668946,-0.005270443514583818,-0.006333856379216749,-0.013598781235035887,0.0005817329404310492,0.0011731496518926322,-0.012917656624325927,-0.0029881826195917154,0.0012147061138493,0.0012438590244918226,-0.003068427064110909,-0.01374414055533125,-0.011242301506011623,0.001675070050423372,-0.00010734178919946658,-0.008716113850103737,0.0031128640624428733,-0.012169815791779686,-0.0046500135147927125,4.497935357505867e-08,0.0015774501036052158,-0.003787768945722385,-0.01874270581570496,0.0,0.005324714646971164,-0.011975261159050723,-0.00776101219832895,-0.004706227316176167,-0.003349324155640434,0.001032608779658183,0.00587970606295944,-0.013598781235035887,-0.0135604015934527,0.019227249048485565,-0.007724617066533576,0.004017219909036852,0.00035567426836280447,-0.002081511542201042
2025-02-27 00:00:00+00:00,0.004225980660949702,-0.022473092130713555,8.354516636464632e-05,0.0019908554312376434,-0.005882587353979198,-0.007107542155158509,-0.013187723531610806,-0.02441440594410795,0.0011731496518926322,-0.013064442651394968,-0.0022492087957851907,0.0012147061138493,0.0012438590244918226,-0.023360311885230165,-0.012671390493914846,-0.03161872047892138,0.001675070050423372,-6.335283701019989e-05,-0.008103768004857828,0.0020148546075731883,-0.01257698188549796,-0.0035189780481014905,7.662752743442525e-08,0.0016117899381704603,-0.0030503069779023403,-0.01249403389931676,0.0,0.001875015613966045,-0.012826575004279514,0.0022230848547769404,-0.0035855022993519572,-0.0038401419111113886,0.001032608779658183,0.004835876688150258,-0.013187723531610806,-0.013169422062838663,0.0219243771020247,-0.011528819492381192,-0.00013443015167445733,0.0011705724728070521,-0.014786004088819027
2025-02-28 00:00:00+00:00,-0.003917962993897461,-0.004496266454247714,-0.0008217722716113496,0.0011040439954039464,-0.0057402119612595896,-0.00597430814371879,-0.012280827447858834,-0.02441440594410795,0.0011731496518926322,-0.012169018732357168,-0.0019552360022783047,0.0012147061138493,0.0012438590244918226,-0.00048180966811130975,-0.012728103147903316,0.007262015876672037,0.001675070050423372,-0.0016902136570156046,-0.007788105832222806,0.0024791435472752807,-0.011738805761962248,-0.004128002350495344,-6.383451989222522e-09,0.00033583820472316006,-0.004519278044032288,-0.016513460746039797,0.0,-0.010190959632735244,-0.01264510155288685,0.003463853397285604,-0.004218158574055806,-0.0008043970198062948,0.001032608779658183,0.011113257015260194,-0.012280827447858834,-0.012268356642114734,0.03421359361015926,-0.010135511035184877,0.0022707845551426104,0.00011453699444352594,0.005842125974595547
2025-03-01 00:00:00+00:00,0.01947078336241681,0.004915489403526167,2.9822024486371793e-06,0.00112215992157861,-0.004380179900144935,-0.008663680081696998,-0.008568463745520487,0.0005817329404310492,0.0011731496518926322,-0.008927991129922423,-0.0012452650351488725,0.0012147061138493,0.0012438590244918226,0.012917505879651249,-0.00707874833975634,0.0169487616424876,0.001675070050423372,-0.0014805046886987583,-0.005859123969047527,-0.005295219244187643,-0.008856589024746397,-0.0024871967215644754,5.918280976402457e-09,0.0004621775152671148,-0.004214713517633563,-0.012034211800882256,0.0,0.01626920825803465,-0.00963388405129864,0.0015720263330140092,-0.0025514316760667215,0.004293240211411936,0.001032608779658183,-0.004785248259131122,-0.008568463745520487,-0.008567273013971916,0.04217782670321409,-0.00958582803242528,-0.0008650763749364233,-0.00030152830652419027,0.017936475574970245
2025-03-02 00:00:00+00:00,0.09121501495686424,0.002096955545093648,0.000572898582788155,0.0007288175489968587,-0.004820141787365784,-0.00746202869798104,-0.011155467572110514,0.0005817329404310492,0.0011731496518926322,-0.011048914386693205,-0.002653326410957453,0.0012147061138493,0.0012438590244918226,0.001321620792058887,-0.006044006060428882,0.0037676424911171295,0.001675070050423372,-0.001922067723020504,-0.007959674591853242,0.0021024248860388273,-0.010559177415890623,-0.005064414822554137,-2.941163934622182e-08,7.318245119947164e-05,-0.009538745867067688,-0.0032765671238034213,0.0,-0.010069880216139995,-0.010921216842356815,0.0016069772829946285,-0.0051324747330885635,-0.000531859964834753,0.001032608779658183,-3.033662302502453e-05,-0.011155467572110514,-0.011142432066810431,0.03528091588113347,-0.007015896956720149,-0.002013304673637798,-0.0004765080047768322,0.0008204756304621696
2025-03-03 00:00:00+00:00,-0.09082270482945631,-0.0016063309701794405,-0.00033531372850880824,-0.0005383393641281611,-0.003949165094339575,-0.00815135978572633,-0.011279000408829658,0.0005817329404310492,0.0011731496518926322,-0.010648841905206076,-0.0029519844869497864,0.0012147061138493,0.0012438590244918226,-0.0033810476603878823,-0.0075949026082431734,-0.0031718695522329294,0.001675070050423372,-0.003041558412055778,-0.009411433639874569,-0.0020637443872797714,-0.009821461336059939,-0.00798896786908547,-1.3778515395301838e-07,-0.0008606002605020535,-0.02351832561959817,-0.003824390695123315,0.0,0.011910048273928308,-0.009615313885876426,-0.005716089884412566,-0.0080537201303103,-0.004395892230792262,0.001032608779658183,-0.021230466319564635,-0.011279000408829658,-0.011253986162743002,0.02201605948434841,0.0016729035821056591,-0.002112771037934165,-0.001097634538366421,-0.004898826591670513
2025-03-04 00:00:00+00:00,0.013348200634373697,-0.004496266454247714,0.00469294231505722,0.0023710938346677814,-0.0033485707047462903,-0.007527016601560249,-0.00883531850039563,0.0005817329404310492,0.0011731496518926322,-0.008580415706382186,-0.004917745312511597,0.0012147061138493,0.0012438590244918226,-0.019713310603383837,-0.007474036716513881,-0.018983493325566293,0.001675070050423372,0.00156215136911797,-0.006398385668263881,-0.005981245911700026,-0.00825916888271951,-0.003396397065084717,1.3719229485786855e-07,0.002658770852276504,-0.016758572632499493,-0.0069810973388074096,0.0,-0.01569087328189095,-0.007180141217929318,-0.006831565073796329,-0.003398243900179219,-0.009054166577928888,0.001032608779658183,-0.01187073616886629,-0.00883531850039563,-0.008803585601280653,-0.0032115828811973587,-0.00650916659656288,-0.0049131370657261916,0.0015189517076628078,-0.019203810021281242
2025-03-05 00:00:00+00:00,0.03825541905303531,-0.0038024995404722134,0.0007003660257744195,0.0010009990612737634,-0.004542634057720669,-0.007956704459727588,-0.014031474559250641,0.0005817329404310492,0.0011731496518926322,-0.012611133432762333,-0.004320812716970205,0.0012147061138493,0.0012438590244918226,-0.01340956361557607,-0.0065135527496672,-0.0190053750106618,0.001675070050423372,-0.0013783298078138273,-0.010863907229842934,-0.001606354010122345,-0.011222660993167571,-0.006134444071265232,-2.0162955749469802e-08,0.0003702363340210013,-0.022230118061041013,-0.02169659929131616,0.0,-0.00045473996605584015,-0.009360534100515292,-0.012318806059037148,-0.006255815223476418,-0.00735957363114253,0.001032608779658183,0.007842086798341152,-0.014031474559250641,-0.013975057281265925,-0.006297824978806994,-0.004752962205134977,0.0022402658572232784,-0.00046907671208096247,-0.015636270865797997
2025-03-06 00:00:00+00:00,-0.007329931515325683,-0.0016063309701794405,-0.0013524619225117806,0.00039458774050049627,-0.003124093563686356,-0.007710850473579549,-0.012106352291421589,0.0005817329404310492,0.0011731496518926322,-0.010928763172231855,-0.0035844072073262065,0.0012147061138493,0.0012438590244918226,-0.007579003225278995,-0.006622309225355855,-0.0006120662975243714,0.001675070050423372,-0.001755251358146026,-0.009985605157972496,-0.005643582816370323,-0.009713468039958172,-0.00608400165173881,-5.778686684720924e-08,4.798640049585856e-05,-0.024338521808723687,-0.010204094139464168,0.0,-0.029153273523309983,-0.007092881782068228,-0.007669403985355538,-0.006124067352180679,-0.005945289959849782,0.001032608779658183,-0.019305440796344095,-0.012106352291421589,-0.012045942966750947,-0.04732793819955289,-0.0009489158881766869,0.0018412871801204828,-0.0007272110783169694,-0.001668438664637506
2025-03-07 00:00:00+00:00,-0.036438378269309624,-0.0064997600914925785,0.002073474261102422,0.0010841391589779975,-0.004504167173243474,-0.007228641702918781,-0.015584896067131579,0.0005817329404310492,0.0011731496518926322,-0.014513048610651572,-0.0037397536909239853,0.0012147061138493,0.0012438590244918226,-0.011797020715498025,-0.016943848458068823,-0.004043325712204049,0.001675070050423372,-0.0004005240038953417,-0.011831951055568038,0.006199569161019842,-0.013114605921083941,-0.007341204725861671,1.1072161854031037e-08,0.0010553909046944199,-0.030223828755009563,-0.03760544701145113,0.0,-0.04246551566948709,-0.01036644956293344,-0.0138696383511055,-0.007366492525410933,-0.006782136300097773,0.001032608779658183,-0.011493781541616175,-0.015584896067131579,-0.015528592966837137,-0.06884714225298387,-0.0015136491633105029,-0.0046041950138822965,0.0003574189059190047,-0.009696399793028831
2025-03-08 00:00:00+00:00,-0.0068026569501213885,-0.003290935879896928,0.002152474060140167,0.0016697881861193018,-0.0048135345815651966,-0.007608587119535021,-0.014531523259527414,0.0005817329404310492,0.0011731496518926322,-0.013706577334261751,-0.003191282489878808,0.0012147061138493,0.0012438590244918226,-0.006204507652688411,-0.017195742001031588,-0.003641735469561091,0.001675070050423372,0.00013412353140473954,-0.010491281502930877,0.002379446382169661,-0.01252163461483853,-0.0050285756076268095,5.5042116642312067e-08,0.0014499713259219504,-0.02572202653800557,-0.03020273981259462,0.0,-0.034908031090344877,-0.010428094773308584,-0.00946867429335461,-0.005087397255603393,-0.006344579976423038,0.001032608779658183,0.01230318294430172,-0.014531523259527414,-0.014487659760072281,-0.04106975912508087,-0.004603240015030589,-0.0003033526749534805,0.0007050965565582601,0.0001978204818442464
2025-03-09 00:00:00+00:00,-0.06663174322153331,-0.010425977668912855,0.00011847327035025414,0.0012473361915812287,-0.005539703413868505,-0.005409896049313084,-0.014378013823153773,0.0005817329404310492,0.0011731496518926322,-0.01400958422119913,-0.0031309746466127277,0.0012147061138493,0.0012438590244918226,-0.015661048515766506,-0.016686356165446413,-0.011562576539861228,0.001675070050423372,-0.00083481049006906,-0.010283774144687558,0.008187663398385088,-0.012983745920372974,-0.0046992606253618485,1.0275856610064693e-08,0.0006890097446081711,-0.024804358552024335,-0.03482491699105202,0.0,-0.046740497706157666,-0.011972508864803435,-0.006346550123614445,-0.0047968858317674395,-0.006775178632377323,0.001032608779658183,0.02502784922026699,-0.014378013823153773,-0.014359043130297355,-0.07794677421488172,-0.004798086549684424,-0.00013655894061713708,-0.0001068576731686477,-0.004590477328747511
2025-03-10 00:00:00+00:00,-0.0260053559872766,-0.007112994801676398,0.0011362369724014815,0.002202751884990706,-0.007380988116465028,-0.006336833575510936,-0.013098661580147233,-0.021909720776729813,0.0011731496518926322,-0.013856958035001234,-0.002329092469151699,0.0012147061138493,0.0012438590244918226,-0.013393799786203388,-0.019449123530487104,-0.013396097690999571,0.001675070050423372,0.0002424714948681128,-0.006907893639141693,-0.009708976408895554,-0.013739124323090228,-0.0034852956440486037,1.006507908130061e-07,0.001515536418194685,-0.019831800943867595,-0.015467080379834516,0.0,-0.034320953092869894,-0.016127551775626213,-0.001513181065086938,-0.003573266140450596,-0.004579604092834673,0.001032608779658183,0.0016819091160997363,-0.013098661580147233,-0.013125497031454953,-0.0214323246471108,-0.010267928649819999,-0.003719163622774277,0.0009269528660560411,-0.003507275367155671
2025-03-11 00:00:00+00:00,0.05367293406512452,-0.007471695750240169,-0.00015953287410392487,0.0016442234404312384,-0.002729466144137051,-0.00544461736332293,0.001468348930756599,-0.02441440594410795,0.0011731496518926322,-0.00030101090600839677,-0.0017334825022708921,0.0012147061138493,0.0012438590244918226,0.0025064905487504753,-0.0023210954049578867,0.0017265451774149411,0.001675070050423372,-0.0012640682834117456,0.0015899737220821373,-0.00888598828556855,-0.001438934333417913,0.004930060688971464,3.928261804730937e-08,0.00034198452612521635,-0.005548035559037335,0.0019339456516650787,0.0,-0.006584158867689002,-0.004969731088474339,0.00491702693449191,0.00479354775102395,-0.0015515100817521952,0.001032608779658183,0.02180985398074549,0.001468348930756599,0.0014128633957351552,-0.017991469810382476,-0.011660290993397727,0.003872090595791228,0.0006961895914479044,0.005823126062750816
2025-03-12 00:00:00+00:00,0.010326959815815329,-0.010956953917510278,-0.0019163192793113563,0.00022050938509971083,-0.004426169564747765,-0.003496312371603883,-0.008670757314023406,0.0005817329404310492,0.0011731496518926322,-0.008657984404334278,-0.0022841514738495034,0.0012147061138493,0.0012438590244918226,-0.011485004136836773,-0.005775706570248701,-0.0056559190732445195,0.001675070050423372,-0.0031001838487174638,-0.0047143045101703095,0.005022280315971405,-0.008508684493577546,-0.0026290011908049523,-8.107574878124524e-08,-0.0011177834206534953,-0.02188331664228472,-0.0035357991900555282,0.0,0.0003316658717314199,-0.009980996328450417,0.0007825836262858527,-0.002689872481743452,-0.004573629658989925,0.001032608779658183,0.023228375371249464,-0.008670757314023406,-0.008663132137972011,-0.0021503383685180706,-0.0058814823156418585,0.0005403036875178565,-0.0006908171481310177,-0.006214573513716459
2025-03-13 00:00:00+00:00,-0.03223376776091058,-0.005352211680094324,0.0012770757355566927,0.0007618506779613506,-0.004231580831219882,-0.004392540149687816,-0.008917895921624203,0.0005817329404310492,0.0011731496518926322,-0.008607744587710263,-0.0031747030989187895,0.0012147061138493,0.0012438590244918226,-0.007119465002435675,-0.01115791832956684,-0.010334295927014197,0.001675070050423372,-0.0016170401303590154,-0.0037193172523667275,-0.0018854200909318836,-0.00861569073130004,-0.0041304176458553735,-1.5599541214328383e-08,-3.093779927176854e-05,-0.024228413811307022,-0.027875097921389723,0.0,-0.0029439432039862936,-0.01044243950771443,-0.011280450982366306,-0.004102035286259031,-0.004744545140683593,0.001032608779658183,-0.018708640471996024,-0.008917895921624203,-0.008893364879680446,-0.026082645396573432,-0.004448046585363909,-0.009537349559522125,-0.0004814115005942199,-0.005127379205077887
2025-03-14 00:00:00+00:00,0.035176581475923285,-0.001883330434000101,0.0027581493585136984,0.0015551364400633093,-0.003598082512066338,-0.004296638372396128,-0.0055708334452817,0.0005817329404310492,0.0011731496518926322,-0.00559234468992853,-0.0024322172012695917,0.0012147061138493,0.0012438590244918226,-0.005436212161256362,-0.006603671141889783,-0.008450705876509604,0.001675070050423372,-0.0005813613827019282,-0.0015489593168819906,0.001617720113654417,-0.005912551334453263,-0.001521957155445371,4.869078829017326e-08,0.0007282414120055591,-0.01816430968758161,-0.0036784565192078188,0.0,0.02922148642416948,-0.008300664408532612,-0.001396770164088048,-0.001533151771214704,-0.0035212217680011828,0.001032608779658183,0.0005661878820641935,-0.0055708334452817,-0.00556114559900156,0.007975448688519137,-0.006906150637867482,0.00037680550711323587,0.00034443554246266217,-0.005091326776891947
2025-03-15 00:00:00+00:00,0.004444222151272825,-0.009274810906757275,-0.00014392515834933022,0.0005214827108197047,-0.0027758304243841354,-0.003394523438888889,-0.006127066835188933,0.0005817329404310492,0.0011731496518926322,-0.0054501766620355906,-0.002395024475034063,0.0012147061138493,0.0012438590244918226,-0.003508872206882578,-0.000689306242486451,-0.005958478311796386,0.001675070050423372,-0.0021946767984264426,-0.0028617000822975165,-0.00760617655490021,-0.005301985518099757,-0.0029162398767691574,-5.313601469936202e-08,-0.0005556465316871595,-0.018876009459587065,-0.004762760727721759,0.0,0.01584769605971783,-0.006648996036535468,-0.005849070708999779,-0.002939802622785264,-0.0024803582842535506,0.001032608779658183,-0.0021024052342197563,-0.006127066835188933,-0.006094891371117742,-0.012700899257191419,-0.003183983374844447,0.004026927580695897,-0.000221068401129898,-0.005193243268877268
2025-03-16 00:00:00+00:00,-0.0211293785421951,-0.0022652798045441264,0.0008720881398997931,0.000902022916945316,-0.0032144001490053255,-0.0036205044663257632,-0.009072768721163704,0.0005817329404310492,0.0011731496518926322,-0.008140855274218192,-0.002271818773671695,0.0012147061138493,0.0012438590244918226,-0.009106071631573719,-0.006681967949408535,-0.008129816759718234,0.001675070050423372,-0.001184985171025943,-0.00456154486381811,-0.0073110309072696575,-0.007719943647606677,-0.004864330519615746,-6.713312572514951e-09,0.00018269419762972916,-0.019326175883733664,-0.01054091411521301,0.0,-0.00044990964881075454,-0.008081034952734092,-0.007381551922665178,-0.004826742661727944,-0.003236463289585934,0.001032608779658183,-0.02409662202985867,-0.009072768721163704,-0.009024657812066125,-0.03935741860626532,-0.002509519507773698,-0.00015729008624471952,6.196752773135472e-05,-0.00936535932123661
2025-03-17 00:00:00+00:00,0.017953698574084243,0.002985264820646254,0.0020690916236504216,0.0013861461373112915,-0.0024096576345232572,-0.0031219828902989285,-0.005414509829379229,0.0005817329404310492,0.0011731496518926322,-0.005716545475656424,-0.0021886337403342767,0.0012147061138493,0.0012438590244918226,-0.0009825850472228322,-0.003870535712247806,1.8399053049768715e-05,0.001675070050423372,-0.000571886879082939,-0.00413576667081106,-0.003920639961143005,-0.005557920005785365,-0.0016941439104094067,3.1917034348794004e-08,0.0006242779612737337,-0.00929236031510203,-0.009780755677037432,0.0,-0.0415268186610245,-0.005666428493291372,-0.005974223234842605,-0.0017295304001950906,-0.000649970239774983,0.001032608779658183,-0.013625908522736816,-0.005414509829379229,-0.005411577564223989,-0.00835482317905768,-0.004156849710192446,0.005390971715975641,4.5512282156323636e-06,0.00022474233992397785
2025-03-18 00:00:00+00:00,-0.016274157682193646,-0.01017151594472845,0.00025285951569333854,0.000790121293761684,-0.0029604881582269583,-0.0027128751943024595,-0.012440473747068387,0.0005817329404310492,0.0011731496518926322,-0.010859860924702397,-0.003534634744582556,0.0012147061138493,0.0012438590244918226,-0.012991670843260774,-0.0059338782246204785,-0.011068741892561153,0.001675070050423372,-0.0015266219549978643,-0.008274693744012738,-0.0005841978686304075,-0.009633841696674897,-0.0058564853987809855,-2.7119963164068395e-08,-0.0001424210924874103,-0.014361934177742453,-0.01744736787098388,0.0,0.006782495611660569,-0.007601730476062855,-0.00678262710515096,-0.0058403670285803585,-0.004555253447054758,0.001032608779658183,-0.009720840938672258,-0.012440473747068387,-0.012365230285148136,-0.01904054555940097,-0.0022013383414799747,0.006071102109769104,-0.0004077962794042378,-0.013413959182798862
2025-03-19 00:00:00+00:00,0.04878787945306051,-0.0016063309701794405,0.0011016481355746184,0.0012888815517952516,-0.004836737463823386,-0.0026800556809775038,-0.015491693560520665,-0.021909720776729813,0.0011731496518926322,-0.014239846264322786,-0.003574792369524173,0.0012147061138493,0.0012438590244918226,-0.003929256046895964,-0.011297427983614494,-0.005281956384715519,0.001675070050423372,-0.0006438542627922317,-0.008956218498696591,-0.005430896126535053,-0.013122754977465526,-0.007555919052919353,2.458293657525701e-08,0.0005119702009075411,-0.014613268452442627,-0.001777997148420472,0.0,0.018012563404752675,-0.012250891684809414,-0.00781402482215831,-0.007512783579123387,-0.006437682774827102,0.001032608779658183,-0.014961902940515371,-0.015491693560520665,-0.015430871960945251,-0.01867067862349719,-0.0034464564200206156,-0.003690873508046527,0.0005653821093023481,-0.0014113335637375712
2025-03-20 00:00:00+00:00,-0.03142591561831054,-0.006823458271422804,0.0001072136370042241,0.0002552128245737336,-0.003726899556827889,-0.003378881415527039,-0.009127736625685945,0.0005817329404310492,0.0011731496518926322,-0.00923712138227627,-0.002740274377156525,0.0012147061138493,0.0012438590244918226,-0.008888166900372503,-0.009527186881185892,-0.008654011095405468,0.001675070050423372,-0.0020356249338622234,-0.006524830194359914,-0.0009892830544878583,-0.008766519591454622,-0.005306141943080103,-7.369663812539784e-08,-0.0006018966611058829,-0.014001890368754426,-0.01970022632683927,0.0,-0.0027248523623979153,-0.009774693982346734,-0.005267739765425386,-0.005349577432492504,-0.003951604724446578,0.001032608779658183,-0.006509167106451113,-0.009127736625685945,-0.009131473393582792,0.0017589062408149986,0.0011736792760564394,0.001884993798048173,-0.0006204255424258065,-0.01135943178087473
2025-03-21 00:00:00+00:00,-0.001473786636289276,-0.004496266454247714,0.0020860537185557002,0.0014730826241184686,-0.002649229236759692,-0.004073239376551203,-0.005290754414379378,0.0005817329404310492,0.0011731496518926322,-0.006038541920847258,-0.0030510268980199207,0.0012147061138493,0.0012438590244918226,-0.005931440715186387,-0.016307589802678952,-0.007499420422211257,0.001675070050423372,8.432557423709852e-05,-0.0035236986942064215,-0.006083158847787112,-0.0061638707936587924,-0.0019973170266611717,4.747039739072534e-08,0.0010068923022092946,-0.007508390656837914,-0.009352263407790912,0.0,0.010985706817554114,-0.007171482848324208,-0.005215052247436227,-0.0019950988591184975,-0.00423940716322244,0.001032608779658183,-0.0280423255511366,-0.005290754414379378,-0.0053048416518621175,0.020525817736783903,-0.0017102399227734487,0.00021376862008970422,0.00013800952048015347,-0.010932531207799911
2025-03-22 00:00:00+00:00,-0.002510880251037406,-0.008095767994196536,0.0012862998332870334,0.001130610069235827,-0.0045220083519955535,-0.0022340072381032924,-0.01069633790449391,0.0005817329404310492,0.0011731496518926322,-0.01064469240161903,-0.0032567339228868138,0.0012147061138493,0.0012438590244918226,-0.010883464085610103,-0.010235417550947803,-0.011289485942976192,0.001675070050423372,-0.000784556210977172,-0.006688544381846514,-0.001959048022147458,-0.01018585112271502,-0.005267406041707287,2.226304474106655e-09,0.00031598681369082726,-0.011362452736106315,0.01438997136910226,0.0,-0.005313780904058785,-0.011471272208121967,-0.008921058084152262,-0.005311800934045591,-0.004209600872750122,0.001032608779658183,0.007904831862083505,-0.01069633790449391,-0.01069250118160238,0.027294044627724307,-0.0016896195599935787,0.004842159732063343,-9.699127921436457e-05,-0.010272817686200142
2025-03-23 00:00:00+00:00,0.026158789817674943,-0.0015577859103625123,0.0002608079633486042,0.001101934819777839,-0.003578081575308302,-0.0037075956045802675,-0.00646167894901505,0.0005817329404310492,0.0011731496518926322,-0.0070799361840473305,-0.003064071197856683,0.0012147061138493,0.0012438590244918226,-0.005990909365868434,-0.010723779963102547,-0.007163345943296384,0.001675070050423372,-0.0007821829211813736,-0.003821930841929912,-0.0029010853218762542,-0.007201120701682014,-0.002998078222257022,3.792820280068554e-09,0.0003002514026118064,-0.008000971954558641,-0.01734165893122891,0.0,0.0012453124458676867,-0.009378437424021897,-0.009227776244661383,-0.003032820358679776,-0.003448239963486178,0.001032608779658183,-0.009293922142475102,-0.00646167894901505,-0.006480250078741137,-0.01631556651843776,-0.0017625601542350007,0.004587574487413575,0.0003853654697607567,-0.011414541862905025
2025-03-24 00:00:00+00:00,0.016647018673747738,-0.0006983128861057797,0.0003707109562008584,0.0006129123151624373,-0.002502205566673266,-0.0013607744360989004,-0.006847381850313055,0.0005817329404310492,0.0011731496518926322,-0.0065455848167654054,-0.0036296113700615097,0.0012147061138493,0.0012438590244918226,-0.008201876507412236,-0.011857864540993164,-0.01159020031754922,0.001675070050423372,-0.0013389360143651885,-0.004172864099018259,-0.003936218036691831,-0.006351919597715241,-0.0038770814607343223,-3.951423188652825e-08,-0.00015896383231250866,-0.008268160410754295,0.008674224481319534,0.0,-0.0136607175003831,-0.007421781440280755,-0.006627558394884772,-0.0038725012104072745,-0.004135998866326548,0.001032608779658183,-0.014132612158591079,-0.006847381850313055,-0.006827683034403639,0.0033783850057020827,0.0007069504415903749,0.005144850834206261,-0.0002778869210242618,-0.01163923554122448
2025-03-25 00:00:00+00:00,-0.0003110343685897021,-0.0015577859103625123,0.0010940477946457842,0.0007078661990425458,-0.0031484325461779913,-0.0028964407128589434,-0.010793745571159929,0.0031093465277902345,0.0011731496518926322,-0.009723730412220272,-0.003070501172136166,0.0012147061138493,0.0012438590244918226,-0.01164956353945776,-0.013673284264502986,-0.013402363642873335,0.001675070050423372,-0.0008357480720970756,-0.006342521497663581,-0.006661987822713183,-0.009104792765430992,-0.006722408271157846,-2.5146261961594973e-08,0.00019719402138029807,-0.011727839503384949,0.018094331056015857,0.0,-0.013241545593049643,-0.009391534924352591,-0.009074321724172763,-0.006672903293776764,-0.0021889191062361385,0.001032608779658183,-0.015069979681072132,-0.010793745571159929,-0.010742815536453539,0.008317992085918085,0.002116646938586459,0.0010713849766602892,-0.0006310857838496275,-0.012827527709305286
2025-03-26 00:00:00+00:00,-0.006547157036870033,-0.0006551168823607041,0.0017786659092061314,0.00100764905070471,-0.0026714261055303234,-0.001327006865185628,-0.008340937590726839,0.0005817329404310492,0.0011731496518926322,-0.008006082822404219,-0.003387875086071802,0.0012147061138493,0.0012438590244918226,-0.005189427339517485,-0.014363755135787767,-0.005352237384403788,0.001675070050423372,-0.0002791616745305703,-0.005821061273868557,-0.0037070962355393506,-0.007614232549721254,-0.00496104367636996,4.69796646029863e-10,0.000602128690118775,-0.008120964680898833,-0.003125473339724304,0.0,0.002809460747108681,-0.007971430320569762,-0.006810607682667847,-0.004951893812553048,-0.0036534584470124293,0.001032608779658183,-0.01892956298749468,-0.008340937590726839,-0.008317662000792973,-0.0028400052541309615,0.0019016090917632572,0.0056152291572994385,-0.000150461575852745,-0.007742716930806637
2025-03-27 00:00:00+00:00,0.0031735085032362775,-0.0006584773512036892,0.0013433290218069658,0.0011536406352787658,-0.004376794178496922,-0.0006484833124886073,-0.01166400053464161,0.0005817329404310492,0.0011731496518926322,-0.011268951476493785,-0.0038423257802359667,0.0012147061138493,0.0012438590244918226,-0.00950627237516247,-0.010023753303589386,-0.004951720797264948,0.001675070050423372,-0.00013612679073382594,-0.0072846439259975655,-0.004699903575177952,-0.010749805252520029,-0.007081274292409514,9.889827623510428e-09,0.000698605826610077,-0.010238342005128232,-0.008172801146033517,0.0,-0.017413736408030647,-0.011996741425422196,-0.007875648976017408,-0.0070858615374082955,-0.005097935043957394,0.001032608779658183,-0.008769776177340786,-0.01166400053464161,-0.011644089071546055,-0.001128009194171188,0.001153971250829652,0.004075868499251583,0.00046298596197758,-0.00871296226978302
2025-03-28 00:00:00+00:00,-0.03292956550032855,-0.0018107484291612118,0.0007022331684636118,0.0010088513574419943,-0.002155172907303405,-0.005195221440437542,-0.005614452151325294,0.0005817329404310492,0.0011731496518926322,-0.005458775604901066,-0.003890485537783545,0.0012147061138493,0.0012438590244918226,-0.008385452690668935,-0.008264411242062245,-0.008673095679133701,0.001675070050423372,-0.0003885475896936441,-0.003686183826781162,-0.00043502144844170495,-0.005454316559590209,-0.003877618919339758,-4.7937369629380555e-09,0.0004920706056008584,-0.004101259472383226,-0.0005617565584958388,0.0,0.012922822900248623,-0.006947431763978896,-0.008094494473424318,-0.0038793015265714713,-0.003840186253582209,0.001032608779658183,-0.014191335443948612,-0.005614452151325294,-0.0055959700912539476,0.0006038633091928788,0.0013323157676297986,0.009595435179777463,0.00011198393741906898,-0.005223031621426344
2025-03-29 00:00:00+00:00,-0.02103168000812694,-0.0010888231375701242,0.001383683827593441,0.0016002496375250024,-0.00347795884087015,-0.001171332904815612,-0.009585822615873867,0.0005817329404310492,0.0011731496518926322,-0.009258893024496725,-0.0033937468733209086,0.0012147061138493,0.0012438590244918226,-0.003220330947777317,-0.011044043247364105,0.001920471423155648,0.001675070050423372,0.0003494915866024684,-0.0059652540917592405,-0.004364832954592012,-0.008889871030003185,-0.004519428911027038,4.974184442119167e-08,0.0010577359415222531,-0.004796442150377311,-0.0029065079222663393,0.0,-0.014182805993990234,-0.009369002486291245,-0.003989121933393954,-0.004517211663108398,-0.004037030439712134,0.001032608779658183,-0.01742560996775716,-0.009585822615873867,-0.009559785362828479,-0.014975990540540066,-0.0016986423351579836,0.007693933655886784,0.00015918368602996225,-0.0005714361323043704
2025-03-30 00:00:00+00:00,-0.0031899515997135808,-0.007778182931524315,0.0006475234254700792,0.001478735727879693,-0.0038334816928710267,-0.0025351686246012357,-0.010018631336005362,0.0005817329404310492,0.0011731496518926322,-0.009671407176139665,-0.0029952478176931362,0.0012147061138493,0.0012438590244918226,-0.0018751940452933218,-0.010557732731777361,0.002958194980314759,0.001675070050423372,-0.00023813432708941207,-0.006244082787336487,-0.001935767914187238,-0.009234496029490072,-0.003976708341391624,3.176954166406176e-08,0.0006029938710980787,-0.002922795486639294,-0.008032791501746043,0.0,-0.0002543029959603067,-0.009689099767025781,-0.003726139226306151,-0.004006018584450666,-0.003457382100317651,0.001032608779658183,-0.008850013212979476,-0.010018631336005362,-0.009994524533077241,0.009367532932071446,-0.0034090573387302514,0.008408649337327987,0.00019851011403204666,0.001242167898453772
2025-03-31 00:00:00+00:00,0.00260051281161644,-0.008191386891016752,-0.0001566660919939428,0.0011604142725825748,-0.004275171146142689,-0.0037669932172798245,-0.011276095593978755,0.0005817329404310492,0.0011731496518926322,-0.010694237617517071,-0.004043218480964894,0.0012147061138493,0.0012438590244918226,-0.017062754014662607,-0.007685180538592266,-0.019176442617741582,0.001675070050423372,-0.0008287736551935154,-0.006474112687755726,-0.0034234176560468477,-0.010219912858574199,-0.005177644154789776,4.818637933112768e-09,0.00013845094459519203,-0.0039015738504183423,0.0009827119467726647,0.0,-0.009932012655858836,-0.010978514170379157,-0.007027266995762331,-0.005186910930752754,-0.0058143790479833184,0.001032608779658183,-0.004654910740597909,-0.011276095593978755,-0.011243248576171162,-0.004647358393719294,-0.0033899714674835513,0.006458236419902371,0.000428687377189263,-0.01783732883632183
2025-04-01 00:00:00+00:00,0.03124852053156779,-0.0012944923684539093,0.0003533698327105216,0.0010194619376920069,-0.003879086746735548,-0.0037142612487321533,-0.008698211325063529,0.0005817329404310492,0.0011731496518926322,-0.008672024252383434,-0.003982917739709693,0.0012147061138493,0.0012438590244918226,-0.01539098191773208,-0.006105812938277859,-0.014449264657819642,0.001675070050423372,-0.0009676344010269844,-0.00483186432875023,-0.00448675409546568,-0.008567412302617101,-0.00425001720479175,-3.928205316583444e-09,1.1440273587126626e-05,-0.0020991768286584994,0.0033497243950036124,0.0,0.008271328259768196,-0.010189026375682168,-0.002768926071624818,-0.004259588209788124,-0.00587648123837751,0.001032608779658183,-0.013508756232365611,-0.008698211325063529,-0.008687194105757646,0.011152862066422554,-0.0028603735759605104,0.00441522320955726,0.00010871106147014586,-0.01688210666179657
2025-04-02 00:00:00+00:00,-0.032014458322985107,-0.0006551168823607041,0.00035307753302293247,0.0005156514538273537,-0.0031911281119803648,-0.0037619571496682407,-0.008095550183253735,0.0005817329404310492,0.0011731496518926322,-0.007775981616241428,-0.003219764514807691,0.0012147061138493,0.0012438590244918226,-0.005525887004068686,-0.0069482167510332635,-0.0005584130053598262,0.001675070050423372,-0.0014650141132790395,-0.004785630004629357,-0.0031109497685712717,-0.0075672277452729945,-0.004855261133508988,-4.720255120105321e-08,-0.00040438573634205,-0.0029327687571627163,-0.0122048524474592,0.0,-0.01887639334106019,-0.008890300864493708,-0.008653051148092611,-0.004852355604252965,-0.003289286204835134,0.001032608779658183,-0.017291897838244308,-0.008095550183253735,-0.008075844584600629,0.0004398840511709586,0.00015646130907670148,0.004587203349159489,-0.0008661675834211735,-0.004703818820416927
2025-04-03 00:00:00+00:00,0.007453656492041105,-0.0020673762306904504,0.0021279680049191303,0.0015181946188546345,-0.003482227749566809,-0.005969768844546065,-0.008031688522475364,0.0005817329404310492,0.0011731496518926322,-0.00822547377191403,-0.0037141529488920835,0.0012147061138493,0.0012438590244918226,-0.004723863409997701,-0.00984140571342835,3.902546459216826e-05,0.001675070050423372,0.0001397301274899121,-0.004939224940019362,-0.0012876551434708415,-0.008110593661331704,-0.003683843013281062,4.8359462212488324e-08,0.0008136056177381334,-0.0025966431744022032,-0.007115246924028203,0.0,-0.019740791894601865,-0.009052671326818378,-0.006387312639628649,-0.00368102765243171,-0.004525022890870098,0.001032608779658183,-0.03021406782770615,-0.008031688522475364,-0.00802827646920684,-0.003271699745921454,-0.0026895390679878162,-0.002437121304195226,0.00032116444208263317,-0.004734643269330263
2025-04-04 00:00:00+00:00,0.008876865806506373,-0.006712141082784429,0.0007616061206312436,0.0009856276291599134,-0.00380893585302934,-0.0028574422114676632,-0.010374012538111491,0.0005817329404310492,0.0011731496518926322,-0.009795172915896877,-0.0035422407464484537,0.0012147061138493,0.0012438590244918226,-0.008577465204416865,-0.008530827577655324,-0.005799541124047201,0.001675070050423372,-0.0009371437420089279,-0.006778658686982266,-4.705538279660991e-06,-0.00920753358034821,-0.00542356101654739,-1.1259070120672732e-08,-3.428477638678373e-05,-0.0031898889569515767,-0.005349401296269081,0.0,-0.0027277337365566308,-0.009729911389384957,-0.007977088641527795,-0.005453627682308233,-0.004299395034099778,0.001032608779658183,-0.009003263885717554,-0.010374012538111491,-0.010348500523860204,0.00639651721082754,-0.0017926096956188192,0.00653439867563649,0.0002827453326013085,-0.012604085728526115
2025-04-05 00:00:00+00:00,-0.004051522069072888,-0.0012944923684539093,0.00023728386314626792,0.0008896608807702905,-0.0025582060916361496,-0.0015934730657782051,-0.0081119613288529,0.0005817329404310492,0.0011731496518926322,-0.007580615536174705,-0.003585527058295568,0.0012147061138493,0.0012438590244918226,-0.007869158172183649,-0.0075253409416219524,-0.008525329819765061,0.001675070050423372,-0.0008837011275399931,-0.005632798940035192,-0.0006600931560487926,-0.007141378955428002,-0.00455678138518946,-1.3408993027042015e-08,-1.2567632357018965e-05,-0.002645441305724125,-0.013605997033853167,0.0,0.01011580723820828,-0.0071312481543373725,-0.010312294661033705,-0.004552882839251056,-0.004700225067167175,0.001032608779658183,-0.027010114949611037,-0.0081119613288529,-0.00807955785839905,-0.008616449603334762,-0.0008491277995148943,0.006620827694076599,3.447406023759925e-05,-0.010655039921402931
2025-04-06 00:00:00+00:00,-0.06544922522509644,-0.0012944923684539093,0.001298586049268303,0.0010954837555953634,-0.0028261935165485724,-0.0016683885164168618,-0.010559585680994764,0.0005817329404310492,0.0011731496518926322,-0.009529941752221861,-0.004034557160029684,0.0012147061138493,0.0012438590244918226,-0.009433736149650767,-0.007524037052542369,-0.007216044124235952,0.001675070050423372,-0.0005042177951963822,-0.007131394157173558,-0.0033734978499575614,-0.008742565407354144,-0.005675607937376113,6.1200182699394645e-09,0.00025934491196366594,-0.0035018941846330395,-0.014525160698266568,0.0,-0.024578805739660054,-0.007795219720182508,-0.010429073345706722,-0.005653295363639134,-0.005089554678359735,0.001032608779658183,-0.024690864229290677,-0.010559585680994764,-0.010504895806559925,0.004497989065988757,-0.0011326935165536767,0.0043035134593315035,-0.0003346913477653146,-0.011252821423113346
2025-04-07 00:00:00+00:00,0.012967507560798452,-0.0010888231375701242,0.002105784086240054,0.0021622449350502853,-0.004234123036102931,-0.002376097735142429,-0.01291077364737428,0.0005817329404310492,0.0011731496518926322,-0.012032098644831044,-0.0030068371404019683,0.0012147061138493,0.0012438590244918226,-0.014569335425839276,-0.010630419239111606,-0.014967402950812782,0.001675070050423372,0.0006646720824559083,-0.00797663739852625,-0.0006139298060850935,-0.011146190669845051,-0.004401979118037065,9.886452900786935e-08,0.0011610003482704911,-0.002333319032081205,-0.012155322587421446,0.0,0.0004864248753389069,-0.00980567759649425,-0.006882348350684216,-0.004404006139357168,-0.005216476409342861,0.001032608779658183,-0.012778715471261437,-0.01291077364737428,-0.01286274161380745,-0.006092365250242345,-0.006822160363579962,0.0018865415436515338,0.0008548860648733836,-0.01565713807940483
2025-04-08 00:00:00+00:00,-0.03811707626174865,-0.002320793028530149,-0.000739556556271215,0.0009792519089330902,-0.004490252992690962,-0.0023123311555764406,-0.01281752200083407,0.0005817329404310492,0.0011731496518926322,-0.012144437079369647,-0.0028065512669652446,0.0012147061138493,0.0012438590244918226,-4.6295892199071326e-05,-0.0109893995679789,-0.004926035089182049,0.001675070050423372,-0.001569701717951233,-0.009288898747736704,-0.0009172622651735093,-0.011136820811426789,-0.0049779689402709125,-1.9587957922340138e-08,-0.0005712346738171448,-0.005048341787635089,-0.016726544170443225,0.0,-0.014022312655784122,-0.010156374159206694,0.00195117202405454,-0.005062908441434674,-0.0031865195148360614,0.001032608779658183,0.01562116293687301,-0.01281752200083407,-0.012786925250818034,0.007571460184697551,-0.005071944369815161,0.004423704263248864,0.00025247936719630104,0.002347413217648864
2025-04-09 00:00:00+00:00,0.07938900944238014,0.002095566197604257,0.0004574132373760284,0.0016840382304097745,-0.004968276504108062,-0.003907007344578538,-0.011839025878350631,0.0005817329404310492,0.0011731496518926322,-0.011810599843269619,-0.00268007937862029,0.0012147061138493,0.0012438590244918226,-0.004636553400331961,-0.012264618468412076,-0.0014733844544037172,0.001675070050423372,-0.0004547470170308543,-0.007520382093167915,-0.0029523973310911877,-0.011315578503679776,-0.004182964741939894,5.7577832279775976e-08,0.00027757463393562887,-0.006826203950934534,-0.02331402620835729,0.0,-0.003728558188545617,-0.011334337809029529,-0.002478354944814882,-0.00422303601044504,-0.001866615698427711,0.001032608779658183,-0.011169423061617114,-0.011839025878350631,-0.011826828652914286,-0.004824981296098055,-0.007995273909026613,-0.004889792806533342,0.0007742385840732169,-0.0038618945982307196
2025-04-10 00:00:00+00:00,-0.0363518545774042,-0.009274810906757275,-0.000958853319971188,-0.00020928757219038844,-0.0030461628363381826,-0.004507149069462292,-0.007356510930303521,0.0005817329404310492,0.0011731496518926322,-0.0074023127530307995,-0.002217557856195665,0.0012147061138493,0.0012438590244918226,-0.004340026708644397,-0.008475418751699998,-0.01104301384380588,0.001675070050423372,-0.0031036598545615135,-0.00676213256053855,-0.011613717454285175,-0.006940769346699024,-0.003789446593229111,-1.199212142921624e-07,-0.001810356327405671,-0.013036504105042495,-0.015261247138456193,0.0,0.009172393729022612,-0.007098669347593848,-0.00477418028889868,-0.003899390310198784,-0.0025256905867197133,0.001032608779658183,-0.0057281624481138205,-0.007356510930303521,-0.007357564009953464,0.013211447280641808,-0.0002659207919920671,0.004612105544131948,-0.0016538798670211463,-0.0023335800506174564
2025-04-11 00:00:00+00:00,0.04636385379527397,-0.0035426848310628973,0.0023422922283708415,0.0014937442902873647,-0.0037954208695931456,-0.004172170445020846,-0.009531557870265165,0.0005817329404310492,0.0011731496518926322,-0.009695362156702522,-0.0029892419933647625,0.0012147061138493,0.0012438590244918226,-0.007228982549402549,-0.016242954140443033,-0.008546554693857993,0.001675070050423372,4.180659654728913e-05,-0.006692549157277253,-0.002339842344257411,-0.009358248081128923,-0.004037564137691136,5.491122045953034e-08,0.0005836663590574886,-0.018498623862007485,-0.007391472644868545,0.0,0.006065777704114334,-0.00900531833171514,0.0010772154111728654,-0.004045555715574928,-0.0037943841454301038,0.001032608779658183,-0.02321282698243969,-0.009531557870265165,-0.009523935982428561,-0.00530676563670608,-0.003458226955612822,-0.010156056817827736,0.00031634286512804977,-0.0031208875589072704
2025-04-12 00:00:00+00:00,0.022317029488567286,-0.008950561564344118,0.0010054499100487825,0.0003238837801505586,-0.003886187375323923,-0.004791352673648705,-0.010452957222036176,0.0005817329404310492,0.0011731496518926322,-0.009989947042408416,-0.0028035844924876405,0.0012147061138493,0.0012438590244918226,-0.008555856226633409,-0.013110542374472463,-0.00904122073450337,0.001675070050423372,-0.0018691414659031125,-0.008358251126980095,-0.00043647290931929177,-0.009210314208653248,-0.0059725319137589475,-7.003497337620956e-08,-0.0009274571653179464,-0.028117095844698875,-0.013652924073328482,0.0,-0.012889903158908,-0.009271646025523167,-0.00477479507096688,-0.006068671107233085,-0.004406375474954417,0.001032608779658183,-0.0026740087423994963,-0.010452957222036176,-0.010439417543857387,-0.021387212173541604,0.000948530736006462,0.0017560712300340986,-0.0002902587114430588,-0.010409903712570667
2025-04-13 00:00:00+00:00,-0.018963852136870685,-0.004972262770113155,0.0007118830296124857,0.0005729059959922475,-0.002918321278102056,-0.002959853302748502,-0.008897068031368648,0.0005817329404310492,0.0011731496518926322,-0.00847338948794919,-0.003474197815505608,0.0012147061138493,0.0012438590244918226,-0.011246369901910818,-0.01819552077977943,-0.008047313517979429,0.001675070050423372,-0.0008829033291153365,-0.007183797472270737,-0.005740310955635564,-0.00791757470975458,-0.0060202815233447084,-3.3711160085658776e-08,-0.0001981392478711541,-0.032878191207347085,-0.0011370588277123815,0.0,0.0012306480375861982,-0.007738802502152477,-0.00875828202887165,-0.006045756056763653,-0.00543341646713344,0.001032608779658183,-0.03148421868931424,-0.008897068031368648,-0.008875822942416784,-0.019944903602171705,0.0028384035050411684,-0.005547445519418784,-0.00015315587370245964,-0.00900343433022499
2025-04-14 00:00:00+00:00,0.010193602875444796,-0.0017187632082571332,0.002626578877509753,0.0013050783852916862,-0.0016410011492258318,-0.0027059582713591674,-0.006109676651615848,0.0005817329404310492,0.0011731496518926322,-0.005695051045047447,-0.0027046135488731776,0.0012147061138493,0.0012438590244918226,-0.008125632692154534,-0.013605939816223789,-0.011521268481918069,0.001675070050423372,0.00022347486134322025,-0.005661925655138645,-0.001321510721304695,-0.005282628626661985,-0.0034227990818191355,2.864585191275637e-08,0.0006360294538065858,-0.02733926637805219,-0.028819401522438705,0.0,-0.027380962823759934,-0.0044674455202663894,-0.004688111633657308,-0.003456461579146328,-0.0018525010686766886,0.001032608779658183,-0.02417724963016106,-0.006109676651615848,-0.006078807599114625,-0.048410492339086175,0.000909571801702491,0.0035542975771728907,-0.00015263345617810842,-0.008030565455555916
2025-04-15 00:00:00+00:00,-0.010384627625775522,-0.01017151594472845,0.0007967232720286877,0.0009104966078583546,-0.003717045926517266,-0.0013494276585328058,-0.013455978229526946,0.0005817329404310492,0.0011731496518926322,-0.012099473825903921,-0.002893105928192789,0.0012147061138493,0.0012438590244918226,-0.011525511393642636,-0.014978268408778871,-0.010052617363042683,0.001675070050423372,-0.0005258649422739126,-0.009644297674783123,-0.0025267525887425315,-0.010860168198305003,-0.007087208654714448,-1.539793359484065e-08,4.745237859005158e-05,-0.03486830561706921,-0.012475824844146425,0.0,-0.02430604028487706,-0.009380396207535857,-0.004803117349805445,-0.007114723932617986,-0.004745779657333413,0.001032608779658183,-0.011116636360883692,-0.013455978229526946,-0.013397710986938363,-0.05588649042549125,0.0017305030750735433,0.0005094135031858274,-0.00035892246142488204,-0.012217744253575802
2025-04-16 00:00:00+00:00,0.004351453244224146,-0.001883330434000101,0.0008884889524668051,0.0012054657268160316,-0.0025236402060775437,-0.0016212757149722144,-0.008680563903553373,0.0005817329404310492,0.0011731496518926322,-0.0082933635960428,-0.0028424815651592284,0.0012147061138493,0.0012438590244918226,-0.002236754616461398,-0.016031452676092225,-0.005446076827297172,0.001675070050423372,-1.9888269584100726e-05,-0.006794080738769276,2.9342289133515813e-05,-0.007650688513800124,-0.0035130619324607844,1.56865063161149e-08,0.00043165849755055774,-0.027483667079281075,-0.01619165454911698,0.0,-0.06025185682913967,-0.006509078773269037,-0.00497630560514536,-0.003536221272334539,-0.00177601057621982,0.001032608779658183,-0.01744229240259941,-0.008680563903553373,-0.008650699433057353,-0.0633452488817066,0.000658553950131793,0.0015188920565720092,0.0005974145956688659,-0.009460551664233208
2025-04-17 00:00:00+00:00,0.010204134780154916,-0.006823458271422804,0.0008205904296170232,0.000995913085534281,-0.005148879538814442,-0.0023172839992048073,-0.01488351862054086,-0.021909720776729813,0.0011731496518926322,-0.013924437598325887,-0.004244223589635324,0.0012147061138493,0.0012438590244918226,-0.023704904093489947,-0.01403650420486406,-0.021791979940681983,0.001675070050423372,-0.0004048976057635656,-0.008945380041667976,-0.00844200701331856,-0.012963349459347429,-0.007755041725393679,-6.573076305471659e-09,0.0001256058457457243,-0.032132464658973375,-0.03290781055177141,0.0,-0.02340507464153202,-0.01325053808275935,-0.011215583685404418,-0.007759333944380419,-0.00846355038643751,0.001032608779658183,-0.009816088398830853,-0.01488351862054086,-0.014841417405734544,-0.055535207932219756,0.0009849170781912157,-0.00633654414233433,0.00014950248639955532,-0.023810086771845818
2025-04-18 00:00:00+00:00,-0.005254861395886934,-0.0015577859103625123,0.0005972797096133197,0.0008685889289721895,-0.0019737867625393532,-0.0037754258046414206,-0.0031604873857573584,0.0005817329404310492,0.0011731496518926322,-0.0037471884884523942,-0.002900377097328223,0.0012147061138493,0.0012438590244918226,0.0031554666098291264,-0.010649296663955289,0.0033595645753134945,0.001675070050423372,-0.0004678947620408991,-0.002113757920573484,-0.0021317337699521552,-0.004061946211762269,-0.0014711684362072631,-1.5413895937399502e-08,6.531281789179388e-05,-0.017947989576538537,-0.0212544789637467,0.0,-0.027027980768450335,-0.005992027998902208,-0.005373409757674728,-0.001494810807408326,-0.0029695252885755417,0.001032608779658183,-0.00645805688304475,-0.0031604873857573584,-0.00316936116028975,0.012627928727532661,0.0018001152316260492,0.0011739330662694349,-0.000597897545697279,-0.0037575068417936563
2025-04-19 00:00:00+00:00,0.007227854353503815,-0.0016063309701794405,0.0012820851290068925,0.0011130026502817565,-0.003955670099122479,-0.003593917774190621,-0.007824450769776878,0.0005817329404310492,0.0011731496518926322,-0.00823009929009592,-0.0032084552196747483,0.0012147061138493,0.0012438590244918226,-0.0058472144573935335,-0.009428513999107047,-0.003862946243373476,0.001675070050423372,-4.164199459921747e-05,-0.004107929080153344,-0.005146277781269301,-0.008316898898165444,-0.004309338941139894,7.937723367490435e-09,0.0003842595985990016,-0.01629098764011885,-0.00999895509258865,0.0,-0.033070371715909985,-0.010880386330895778,-0.009920485261218892,-0.0043188185281588624,-0.004543433275033435,0.001032608779658183,-0.0027409127973131286,-0.007824450769776878,-0.007830406405351856,-0.01003536391828684,0.0011757661836757937,-0.005760374424792266,-0.0001481943516967732,-0.010652255266904831
2025-04-20 00:00:00+00:00,0.001302774044411592,-0.0020673762306904504,0.0008764313558936726,0.0009347580679367099,-0.003277449189579352,-0.0024424914059921633,-0.0034998213687533284,0.0005817329404310492,0.0011731496518926322,-0.0045871936617433206,-0.0028651144513880053,0.0012147061138493,0.0012438590244918226,-0.006015161978873424,-0.0043208879791338806,0.0035563702452703497,0.001675070050423372,-0.0003273645292214411,-0.0013487306709139405,-0.0031684675149771203,-0.005238808165348807,-0.0023761766213725444,-1.0918045134644672e-08,0.00015466249011453215,-0.0099437717296463,-0.013296551281483491,0.0,-0.012006982502209655,-0.009347446284252436,-0.009087421107589743,-0.002414010100658219,-0.0033928497583869213,0.001032608779658183,0.00732595822523101,-0.0034998213687533284,-0.0035352641760486537,0.023031536761382525,0.001710813297857516,-0.0017728021165078567,0.00032343698440762125,-0.010001642629504204
2025-04-21 00:00:00+00:00,0.027155041278543735,-0.001313416746575291,0.0009124204055999096,0.0010109645989600801,-0.0019305954786466026,-0.0005376604013158882,-0.0022898228834517,0.0005817329404310492,0.0011731496518926322,-0.002680406072263197,-0.003130565209587938,0.0012147061138493,0.0012438590244918226,-0.004044359486318682,-0.0038174771137739886,-0.0010704878600412257,0.001675070050423372,-0.00013002717824406318,-0.00014712140736484027,0.0018864718004803194,-0.003290994659493866,-0.0017535940766727175,-1.967926266388531e-09,0.00029899368631980394,-0.005463035501942087,-0.0013323102090968338,0.0,0.004374187846149716,-0.006549812679977719,-0.006259012531047343,-0.0017382532802173905,-0.002109234900734606,0.001032608779658183,0.0022993432375223322,-0.0022898228834517,-0.0022906515875367427,-0.02467127491363417,0.0016744245446475704,0.0005261936919635569,0.0002066456433151842,-9.607696119928733e-05
2025-04-22 00:00:00+00:00,0.06548491099549558,-3.353818840472155e-05,0.0006107048700455188,0.000583774944427385,-0.002644877580782506,0.0001899747723406608,-0.00579546370390627,0.0031093465277902345,0.0011731496518926322,-0.005714638120351685,-0.002408936962808079,0.0012147061138493,0.0012438590244918226,-0.002416597670221109,-0.0030142811889646453,-0.005416547578374455,0.001675070050423372,-0.0006047476970270083,-0.0029913253179210185,-0.0001691449988697237,-0.005841040456964987,-0.004524777415734303,-4.101913120280187e-08,-8.140693670988242e-05,-0.006568132205892261,-0.005056375359226133,0.0,0.016709227608909114,-0.008400478206706554,-0.007575218269938242,-0.004516876898830414,-0.0013947490580134283,0.001032608779658183,0.0015594033532629944,-0.00579546370390627,-0.005782925753806217,-0.014126610972478908,0.00392803808093333,0.0007577738225961988,-0.0008626431894658282,0.0023705209605395794
2025-04-23 00:00:00+00:00,0.002748931682265976,0.0017703433311167126,0.0003648667045161253,-0.0001225080933231514,-0.0016383343853135484,0.0008933046924394531,-0.006473038283760371,0.0031093465277902345,0.0011731496518926322,-0.0056430884163005705,0.0022091626556564226,0.0012147061138493,0.0012438590244918226,0.008934406660984719,-0.008101332500183706,0.009122068303884881,0.001675070050423372,-0.0010360842412904248,-0.004300809940467188,-0.002005486243135628,-0.0054001074396515135,-0.006373827202278974,-9.891848584686613e-08,-0.0004416041070971488,-0.00976513346117661,-0.00999773957239378,0.0,-0.008943998896354026,-0.006717876976644775,0.004719582772570772,-0.006333712380490631,0.005474396018165929,0.001032608779658183,-0.0048260693397685645,-0.006473038283760371,-0.006431803970626778,-0.029267145318340473,0.009372806433851992,-0.004621883004692892,-0.0012937582143788262,0.013470412231981754
2025-04-24 00:00:00+00:00,0.0026080137382393787,-0.003148637878586849,0.002741175043838232,0.0008437884654787341,-0.002420342132185574,-0.0007897209042324173,-0.00828896436344909,0.0031093465277902345,0.0011731496518926322,-0.008036850139644745,-0.0014390008601222375,0.0012147061138493,0.0012438590244918226,-0.002835806725880236,-0.01716185899573152,-0.005195264066574246,0.001675070050423372,0.000930214693129372,-0.0062814491824126975,-0.00023925656133742422,-0.007701324279468927,-0.006788207818014018,-4.152555632686017e-09,0.0010596904434709842,-0.009890498907116296,-0.005165325539865682,0.0,-0.01888463095804413,-0.008394541563755077,-0.0019257547546297595,-0.006750609975575748,0.0005881610249279518,0.001032608779658183,-0.020095725969409506,-0.00828896436344909,-0.008267369480170332,0.0026476307100043355,0.008786590855764418,-0.013807083955389645,0.00032313726031141243,-0.003070300677791238
2025-04-25 00:00:00+00:00,0.008233751969907388,9.807505356406257e-05,0.00225656348867268,0.000976598570583879,-0.0029473993549534415,-0.0010415157731329889,-0.010979548331666533,0.0031093465277902345,0.0011731496518926322,-0.009936805171547873,-0.002168979374119908,0.0012147061138493,0.0012438590244918226,-0.0034393878027147544,-0.013336541549256956,-0.003567864162610207,0.001675070050423372,0.0009936822300247172,-0.008018968821140246,-0.0006162615845109547,-0.009170838298532968,-0.0078062401644120065,-3.939549131359854e-09,0.0011116056090898496,-0.009666955512056274,-0.02326355380948841,0.0,-0.005213846325053751,-0.009331558982968136,-0.0009559230987638515,-0.00779822422660767,-0.0005287544970470876,0.001032608779658183,-0.016488005698540274,-0.010979548331666533,-0.010932121940925354,-0.022940303791668934,0.00823976444496329,-0.002281435949379337,0.0002137080287205606,-0.007610908709466457
2025-04-26 00:00:00+00:00,-0.0007770112983305211,-0.0006551168823607041,0.0008657921635787397,0.0008993250476090506,-0.002835858131118344,0.0014165220029151006,-0.00980276452719991,0.0031093465277902345,0.0011731496518926322,-0.00933246021359663,-0.0022981548996093572,0.0012147061138493,0.0012438590244918226,-0.004119526946628494,-0.01349162784657179,0.00040461282839484105,0.001675070050423372,0.0008840004264261125,-0.008201701283857032,-0.006468443880136252,-0.00870763025984361,-0.006892658061101577,-1.2437524787856091e-08,0.0010401237548567366,-0.010528648886278445,-0.041015543877570164,0.0,0.011828683304482222,-0.008869850057457768,-0.002562775891907988,-0.006917662577128346,3.906933493498579e-05,0.001032608779658183,-0.019215767888698693,-0.00980276452719991,-0.009775857632164889,-0.05368542929317027,0.00823893730002694,-0.0011561669439959853,-0.000511765926367147,-0.004351350478827953
2025-04-27 00:00:00+00:00,-0.009470108357138685,-0.0006983128861057797,0.0011301479157995898,0.0010413764537054253,-0.003384788133963138,0.0012325333325915947,-0.010831468944887318,0.0031093465277902345,0.0011731496518926322,-0.010519931449686,-0.003229255072777547,0.0012147061138493,0.0012438590244918226,-0.0040552871965500925,-0.015209496646667452,-0.010694037616237613,0.001675070050423372,0.00111843440507009,-0.008814018441462788,-0.003867434296874375,-0.009878426257148092,-0.006861112811019198,1.1736975835674457e-09,0.001236035975503924,-0.01066181825372349,-0.0264101988695715,0.0,-0.020248829958675905,-0.009980884745711762,-0.0136188301288741,-0.006890221908707194,-0.0013400183933937756,0.001032608779658183,-0.020071651328258347,-0.010831468944887318,-0.010809724221108692,-0.007504617788171821,0.007441128868744219,-0.0017280407137872517,-0.0002563462032529884,-0.008432765491306782
2025-04-28 00:00:00+00:00,0.012969852186460074,-0.001313416746575291,0.0012100688839789737,0.001207655559028656,-0.0034529596566020204,0.002033221096574009,-0.011373376555215305,0.0031093465277902345,0.0011731496518926322,-0.010810505001659657,-0.003764172971392086,0.0012147061138493,0.0012438590244918226,-0.007418781733780631,-0.01645725950492751,-0.006776223780975529,0.001675070050423372,0.001248695304342462,-0.008792943499713613,-0.00457571508326788,-0.01011950808864414,-0.006336834099178369,1.4305101103673223e-08,0.0013555509723133241,-0.011143095095540716,-0.036244836247432785,0.0,-0.002829377424918149,-0.00989782332634027,-0.008291979506388915,-0.0063612050504540515,-0.0018825806022820845,0.001032608779658183,-0.015917335641393505,-0.011373376555215305,-0.011339518412884013,-0.037869179350570714,0.005944936209168503,0.0009548322388141388,0.0005274298882742556,-0.00856512039899826
2025-04-29 00:00:00+00:00,-0.007333309425444412,-0.004714908269674132,0.0004670570831246623,0.0008503669325399406,-0.004143728690728741,0.002018903183237769,-0.012597545402659952,0.0031093465277902345,0.0011731496518926322,-0.012074991733398668,-0.004000678452868849,0.0012147061138493,0.0012438590244918226,-0.012797816914951108,-0.015132241343364689,-0.013186137079817788,0.001675070050423372,0.0006725769544306814,-0.009384057931765834,-0.00592413925635891,-0.011343051589005195,-0.007124664821996511,-1.95916260992135e-08,0.0009262574360739961,-0.012234750723880413,-0.010859202179231897,0.0,0.006227137027184231,-0.011570327937302522,-0.008509864657908773,-0.007157885709634399,-0.002361686230352955,0.001032608779658183,-0.014075603716315029,-0.012597545402659952,-0.012569121857414158,-0.006955706559719084,0.006566035604606768,-0.0007186986875958809,7.58606556647834e-05,-0.01597212627530098
2025-04-30 00:00:00+00:00,-0.0008220669855223406,-0.0009700806867514139,0.0010888479383032806,0.0011457149255561891,-0.004724668253886298,0.0033568667037418586,-0.011449087743671465,0.0031093465277902345,0.0011731496518926322,-0.011305957614673769,-0.004089101393578773,0.0012147061138493,0.0012438590244918226,-0.012412718492477654,-0.00937648565454583,-0.0133035416831875,0.001675070050423372,0.0011708773618348545,-0.007076287504548856,-0.004775244295647172,-0.011109972690151636,-0.00721457630199105,1.1077322170649495e-08,0.0013261082915860811,-0.00507585248951275,-0.033555830560898725,0.0,-0.017366702415661024,-0.013408771007475284,-0.009530697442707235,-0.007219215020503541,-0.003704103113930304,0.001032608779658183,-0.01592783185577335,-0.011449087743671465,-0.011433266049107384,-0.003493106039601124,0.00533626233843414,-0.009246321766434897,-0.0002706273135881787,-0.00910639576613903
2025-05-01 00:00:00+00:00,0.023965778896187118,-0.002264023185987127,0.001027598288473974,0.001075395262549326,-0.0033074860592107813,0.0017063540750538373,-0.005737588524732399,0.0031093465277902345,0.0011731496518926322,-0.0061917658543501975,-0.003309174139269997,0.0012147061138493,0.0012438590244918226,-0.008708739865414991,-0.008085649477843118,-0.007640995540690295,0.001675070050423372,0.0009402441993273669,-0.003532629841989612,-0.00553539375025864,-0.006580079706911803,-0.003884359728534059,1.2417924466490149e-09,0.0011634853423245772,-0.002751029993444657,-0.01165152892944906,0.0,0.012717666458600972,-0.009819860150537789,-0.005808673272215636,-0.003913642776375063,-0.0011423981480408142,0.001032608779658183,-0.0052845364522779124,-0.005737588524732399,-0.005744461484387656,-0.002327734178933619,0.004791226962812741,0.0038590081272705514,-0.00026311536549883385,-0.0008205191697925329
2025-05-02 00:00:00+00:00,0.004319853436324905,-0.0006584773512036892,0.00032153919716419526,0.0006464405800731233,-0.003248222324988814,0.004920431371386154,-0.006847123335146776,0.0031093465277902345,0.0011731496518926322,-0.006992850861495319,-0.0029798314106973907,0.0012147061138493,0.0012438590244918226,-0.005447369112878136,-0.007975730795065217,-0.005569982773980716,0.001675070050423372,0.0004146095226680302,-0.004516004967495822,-0.0015444186558380992,-0.007144441509119162,-0.004957229262083844,-3.62015750710043e-08,0.0007666896408515811,-0.00599822249671585,-0.017260192671362744,0.0,-0.022155597036524168,-0.009822649777048905,-0.008030851469573804,-0.00497515831558476,-0.0012567814887675857,0.001032608779658183,-0.007609893566100137,-0.006847123335146776,-0.006843284732772844,-0.013580556513606195,0.006487032367306573,0.0027236583941245064,2.0866432510757704e-06,-0.0017796627944335341
2025-05-03 00:00:00+00:00,-0.01056299838090169,-0.0017187632082571332,0.0012932152502029518,0.0009209936372841975,-0.0033073213032278233,0.0036610734636532524,-0.008256916791198554,0.0031093465277902345,0.0011731496518926322,-0.007968719559573678,-0.002925757245646843,0.0012147061138493,0.0012438590244918226,-0.008356429761976461,-0.009436482284030892,-0.0049184465834886965,0.001675070050423372,0.0010332941859179101,-0.004798430837946625,-0.006297020508389012,-0.007962733268952938,-0.00566521673565051,-6.5254219805410685e-09,0.0012517206363185096,-0.009003832701894763,-0.027544752237350662,0.0,-0.010982133766168339,-0.010108337618633528,-0.010659866892450935,-0.005637893447243024,-0.0021268850584581175,0.001032608779658183,-0.010818998008696212,-0.008256916791198554,-0.008232743352276596,-0.010294175211200463,0.006295037471735695,-0.0006529560946547835,0.00019135672248005164,-0.004312712233513594
2025-05-04 00:00:00+00:00,-0.01656984190056754,-0.0012944923684539093,0.0016564409223471324,0.0012099009732505362,-0.003422548024083029,0.0045363292444354246,-0.009023559858543716,0.0031093465277902345,0.0011731496518926322,-0.008446573556864484,-0.003379022966806909,0.0012147061138493,0.0012438590244918226,-0.007310128196832067,-0.009077212839744496,-0.008474861920668977,0.001675070050423372,0.0013547501976098886,-0.005125823514476803,-0.004700895480807795,-0.008292335035065582,-0.005497086513616625,1.5955958332369846e-08,0.001514989271790057,-0.009847058133665001,-0.019719837900319767,0.0,-0.0362148500093389,-0.010001117238787834,-0.009716855909947888,-0.005474626090072416,-0.0015682673984714264,0.001032608779658183,-0.008718401322142395,-0.009023559858543716,-0.008987714778314776,-0.01782656157322993,0.004803550783246162,0.004222626513545771,-0.0002141810099391961,-0.004705425817519426
2025-05-05 00:00:00+00:00,0.004570714740086856,-0.006823458271422804,0.0010506581189206666,0.001350544746573001,-0.0035142973479507025,0.0013134813599603922,-0.01023961606657588,0.0031093465277902345,0.0011731496518926322,-0.00923184803849169,-0.0034820728692706113,0.0012147061138493,0.0012438590244918226,-0.010403823809409827,-0.008703242042180698,-0.0033217627032108166,0.001675070050423372,0.001318474529998781,-0.005633915364250803,-0.005274078803375021,-0.008861399641391937,-0.005393089595745064,2.5029647687802026e-08,0.0015101742951966202,-0.009288211246543663,-0.030162189607895813,0.0,-0.008577695006232924,-0.009821645752009792,-0.0017716968963509465,-0.005365584536319995,-0.0019302631991086616,0.001032608779658183,-0.008697617388836848,-0.01023961606657588,-0.010184797530580039,-0.002521358790458448,0.0029126545044580996,0.0060895761240260925,1.2538969578201886e-06,-0.008942557498812675
2025-05-06 00:00:00+00:00,0.021451265529472963,-0.008950561564344118,0.00026336311588461665,0.0010117846923287281,-0.004185623764741863,0.0025896305547216166,-0.012491894305582826,0.0005817329404310492,0.0011731496518926322,-0.011307755774143727,-0.004598024692652373,0.0012147061138493,0.0012438590244918226,-0.01618467551180732,-0.006738796643691277,-0.014064454394749073,0.001675070050423372,0.0006805772279623312,-0.007174642146158927,-0.008614536826691862,-0.010675121995216762,-0.006793887134927879,-6.904269156393639e-09,0.0010362820385889648,-0.009956083803557173,-0.03223842980314579,0.0,-0.016696376491403788,-0.011353589890851841,-0.012115947843667103,-0.006770092453582484,-0.00555918303457615,0.001032608779658183,-0.005787855072204884,-0.012491894305582826,-0.012433014590474285,-0.00028074611612273546,0.003059024275391712,0.00447163082062527,0.0003200404016272529,-0.01102093979716301
2025-05-07 00:00:00+00:00,0.00237154382422311,-0.0006983128861057797,0.00028362010037290253,0.0006804057088807905,-0.0038247245419231737,0.0005916888284280232,-0.01161686264745325,0.0005817329404310492,0.0011731496518926322,-0.011045599759845096,-0.0026746344407451808,0.0012147061138493,0.0012438590244918226,-0.01099883710069231,-0.01018266250474911,-0.011176503090210578,0.001675070050423372,0.00036412234575600166,-0.008021039927823836,-0.003952501395085717,-0.010398085005670828,-0.006523284570521099,-3.240328183551355e-08,0.000798825481512111,-0.010532539973231222,-0.03770049674573884,0.0,-0.028674905223764913,-0.010592966587282485,-0.01108183978996175,-0.006513839135191772,-0.004235260138529503,0.001032608779658183,-0.017806160777117254,-0.01161686264745325,-0.011583465565477692,-0.0061822869988528255,0.0046856297473917875,-0.0012930893023702919,-7.484027995374731e-05,-0.009404009208083153
2025-05-08 00:00:00+00:00,0.06202640353858868,-0.0015577859103625123,0.0013861820938757098,0.0009585476277964145,-0.003918782907648698,-0.0023709402754616576,-0.012208460388833223,0.0005817329404310492,0.0011731496518926322,-0.011626000378856884,-0.0030311986133805704,0.0012147061138493,0.0012438590244918226,-0.013231290812619766,-0.011446837434565293,-0.011071716043014079,0.001675070050423372,0.0009517113450794312,-0.008733545498572706,-0.005030799832755199,-0.010933860858397789,-0.006969300148637039,-3.582391272516361e-09,0.0012574835704199927,-0.013533790102000199,-0.03526460875509273,0.0,-0.03772536819161238,-0.010825100691106503,-0.009550054517007816,-0.006959323362304765,-0.004651134338726267,0.001032608779658183,-0.019008997280702072,-0.012208460388833223,-0.012171557531830164,0.0018497852718750477,0.004480640073389163,-0.005546347949686135,-0.00044245081372906725,-0.013087818399071693
2025-05-09 00:00:00+00:00,-0.0026245720059829836,-0.0006551168823607041,0.00033426384643406185,-1.3397971884792975e-05,-0.004320282327756054,-0.0016340943520657273,-0.013230309830737311,0.0005817329404310492,0.0011731496518926322,-0.012571949852505176,-0.003506992729026019,0.0012147061138493,0.0012438590244918226,-0.007803963905355116,-0.00970077591256472,-0.006873265624176247,0.001675070050423372,-0.00018727300471255148,-0.010339884602428967,-0.00158024892348397,-0.011694435679492583,-0.009292224023061658,-9.36941706441985e-08,0.0003724953072143933,-0.02003658952829801,-0.03198605364216686,0.0,-0.014368521010715061,-0.012083186235230322,-0.008975103089257693,-0.009324287107953582,-0.002776342599784355,0.001032608779658183,-0.022879175692029068,-0.013230309830737311,-0.013201535340138048,0.019962535445839827,0.009570602451561603,-0.003564655850151768,-0.0012508334070204796,-0.011049562133848667
2025-05-10 00:00:00+00:00,0.01661809318672347,-0.0034367037464532297,0.0022512955933876445,0.0009494467220658635,-0.003744748948891521,-0.0022194735593699757,-0.010682471983024494,0.0005817329404310492,0.0011731496518926322,-0.010586824272140881,-0.0039870173799466495,0.0012147061138493,0.0012438590244918226,-0.0117445912017046,-0.01552014333948698,-0.012086699438347125,0.001675070050423372,0.0017282285128565888,-0.008598782198364649,-0.006475710934155147,-0.010166115888544549,-0.0076822219628940895,3.964412798040939e-09,0.0018542957488545397,-0.023285788892542163,-0.040744306473249614,0.0,-0.011041801302971695,-0.010809143906689423,-0.009944572812485347,-0.007684862157363161,-0.004605118222236547,0.001032608779658183,-0.025584758945066725,-0.010682471983024494,-0.010666291109826805,0.010101726740382885,0.008491572990499576,-0.011436103878898162,0.000377279631285532,-0.01802654191851616
2025-05-11 00:00:00+00:00,-0.00565098397007624,-0.0006584773512036892,0.001838422090373394,0.0007537792703904817,-0.0036491210057697007,-0.0017363463327711715,-0.010523560626076563,0.0031093465277902345,0.0011731496518926322,-0.010291354445891118,-0.002536769115490726,0.0012147061138493,0.0012438590244918226,0.003334608053853344,-0.010444133661512435,-0.0007890034703129244,0.001675070050423372,0.001329582462011203,-0.009417706953515787,-0.0040188319038049454,-0.009719004759496582,-0.007727087299742113,-2.5102503187213188e-08,0.0015594189908707534,-0.022394628951871817,-0.026566965967099856,0.0,-0.01945304361178665,-0.010357961038685252,0.003493056679805954,-0.007791832226217584,4.0697028697512865e-05,0.001032608779658183,-0.02147589949326474,-0.010523560626076563,-0.010506803116705581,-0.020131409321573646,0.009210115690244814,-0.00013062437985209246,1.5264755136357167e-05,-0.003337042173370719
2025-05-12 00:00:00+00:00,-0.012501714607269676,-0.0012944923684539093,0.0012756030477535556,0.0011042095051426804,-0.0035218742778278175,-0.0006442672428434702,-0.0112631704878105,0.0031093465277902345,0.0011731496518926322,-0.010778253299408201,-0.0032284633881992774,0.0012147061138493,0.0012438590244918226,-0.0033923065386837347,-0.010977350961345795,-0.007878921343591161,0.001675070050423372,0.0018909179303197021,-0.009764482449524851,-0.0015216708806214355,-0.010129272243847317,-0.007529877894506746,8.536073181630854e-09,0.002017789690873073,-0.02405939358905113,-0.034147965928617095,0.0,0.007909991912314791,-0.01001041870386696,-0.007937536920344244,-0.007571587731969994,-0.0013323871431146909,0.001032608779658183,-0.02021719599374197,-0.0112631704878105,-0.011228501059515766,-0.01564098034581244,0.007895269629782365,-0.0012941129778004604,-0.000274325819161092,-0.004881007596850395
2025-05-13 00:00:00+00:00,0.013111031807524043,-0.002320793028530149,0.0013350207120300525,0.0012674376790302415,-0.004463684647971065,-7.640489599092162e-05,-0.013759238160031797,0.0005817329404310492,0.0011731496518926322,-0.013120469382317663,-0.004680522849461202,0.0012147061138493,0.0012438590244918226,-0.00799459336594228,-0.01081656617355878,-0.007860615312624643,0.001675070050423372,0.0019159685957248485,-0.011452699359227969,-0.0011121493483618294,-0.012233982207808634,-0.008000812427980838,1.888451528486712e-08,0.0020676978934215384,-0.025324551761457197,-0.03938858589742313,0.0,0.008670930870581668,-0.011718325567190283,-0.010932295404780006,-0.00806909365779837,-0.00426474936496422,0.001032608779658183,-0.019810431123881873,-0.013759238160031797,-0.013719435641449724,-0.01681867748100989,0.006090742360635454,-0.00021287874638278772,-7.916525855833356e-05,-0.010810761712491512
2025-05-14 00:00:00+00:00,-0.006070027644236475,-0.006520254338998085,0.00030255314066066985,0.0008560469382511708,-0.004829821338693827,0.0005269508660154925,-0.014455558296134634,0.0031093465277902345,0.0011731496518926322,-0.01377718014490108,-0.0044844395547574845,0.0012147061138493,0.0012438590244918226,-0.014001238812474998,-0.010114240011920888,-0.0188023040325471,0.001675070050423372,0.0012197855104627564,-0.011949386404542073,-0.005194301822390665,-0.012866867862759573,-0.008645015942350242,-1.980487951414034e-08,0.001556937007855197,-0.028862506151755906,-0.050015186303090715,0.0,-0.010473249030033029,-0.01264417198779312,-0.006138698274994943,-0.008724858977457808,-0.004207168782780337,0.001032608779658183,-0.02236290210581761,-0.014455558296134634,-0.014416348224518372,-0.030070741271276052,0.006711432512533983,-0.0012956676313012126,0.00016080481949209968,-0.01883077621459961
2025-05-15 00:00:00+00:00,0.001980148741951737,-0.001883330434000101,0.0010078437264969943,0.0011251041550029506,-0.004385377827977323,-0.0006039171301023267,-0.012643338670416223,0.0005817329404310492,0.0011731496518926322,-0.01217772877460151,-0.004095470184826379,0.0012147061138493,0.0012438590244918226,-0.00867967664769688,-0.01220488489972919,-0.008535063583423453,0.001675070050423372,0.001676624528231585,-0.00998731740821938,-0.00026826998631421207,-0.01155902243646633,-0.00685437805285317,9.169069059566937e-09,0.0019336929520452628,-0.02739697846972143,-0.05186761998010038,0.0,-0.015560895384332179,-0.011560582032412137,-0.005188137416039877,-0.006900126672473023,-0.0032881228271982627,0.001032608779658183,-0.018535092104229975,-0.012643338670416223,-0.012607573250386575,-0.041188799881297256,0.005580542669295984,-0.005129986551148246,0.0003656292079483592,-0.013510831631720066
2025-05-16 00:00:00+00:00,-0.002464381123482795,-0.003290935879896928,0.001008704674516258,0.0010251938549588357,-0.005775605078459383,-0.0018134388872511546,-0.01367905010398552,-0.021909720776729813,0.0011731496518926322,-0.01359926275252455,-0.005371524934809006,0.0012147061138493,0.0012438590244918226,-0.020783109044533968,-0.010129586479486764,-0.02279278725698947,0.001675070050423372,0.0014127880988841213,-0.009916561428321943,-0.003946157056077989,-0.013180196906406278,-0.008206039753880758,-2.991106029526236e-09,0.0017527187953536583,-0.02593076155202946,-0.059954122400240596,0.0,0.01054551638820355,-0.015066990981444123,-0.010642677512504025,-0.008273127249581617,-0.008129651187065018,0.001032608779658183,-0.02405316986307674,-0.01367905010398552,-0.013664193394886592,-0.013774387378510396,0.0052617715662381425,-0.006301240556983478,-0.00038628991680411673,-0.016526373103260994
2025-05-17 00:00:00+00:00,-0.0028856472795446564,-0.0017187632082571332,0.0008527042203087569,0.0010869194459157449,-0.0041673077798321375,-0.0019630683330520717,-0.007279572622009828,0.0005817329404310492,0.0011731496518926322,-0.007986922384895855,-0.0042317109791058655,0.0012147061138493,0.0012438590244918226,-0.008390611670224061,-0.009856313947309823,-0.005956240387524124,0.001675070050423372,0.0014671157708008309,-0.005757087888360785,0.0029456941231494746,-0.008289921817659498,-0.004397315540245373,3.722574248854471e-09,0.0018178107717314873,-0.022366989651578163,-0.05622546563083016,0.0,-0.009151516208504084,-0.011166493921480575,-0.00654827946485698,-0.004468101288497275,-0.0036254231471620213,0.001032608779658183,-0.012879242050357122,-0.007279572622009828,-0.007291535492619973,-0.02366539647861961,0.004578053089459198,-0.003535034972195234,-0.00024048094300432865,-0.0033587682992219925
2025-05-18 00:00:00+00:00,0.031055414948863103,-0.0017187632082571332,0.0009352534472184925,0.0011023795551068731,-0.004621805028126494,-0.0037254736255125562,-0.009158622219698574,0.0005817329404310492,0.0011731496518926322,-0.009422474221815882,-0.004795006145393929,0.0012147061138493,0.0012438590244918226,-0.013399565438845304,-0.00913655065901187,-0.008966560538225829,0.001675070050423372,0.001401859831061003,-0.006397495122676159,-0.0007949801707770399,-0.009530500812862764,-0.005457991798863565,4.358929217573859e-09,0.001789510741518896,-0.021029757271339263,-0.036720904251238716,0.0,-0.030567513137639016,-0.012259201600079681,-0.006320127577243637,-0.005511534365866106,-0.0043312532968464365,0.001032608779658183,-0.013997095165467368,-0.009158622219698574,-0.009153819576681368,0.0022271246324833804,0.003917550047873933,-0.005852265805498864,0.0004004715940375547,-0.006350883282721043
2025-05-19 00:00:00+00:00,-0.007920998363214693,-0.001313416746575291,0.00025965532965855406,0.0005301109834913631,-0.0039194890506861445,-0.003430365925594664,-0.00906984378339706,0.0031093465277902345,0.0011731496518926322,-0.008860674894195161,-0.0028779466400709443,0.0012147061138493,0.0012438590244918226,-0.010853050183913308,-0.00805546922481736,-0.014775311638816742,0.001675070050423372,0.0006663567249507452,-0.006652867074989322,0.00026343942943519636,-0.008761688394166548,-0.005951404626540188,-4.691084143360058e-08,0.0012342344853273346,-0.022543105934196186,-0.026787234503377014,0.0,-0.013308128941825923,-0.010817415254999938,-0.008414525657119781,-0.005989405234657811,-0.0012336643514638383,0.001032608779658183,-0.01512451773162458,-0.00906984378339706,-0.009048039315017539,0.024446467360913545,0.0063177568294313325,-0.003658640597032617,-0.0002037338205855832,-0.007554409094154835
2025-05-20 00:00:00+00:00,0.0111575687100256,-0.002320793028530149,0.0016025147618316464,0.001112433465785925,-0.0037465445963975417,-0.0028658209175299746,-0.009902686614347903,0.0031093465277902345,0.0011731496518926322,-0.009379845357436925,-0.0034823085508174003,0.0012147061138493,0.0012438590244918226,-0.006308103024250172,-0.007543216230364722,-0.006847911253699596,0.001675070050423372,0.001723452703290107,-0.006658419158222854,0.00048756201518135414,-0.009180981077721799,-0.005833670790973795,1.1965015644932464e-08,0.0020648862189673878,-0.021727036430089247,-0.020212056727589356,0.0,-0.025221372279015344,-0.010392698765775383,-0.008708247541309623,-0.005823734207313248,-0.0010422087256664939,0.001032608779658183,-0.012731995540935693,-0.009902686614347903,-0.009860744491847947,-0.014023389796879115,0.00505796075906986,-0.009830494629503791,-0.000255341150824151,-0.0010692095384001732
2025-05-21 00:00:00+00:00,0.026675054492192984,-0.002320793028530149,0.001185137760774726,0.0008681820791283743,-0.004642807527582498,-0.003819200811460552,-0.012849129644111227,0.0031093465277902345,0.0011731496518926322,-0.011960310385214175,-0.003781244780832042,0.0012147061138493,0.0012438590244918226,-0.012060483905140309,-0.006636269112276763,-0.010863266856533849,0.001675070050423372,0.0012425847577759441,-0.008644860546996914,-0.0015587241871447444,-0.011362762098403818,-0.0074872249086749025,-1.6854080797656934e-08,0.001710514917842687,-0.021150229781877743,-0.019858219640469736,0.0,-0.03355720027046297,-0.012352709460770318,-0.008926632270823217,-0.007499375582826494,-0.002882835718185904,0.001032608779658183,-0.015740617912081895,-0.012849129644111227,-0.012799832229585086,-0.004990183365525291,0.005597211274449081,-0.005935766177987582,-0.0004590750972788271,-0.005601467099040747
2025-05-22 00:00:00+00:00,0.018027963942364167,-0.0006983128861057797,0.0005072854757782247,0.0005726253357423072,-0.003960466129862098,-0.00426770805620042,-0.011786388137380178,0.0031093465277902345,0.0011731496518926322,-0.010903444070067388,-0.0030062854024250543,0.0012147061138493,0.0012438590244918226,-0.005522760532655041,-0.0045283363709916775,-0.009501345812959555,0.001675070050423372,0.0010128888350724452,-0.008681390413745453,0.00228467401964438,-0.010335614626709018,-0.007708580620255526,-4.029410760608698e-08,0.0015465937553820197,-0.02249313629282999,-0.02461635398876641,0.0,-0.01653080208297029,-0.01101698582497765,-0.0068139551060686305,-0.007717761069213505,-0.0010994305268516233,0.001032608779658183,-0.017841699193098443,-0.011786388137380178,-0.011734471100548502,-0.004146389962795111,0.0074613738698652435,-0.005692322941114606,-6.284439334436343e-05,-0.0036734649911522865
2025-05-23 00:00:00+00:00,-0.04006256233899386,-0.0019468314482496871,0.0013627455609230585,0.0006790599363532769,-0.004383662184196406,-0.0019644771789300805,-0.012955291230845198,0.0005817329404310492,0.0011731496518926322,-0.012506952882370154,-0.00412856395105148,0.0012147061138493,0.0012438590244918226,-0.010427486598303197,-0.006708098503955083,-0.011227974731377393,0.001675070050423372,0.0014390844804985647,-0.010575031654226309,-0.002841265116552596,-0.011793254188431438,-0.008396315808507797,-2.723225556167108e-08,0.0018865472073876788,-0.024451658395851464,-0.03412350489700089,0.0,-0.02178823695043344,-0.012022681619162113,-0.00965336790489735,-0.00842353170667948,-0.0044519013933477045,0.001032608779658183,-0.019032640191275173,-0.012955291230845198,-0.012921727915325237,-0.0012316203762097492,0.008395754950943657,-0.011481468956001675,-2.0938494103006633e-05,-0.011151112616062164
2025-05-24 00:00:00+00:00,0.004680702474075815,-0.0019214594123248226,0.002491375473645854,0.0016764417261897768,-0.004946031123768743,-0.0019354336370003156,-0.013857549947117166,0.0005817329404310492,0.0011731496518926322,-0.01332775198564324,-0.003964858190910126,0.0012147061138493,0.0012438590244918226,-0.0021705710283179127,-0.009382346086869022,-0.002788242723421205,0.001675070050423372,0.0027300372472502943,-0.010533398453195406,-0.0005125435306529045,-0.012608962482258613,-0.007014578612052821,6.051658019146089e-08,0.0029126695439334327,-0.02160747728334185,-0.03230605285813252,0.0,-0.03717916300639017,-0.012444128266551065,-0.0072944034565333524,-0.007050336772096534,-0.0037184345109796467,0.001032608779658183,-0.014914020496599125,-0.013857549947117166,-0.013817978297817236,0.0067895291479469575,0.004109039461256113,-0.007903220880440247,0.00025713014225736686,-0.0031338687986135483
2025-05-25 00:00:00+00:00,0.011476897551185417,-0.01017151594472845,0.0003724620520563954,0.001053911272884299,-0.005264037403607973,-0.0017270912414938289,-0.014266074402921228,0.0005817329404310492,0.0011731496518926322,-0.01377732543590799,-0.00416811475832017,0.0012147061138493,0.0012438590244918226,-0.010414234525113211,-0.00987006091152743,-0.008325943624537443,0.001675070050423372,0.0013677145944228641,-0.011469123382725063,-0.005807285377340119,-0.012915184365762116,-0.007076470791370362,-7.070356744520723e-09,0.0018943402878512927,-0.019659692616087035,-0.04182383989620353,0.0,-0.017764716848816274,-0.012862919271919578,-0.006054406113138344,-0.007170003976730698,-0.004708366887056826,0.001032608779658183,-0.01054344932502693,-0.014266074402921228,-0.014234444460835254,-0.009578954564148104,0.0041593110751918915,0.0011999999513419009,-0.00031029159369744264,-0.009604418650269508
2025-05-26 00:00:00+00:00,0.003707294858598331,-0.001883330434000101,-2.9040469895243192e-05,0.0008548793444184298,-0.005741436972285,-0.0006152396605072356,-0.01526431312206776,0.0005817329404310492,0.0011731496518926322,-0.014820425744457105,-0.00487706133622924,0.0012147061138493,0.0012438590244918226,-0.00460656917973702,-0.010344535418547803,-0.00557237958559546,0.001675070050423372,0.001203017907069892,-0.011511196177109521,-0.005714071975526317,-0.014040385397763974,-0.008238505002628477,-1.7336471813678145e-08,0.0017907150161438068,-0.024144278470829394,-0.03287583685142695,0.0,-0.007324299018050675,-0.01444184155688789,-0.012292801521291618,-0.00829484299650547,-0.005150619710363327,0.001032608779658183,-0.021123897589874326,-0.01526431312206776,-0.015233027923676324,-0.00683667154284554,0.0048062988795310665,-0.008828877001586658,0.0001819881566920145,-0.0038221983704715967
2025-05-27 00:00:00+00:00,-0.004081096579772847,-0.001883330434000101,0.0011628199469371787,0.0009594933719682831,-0.004695526589731968,-0.0012448942839280524,-0.012077186064921322,0.0005817329404310492,0.0011731496518926322,-0.011855887942934577,-0.004082775614063639,0.0012147061138493,0.0012438590244918226,-0.003485488562121153,-0.009682433523478069,-0.0035264747486664183,0.001675070050423372,0.0014378100255196813,-0.009406636023847373,-0.0001426869995646444,-0.011400100444854134,-0.006432516719531659,-5.600091057544887e-09,0.0019881222960496103,-0.02217457290017075,-0.03972174949527538,0.0,-0.016566878965448707,-0.01207086419985923,-0.008674899919757699,-0.006479596119343198,-0.0035976170972001455,0.001032608779658183,-0.014789970630620661,-0.012077186064921322,-0.012051008224132789,0.017597122081184705,0.004708790271343739,-0.005845537685589222,0.0001812943771035691,-0.004022181034088135
2025-05-28 00:00:00+00:00,-0.010999457493792164,-0.001883330434000101,0.0012767743636696196,0.001105409830692663,-0.00534574167930493,-0.0014125352898569725,-0.013697217203780157,0.0005817329404310492,0.0011731496518926322,-0.013425308968760912,-0.004805271205312424,0.0012147061138493,0.0012438590244918226,-0.00992045167580192,-0.009673729440141525,-0.011346937923868034,0.001675070050423372,0.00159051547809419,-0.010553690871005545,0.0014833312474036308,-0.012832003907189636,-0.007172936569296229,6.164704302591417e-09,0.002125521768684635,-0.023280376995814245,-0.02611786401935492,0.0,-0.013288074406651319,-0.013407793143655698,-0.011403547291150432,-0.0072346392495514595,-0.005979238069424128,0.001032608779658183,-0.016156653511175366,-0.013697217203780157,-0.013670510092914857,0.03135557879636864,0.003930978317244,-0.006160524954313499,-0.0003000373601746986,-0.009477316401898861
2025-05-29 00:00:00+00:00,-0.02024552801398727,-0.002320793028530149,0.0010755027474987839,0.0012421782922970124,-0.005817964924260797,-0.0007109529715044799,-0.014080673474833983,0.0005817329404310492,0.0011731496518926322,-0.013767828781787023,-0.004810987410725808,0.0012147061138493,0.0012438590244918226,-0.008756053374285986,-0.011491943428334563,-0.011599868977373699,0.001675070050423372,0.00163170227867937,-0.009909751072218946,-0.0011511332104107875,-0.013251657131320042,-0.007106810492266421,1.6615272713238483e-08,0.0021812409967871815,-0.02252157699812455,-0.037562432357189174,0.0,-0.0017241645238740503,-0.014435381646233961,-0.004168302321461742,-0.007159442961824853,-0.0048265450275689755,0.001032608779658183,-0.014329398341343018,-0.014080673474833983,-0.014054432620014826,-0.0005026637565396122,0.002609999070726621,-0.0070553333329575006,-6.985249317104092e-05,-0.00458403630182147
2025-05-30 00:00:00+00:00,-0.01567657488768681,-0.009085972147421883,0.0009310147364701416,0.0014171018268871861,-0.005762011855119137,0.00018494731923106831,-0.012431515798008205,0.0005817329404310492,0.0011731496518926322,-0.012360028898683952,-0.004424829452055024,0.0012147061138493,0.0012438590244918226,-0.01578972549822073,-0.012134111171359197,-0.020163519367794237,0.001675070050423372,0.001635616488933067,-0.008232865738747056,-0.0012732641937936633,-0.012122448600083439,-0.005795225821727275,3.058196718086492e-08,0.0022113453656249504,-0.01983256707194961,-0.030481253586360675,0.0,0.0003783732458162304,-0.014030177421029346,-0.006846861010816654,-0.005850725066501115,-0.006098023483724797,0.001032608779658183,-0.00819554990578873,-0.012431515798008205,-0.012414991374735696,-0.016617824377752496,0.0005879993784179322,-0.004894623232947197,0.0006900619878233982,-0.018969589844346046
2025-05-31 00:00:00+00:00,0.006130518275123009,-0.012151100296624124,0.000522854094944762,0.001363395608350701,-0.004315499089109622,0.0013591908155118977,-0.00873782539278269,0.0005817329404310492,0.0011731496518926322,-0.008769032939912685,-0.003539383578095149,0.0012147061138493,0.0012438590244918226,-0.000586694596998411,-0.008696611785635711,-0.009515720295494398,0.001675070050423372,0.0012677220357257823,-0.005949937803183454,-0.002064905680247614,-0.008794818143244454,-0.003375013450498259,2.368034301980515e-08,0.0019527182988827718,-0.013072508559821628,-0.03134299332582229,0.0,0.0037971359569922694,-0.010501299674375752,-0.002329411751579659,-0.0034274725851581502,-0.002290880092005164,0.001032608779658183,-0.005939574911817194,-0.00873782539278269,-0.008717967723189352,0.021345496622278148,-0.0008509921789009459,0.0024843114687313874,0.0005160762490898918,-0.005522447172552347
2025-06-01 00:00:00+00:00,0.009643965279089173,-0.01181913800356431,5.5610657238439336e-05,0.0009871240234224268,-0.005264994302924591,-0.0006318849906173987,-0.01357102187399872,0.0005817329404310492,0.0011731496518926322,-0.012782428757116788,-0.003998403683348409,0.0012147061138493,0.0012438590244918226,-0.003992832984816989,-0.007124231175175581,-7.812380997232479e-05,0.001675070050423372,0.0006184713279502319,-0.008756181848297176,0.003060679420898354,-0.0122083323844758,-0.006338653306959089,-9.260435973601489e-09,0.0014665259117307983,-0.015755883347414852,-0.04275871218247538,0.0,-0.005044370933328634,-0.012916496046440016,-0.003169943377182787,-0.006362498419837662,-0.003972648170508088,0.001032608779658183,-0.006405426072216171,-0.01357102187399872,-0.013521065529383293,0.013063106905484925,-0.00023373225460819822,-0.0014365201173546717,-0.000445385336050208,-0.004425543826073408
2025-06-02 00:00:00+00:00,0.0021692037801663844,-0.0019214594123248226,0.0005339539596359026,0.0008768818938520158,-0.005349754066867035,-9.242478589968888e-06,-0.013388582978096496,0.0005817329404310492,0.0011731496518926322,-0.012913728288966572,-0.004004655694825136,0.0012147061138493,0.0012438590244918226,-0.010676176914389768,-0.00742320353167621,-0.004686748754521635,0.001675070050423372,0.000579448557099127,-0.008872640675938816,0.0026831772138897958,-0.012396274950046558,-0.00668061020836853,-1.4567733686021711e-08,0.0014411798303530787,-0.0168796304210589,-0.021575233377723546,0.0,-0.01941195861568078,-0.013289570819599222,-0.010301310183226105,-0.006698830590643266,-0.004600207942956306,0.001032608779658183,-0.010137009699093797,-0.013388582978096496,-0.01335217229818922,0.01764021876852841,0.0006397122721800505,-0.005922616909460764,-0.00042586046222758966,-0.006382205989211798
2025-06-03 00:00:00+00:00,-0.004250198055929744,-0.0018107484291612118,0.0011814668867731854,0.0009884909442644445,-0.005068912118687186,-0.001522037995988781,-0.012718264567739206,0.0005817329404310492,0.0011731496518926322,-0.012211640951356056,-0.0036872873040751917,0.0012147061138493,0.0012438590244918226,-0.01005079735832905,-0.007320324041364854,-0.00774880970566426,0.001675070050423372,0.0008120080961830922,-0.008459488006536743,0.0028734356428145335,-0.011747840628652077,-0.006662119380085127,-3.2767193403060446e-09,0.0016234122496907588,-0.016542780683002,-0.011316172866588816,0.0,-0.024324216954079523,-0.012721603507989376,-0.011345677012806588,-0.006676017393903518,-0.0037570979389788604,0.001032608779658183,-0.010231809246821376,-0.012718264567739206,-0.01268045767488907,0.0030576457322669657,0.0007747093909063542,-0.005677774589606102,0.0003051937531175497,-0.00856755394488573
2025-06-04 00:00:00+00:00,-0.0066660841880299415,-0.0018107484291612118,0.0012105777504248312,0.0011121853241296093,-0.004988727229499574,-0.0007840533862817447,-0.012405435728564198,0.0005817329404310492,0.0011731496518926322,-0.01193728174423814,-0.003547278117242719,0.0012147061138493,0.0012438590244918226,-0.009789608172136251,-0.007140964736301813,-0.007288852128457246,0.001675070050423372,0.0009411961083038989,-0.008264665460950336,0.003603907106800818,-0.011470344486103377,-0.006317953632089615,6.420144416097173e-09,0.0017297509511742248,-0.01469863253515015,-0.006605483173043948,0.0,-0.021719394861990544,-0.012416371695762872,-0.009281861084158356,-0.006335271870059514,-0.003981543791272835,0.001032608779658183,-0.0075020918107409195,-0.012405435728564198,-0.012369893597533441,0.0052058222629800255,0.0003299317766318268,-0.004355434964649744,0.00034130189718162285,-0.009173328056931496
2025-06-05 00:00:00+00:00,-0.03059773184703829,-0.0020673762306904504,0.0009669023407194978,0.0011697628764070793,-0.005014571015300937,-0.0008254331137643736,-0.012362458643907729,0.0005817329404310492,0.0011731496518926322,-0.012094293285359457,-0.0035992223212890704,0.0012147061138493,0.0012438590244918226,-0.010297786837689797,-0.006871229658831973,-0.012297505522278178,0.001675070050423372,0.0009137660118980762,-0.008735022003439596,0.0022031528458366415,-0.01158770140040234,-0.006143338270693416,1.006948302517685e-08,0.0017183293748264106,-0.012930299000706568,-0.0093487552337467,0.0,-0.00871630256839599,-0.012320141736756746,-0.008221587932105732,-0.006177683150180942,-0.0037461336222061738,0.001032608779658183,-0.0057037456397893115,-0.012362458643907729,-0.012335469588156053,-0.0030103403697324172,-0.0002892018575485719,-0.00240274462930389,-0.00022877899325202122,-0.011224258691072464
2025-06-06 00:00:00+00:00,0.02733035306446041,-0.002320793028530149,0.0011912334272498673,0.0015825089945050669,-0.005153646127133774,-0.0006245970801517817,-0.012322567245454448,0.0005817329404310492,0.0011731496518926322,-0.01225892737715134,-0.003646605373097071,0.0012147061138493,0.0012438590244918226,-0.021145616401414293,-0.0073431638754077894,-0.027407032353157664,0.001675070050423372,0.001271124966853776,-0.008747603359851442,0.002776125484727923,-0.011768642055488172,-0.005045781693690991,4.6219508220701755e-08,0.002010279473518395,-0.009438311879973266,0.0007156796269430568,0.0,-0.01083710353669364,-0.012157957954400495,-0.003962388122180241,-0.0050909102188196696,-0.005503186227142966,0.001032608779658183,-0.003013533275954064,-0.012322567245454448,-0.012301736136837889,0.012059584097145,-0.0029704630319480913,-0.0008030048526955144,0.00021017421623881205,-0.02244563028216362
2025-06-07 00:00:00+00:00,0.011669145986994423,-0.010208156071321096,-0.0003277020052568371,0.0006579522592978068,-0.004999064125584831,5.115842874250454e-05,-0.014683411476386847,0.0005817329404310492,0.0011731496518926322,-0.013736747873382148,-0.0036461863985882293,0.0012147061138493,0.0012438590244918226,-0.012778301535220726,-0.00820249864788372,-0.01516378222384711,0.001675070050423372,-0.00022124551359326006,-0.010593423225610235,8.374301549423826e-05,-0.012730214405532127,-0.0070885529457637075,-4.128387587343241e-08,0.0008622355108709456,-0.01070075509618133,-0.016783472073285923,0.0,-0.0011108206860747758,-0.012148032462164286,-0.005670128395997846,-0.007125933122564236,-0.004317693232701818,0.001032608779658183,-0.005105698763306731,-0.014683411476386847,-0.014632293106858358,0.02856733265746255,-0.0002904748093373247,0.0021124524143662895,-7.028800281716485e-05,-0.016710856929421425
2025-06-08 00:00:00+00:00,0.0016841596130916514,-0.00286667063600136,0.0006236262303108077,0.0007981816884695115,-0.005164623294983649,-0.0008589704427448687,-0.015588263692887457,0.0005817329404310492,0.0011731496518926322,-0.014706398680403882,-0.0038296696217683026,0.0012147061138493,0.0012438590244918226,-0.010964347944301504,-0.009168803787538177,-0.011350335297586129,0.001675070050423372,0.00034918968347419366,-0.010963323924465057,0.0019336031548971083,-0.013713632255887566,-0.008100482699241133,-1.762692569684532e-08,0.0012967014922153908,-0.015848379191450754,-0.024391632328996816,0.0,0.0034065795115265592,-0.012995454403335624,-0.007618198377488903,-0.008093976531264362,-0.004462920337483088,0.001032608779658183,-0.013432387853991227,-0.015588263692887457,-0.015535834922634535,0.003896444196032784,0.0007671279464574104,-0.007805108620874959,6.873311201083254e-05,-0.01595802791416645
2025-06-09 00:00:00+00:00,0.04165996455560794,-0.0015577859103625123,0.0016676743758146863,0.0009860764007598418,-0.00537030399598324,-0.0015484933656333961,-0.014967608279045409,0.0005817329404310492,0.0011731496518926322,-0.014415751049253932,-0.003838832821212966,0.0012147061138493,0.0012438590244918226,-0.011981602225486287,-0.010119650175702264,-0.013100675831950282,0.001675070050423372,0.000678996313698832,-0.010818117558612457,0.001947713381313197,-0.013539367235484578,-0.007857966267746222,-2.5440396456133385e-09,0.0015462515339859095,-0.016690346237619776,-0.017497095406871856,0.0,-0.026895521568075596,-0.013401886381822544,-0.008921345027858671,-0.007879637210935042,-0.004264862416374463,0.001032608779658183,-0.011852620672570995,-0.014967608279045409,-0.0149317400793061,0.014655608819593487,0.0008479494278077832,-0.006490156812483593,-0.0003879213908550838,-0.014536564238369465
2025-06-10 00:00:00+00:00,-0.0003343184223911777,-0.0010888231375701242,0.0004640432039553044,0.00033496137640714346,-0.004998400249942341,-0.0019641054510010922,-0.013497571314328546,0.0005817329404310492,0.0011731496518926322,-0.013199860656934074,-0.0031491372882321697,0.0012147061138493,0.0012438590244918226,-0.007503459106299631,-0.008673133356835871,-0.008396013276994624,0.001675070050423372,-8.647966035724153e-05,-0.010711885827642044,0.001809245983923209,-0.012414165317399464,-0.008217265981088913,-6.292958509845903e-08,0.0009466888838058907,-0.018755304015836482,-0.013865842196261092,0.0,-0.007171110820255403,-0.012816447223662843,-0.004824392485727848,-0.008268940868394123,-0.003921236209429622,0.001032608779658183,-0.016066585614867603,-0.013497571314328546,-0.013477339218578098,0.0316096073877004,0.004457714378071039,-0.003630699542101098,-0.0009230415701466654,-0.006674112286418676
2025-06-11 00:00:00+00:00,-0.014347388609724732,-0.0035426848310628973,0.0017838409105102554,0.0009577103947454147,-0.004713205981432817,-0.0022891744361958886,-0.012519468337179852,0.0005817329404310492,0.0011731496518926322,-0.012462034953943848,-0.0032308270932431445,0.0012147061138493,0.0012438590244918226,-0.011972563536460937,-0.011136470761434267,-0.0085225380095692,0.001675070050423372,0.0011711767286488595,-0.009936977620781223,0.00015258658114871115,-0.011891892659931094,-0.007584119527144236,5.049098916742878e-10,0.0019142465742376658,-0.020231107148382284,-0.0316723436372617,0.0,-0.015327960441990852,-0.012323787208708385,-0.006126070468067739,-0.007609318308876286,-0.0036039963130365038,0.001032608779658183,-0.017781452427207724,-0.012519468337179852,-0.012502462736916197,-0.0026479646595535945,0.0040335358815576814,-0.008966725622305268,0.00031961194540386373,-0.009530371986329556
2025-06-12 00:00:00+00:00,-0.02569916684061191,-0.0015577859103625123,0.001990435491109675,0.0012788967707973893,-0.005041292148015643,-0.001889305276735803,-0.013286913202695573,0.0005817329404310492,0.0011731496518926322,-0.013046647361503867,-0.003177173657377221,0.0012147061138493,0.0012438590244918226,-0.0074654871799446475,-0.010484397261866207,-0.008566102576585492,0.001675070050423372,0.0014387267476028143,-0.010425614519094866,0.000827968153812186,-0.0123559218297706,-0.007211417166831934,2.167249135709426e-08,0.002130737235189528,-0.019841888705728436,-0.04162196820742385,0.0,-0.024140756078635892,-0.012664051124546586,-0.0056024044577080686,-0.007267372989063477,-0.0036836203309419885,0.001032608779658183,-0.013093286731951663,-0.013286913202695573,-0.013264835994920537,0.020309061327686995,0.002407340830036508,-0.0028870391792221333,0.0004952799893338522,-0.006139601580798626
2025-06-13 00:00:00+00:00,0.0015273471896701807,-0.009498657543933857,0.0010325408184706439,0.001514345109619589,-0.00467164838345199,-0.003318743160316971,-0.01291103913596052,0.0005817329404310492,0.0011731496518926322,-0.01243420223064523,-0.003965175487946799,0.0012147061138493,0.0012438590244918226,-0.012203964366717342,-0.010092823456224984,-0.009726917495660058,0.001675070050423372,0.001458969417429401,-0.009857552507886145,0.0006819691903294007,-0.01173061741038337,-0.005842062831201945,3.881998544841281e-08,0.002168696211763077,-0.016775499926773272,-0.0357920957144605,0.0,-0.020336467461414924,-0.011453490227270094,-0.0013865987734825065,-0.005892807464041159,-0.004835954445842723,0.001032608779658183,-0.01042900292404029,-0.01291103913596052,-0.01287399649612048,0.013517418656632463,-7.913865487968107e-05,0.0009434607613921832,9.828892446428483e-05,-0.013485549949109554
2025-06-14 00:00:00+00:00,-0.005847555254664627,-0.010956953917510278,5.1209810064129684e-05,0.0010853938591621076,-0.006013372745293107,-0.0024092104498254574,-0.0172548036445538,0.0005817329404310492,0.0011731496518926322,-0.01623487078988612,-0.00445075873399458,0.0012147061138493,0.0012438590244918226,-0.013280485688714589,-0.01141443733001022,-0.012463917650984266,0.001675070050423372,0.0005983675379042097,-0.012310655780620619,-0.002442113761611902,-0.015125365649429453,-0.008500210567882721,-2.3070807486647027e-09,0.0015206473404276721,-0.02295324119148232,-0.03812138937863625,0.0,-0.015940657902999575,-0.014693899966079029,-0.0032389099749882424,-0.008550962067155813,-0.005847574318552364,0.001032608779658183,-0.007884307705646082,-0.0172548036445538,-0.017200719996842806,0.0007350249404559704,6.266906100913617e-05,-0.0024209786656272055,-0.0002718932873335689,-0.011309944093227386
2025-06-15 00:00:00+00:00,0.000754577959485303,-0.0019214594123248226,0.0004964394437215407,0.0011522954512000888,-0.005540193876353305,-0.0037784408564451514,-0.014382407761205366,0.0005817329404310492,0.0011731496518926322,-0.013942602716917742,-0.004009452631593059,0.0012147061138493,0.0012438590244918226,-0.008529987499241483,-0.012051747313088428,-0.011202299315475662,0.001675070050423372,0.0007123646092992431,-0.010239144345057724,0.0013159067299789448,-0.013282483599291022,-0.006821725761098991,8.83303741261443e-09,0.0016173001038257695,-0.021889029325536515,-0.03559090478676698,0.0,-0.015553847872768617,-0.013595045380620563,-0.004956639363506079,-0.006864556024378438,-0.004777148305240475,0.001032608779658183,-0.010237072146679153,-0.014382407761205366,-0.014348167500686093,0.013066067402802117,-0.00046041998270223344,-0.005313293970788249,0.0003984129400009806,-0.0054134223610162735
2025-06-16 00:00:00+00:00,0.011723623967570873,-0.0036277443373295,0.0007953575719752678,0.001049603265014426,-0.005339702176209329,-0.0029716629750237765,-0.013112726356842169,0.0005817329404310492,0.0011731496518926322,-0.012935530788234954,-0.0036911649443686478,0.0012147061138493,0.0012438590244918226,-0.005535266149229062,-0.011670372605434378,-0.007084929612144453,0.001675070050423372,0.0004997173612206751,-0.009624711459558455,0.004028148099768702,-0.01241504849970813,-0.006131489618311316,-1.1398171295695647e-09,0.0014562386482275258,-0.02072261600662162,-0.02746427353125233,0.0,-0.044203266146420124,-0.013049814074899283,-0.0038453653034242075,-0.006189788513545207,-0.0039586035950348614,0.001032608779658183,-0.008367668070237004,-0.013112726356842169,-0.013089890436345172,0.02116928634188104,-0.0003532416501679608,-0.003782086178417908,0.0002518037348124835,-0.003405472496524453
2025-06-17 00:00:00+00:00,-0.020773336352352345,-0.0018107484291612118,0.000591795313599924,0.0008501227347292436,-0.005981295824319207,-0.005631106988498747,-0.013570554962098854,0.0005817329404310492,0.0011731496518926322,-0.013563606929163457,-0.004772170941531653,0.0012147061138493,0.0012438590244918226,-0.014679721490447899,-0.011114338046560127,-0.013606584174903267,0.001675070050423372,0.0002735645611302573,-0.009519365791460411,0.0005891626344728228,-0.013181260793164059,-0.007558595663157859,-1.7709156807654836e-08,0.0012800412708084963,-0.02235006527296405,-0.03229178033147279,0.0,-0.010397322793550778,-0.01500727078117807,-0.011442913316872715,-0.007615425494607436,-0.00497309490037228,0.001032608779658183,-0.017165756555151,-0.013570554962098854,-0.013557518241548437,0.023817128179534523,0.0007147320924244288,-0.008969425697320971,-0.0004883463977964908,-0.01708756946027279
2025-06-18 00:00:00+00:00,0.0026943394990830427,-0.0019214594123248226,0.001502011589853043,0.0013731159374102818,-0.00504044505620767,-0.0028392455812903984,-0.009484227131379214,0.0005817329404310492,0.0011731496518926322,-0.009966642896754922,-0.003984365252547373,0.0012147061138493,0.0012438590244918226,-0.01315910453514729,-0.010746925975859415,-0.02326899548078802,0.001675070050423372,0.0010171106284957432,-0.006596867175363057,0.004100528054840085,-0.010089807156766767,-0.004793028220894338,3.1379197906744594e-08,0.0018573760634108538,-0.01758058335059656,-0.019798000464915436,0.0,-0.01433312029625388,-0.012521523186967138,-0.006795857505460125,-0.004847632177702581,-0.0047679504260238325,0.001032608779658183,-0.01019406655073791,-0.009484227131379214,-0.009486384821207549,0.0030842501495199157,-0.0011863079248135354,-0.006139339990534665,5.0322003351865874e-05,-0.01770249381661415
2025-06-19 00:00:00+00:00,-0.0018995217440469503,-0.011930457768085694,0.0006687954290621213,0.001046583507588101,-0.0047701418727346305,-0.0024278574392844234,-0.009779538288653494,0.0005817329404310492,0.0011731496518926322,-0.009893508277362142,-0.0038876689636492007,0.0012147061138493,0.0012438590244918226,-0.017240165469019807,-0.008833582501055823,-0.024510655485524294,0.001675070050423372,0.0003207005196266266,-0.007081007473255236,-0.0003574510420569225,-0.009803312384936617,-0.005073096865175634,-4.069894643521366e-09,0.0013234266484580814,-0.01509156230162349,-0.02759935988567613,0.0,-0.022732444055823343,-0.011791634378061213,-0.009537763419858899,-0.005141772840655306,-0.00509595334061273,0.001032608779658183,-0.006489702264298311,-0.009779538288653494,-0.009769534120392147,0.03841784269416647,-0.0008433373820119016,0.0001063675499452006,0.00027676360661743615,-0.01960267499089241
2025-06-20 00:00:00+00:00,-0.013218729771002913,-0.001883330434000101,0.0005547354902664497,0.0010802478776889227,-0.004199421479598298,-0.0026748764685165074,-0.010957638068308108,0.0005817329404310492,0.0011731496518926322,-0.010341671206588056,-0.003989810224671877,0.0012147061138493,0.0012438590244918226,-0.01091458166924397,-0.00699380621009396,-0.0069322823434074254,0.001675070050423372,0.000408025932324918,-0.00746060908585271,0.003372214038102219,-0.009984137795561818,-0.00578488122899993,2.8693225573306336e-09,0.0013921167594670436,-0.014323151515112702,-0.02721788941097736,0.0,-0.007118733740878264,-0.010781390823258147,-0.007433389475819812,-0.005797723363537303,-0.004138918784302457,0.001032608779658183,-0.00943508035063057,-0.010957638068308108,-0.010911953861168956,0.009829545496299295,-0.00093705834216686,-0.0020807123136188646,0.0003061372377803906,-0.005139113869518042
2025-06-21 00:00:00+00:00,-0.010237095068809765,-0.0019214594123248226,0.001136655748884288,0.0012763368970100364,-0.005136975802278093,-0.0024523101709557843,-0.014037464417287825,0.0005817329404310492,0.0011731496518926322,-0.01319632421091061,-0.0037714131395275626,0.0012147061138493,0.0012438590244918226,-0.009682337753498945,-0.008041375206384694,-0.010165287174532966,0.001675070050423372,0.0005949366978690307,-0.009193456379637296,0.001022424675006793,-0.01250250795250435,-0.006848225313389667,1.996759557698624e-08,0.0015376576350352167,-0.014328183126648271,-0.016329452433318792,0.0,-0.0065319404082967315,-0.012736310550816829,-0.0032164361079839326,-0.006855623133490383,-0.004019224490533635,0.001032608779658183,-0.007522236594584229,-0.014037464417287825,-0.013985114557951804,-0.0009160621970961155,-0.002023738963736746,-0.004744129861424841,-9.998373711006536e-05,-0.008467689156532288
2025-06-22 00:00:00+00:00,-0.01250003687186485,-0.01017151594472845,0.0007611091590071253,0.0012523483001837046,-0.0051079369317321155,-0.0019752754593366246,-0.013628058578306075,0.0005817329404310492,0.0011731496518926322,-0.0129046887713592,-0.0038640808549938077,0.0012147061138493,0.0012438590244918226,-0.011830683906046528,-0.008450221167860225,-0.017513569732238395,0.001675070050423372,0.0003756835832042782,-0.009069832639083111,0.0010573011338294244,-0.01223021487849364,-0.006321365820193315,1.5463704983176285e-08,0.0013709993839263745,-0.012847546204298895,-0.013709055228318274,0.0,-0.023451521647164443,-0.01244815372891158,-0.002002568286306928,-0.0063427552333577926,-0.0044587428041318634,0.001032608779658183,-0.0048978415391834895,-0.013628058578306075,-0.013581016414132346,0.014668589892204003,-0.0027505534180415963,-0.0026283171876602452,-0.00010631484158096782,-0.016707856208086014
2025-06-23 00:00:00+00:00,0.04445468212081316,-0.009274810906757275,0.0006269488394056662,0.0012874042598383804,-0.005293560270165902,-0.002712606387699233,-0.014011860590542973,0.0005817329404310492,0.0011731496518926322,-0.013297912826243673,-0.0036003406612023776,0.0012147061138493,0.0012438590244918226,-0.015142823794286525,-0.00860398542466059,-0.01683878569141722,0.001675070050423372,0.0002858699238696971,-0.009357123243249487,-0.0009078813159835378,-0.012601581326245559,-0.006374829306146085,1.8881991081798333e-08,0.0013031852370559704,-0.013523252427328694,-0.021362538993418362,0.0,-0.021343786435440586,-0.012724886990720092,-0.0030561545356002757,-0.006400971335174652,-0.004567115327664968,0.001032608779658183,-0.004394556699246875,-0.014011860590542973,-0.013964541019500482,-0.0029339914537888034,-0.0036132472763338516,-0.004006513579542478,0.0005125366287312971,-0.017300821840763092
2025-06-24 00:00:00+00:00,0.004421629389137038,-0.007212348662696328,-0.00032331685405244696,0.00032834038513652954,-0.005547400862827121,-0.0022001813141505804,-0.014589981442233939,0.0005817329404310492,0.0011731496518926322,-0.014181052671544458,-0.0033028214142076175,0.0012147061138493,0.0012438590244918226,-0.010814836223196787,-0.009092012391768893,-0.014421477318052482,0.001675070050423372,-0.0009667114941915855,-0.011014968600976605,0.0029160176952101055,-0.013309906758253949,-0.00779360489938022,-6.715112199628948e-08,0.00032051408182276475,-0.016835873565893975,-0.021800774161893632,0.0,-0.013805157157150206,-0.013479602922494168,-0.010774008000462623,-0.007855084150611709,-0.00391218981038446,0.001032608779658183,-0.007704060832667304,-0.014589981442233939,-0.014564894312340275,0.027641022784926823,0.000638345519195417,-0.0044705232006588495,-0.0004139836969709876,-0.006711732130497694
2025-06-25 00:00:00+00:00,0.012329889288610119,-0.004496266454247714,0.0014678483429315168,0.0008763359304205952,-0.004398566019408837,-0.002540961812570729,-0.01119630256850276,0.0005817329404310492,0.0011731496518926322,-0.011285487117360361,-0.0031783050351025586,0.0012147061138493,0.0012438590244918226,-0.009618818651353627,-0.00910163858109762,-0.009694035414608752,0.001675070050423372,0.0002979551071380371,-0.008831149414220548,0.004628824616213282,-0.01085162401068637,-0.006124076327442798,-6.679206521198466e-09,0.0012781991083823385,-0.017074343795250347,-0.029507471745927605,0.0,-0.022246836964475974,-0.011170878151510692,-0.009156360578044991,-0.006146400319978492,-0.0038058826569920155,0.001032608779658183,-0.010896120431677944,-0.01119630256850276,-0.011181579556634482,-0.011067779048102406,0.00097270368901101,-0.009643680942744528,-0.00042124517110053716,-0.0070706759579479694
2025-06-26 00:00:00+00:00,-0.0037444561956299083,-0.0010888231375701242,0.0016924965110473205,0.0008164767443615227,-0.005045724718084838,-0.0037645743618762435,-0.013675883064899433,0.0005817329404310492,0.0011731496518926322,-0.013334588392892324,-0.002795852634061513,0.0012147061138493,0.0012438590244918226,-0.0029900503273243067,-0.007983289996342284,-0.0021535476323956463,0.001675070050423372,0.00022365566278459426,-0.01069726088369469,-0.001136795072213804,-0.012546459457530034,-0.0078116734081628445,-1.8624961128921314e-08,0.001207424133092161,-0.01956111933337358,-0.02637906662277033,0.0,-0.007319725008502026,-0.01271005846872133,-0.009253879718530733,-0.007861104095504598,-0.003585284247209437,0.001032608779658183,-0.013709561738689828,-0.013675883064899433,-0.013650627124129225,0.012392784424295592,0.0019770175455880697,-0.006100830292543937,-0.000488029462523798,-0.0007172186160460114
2025-06-27 00:00:00+00:00,0.0012000060322705508,-0.0015577859103625123,0.0013011823230340616,0.0010804095468307793,-0.004886991742203309,-0.004028935228166702,-0.013752070039711552,0.0005817329404310492,0.0011731496518926322,-0.013231617054418505,-0.00301503191336815,0.0012147061138493,0.0012438590244918226,-0.005740066314215671,-0.009027846506441494,-0.0071231686962622085,0.001675070050423372,0.0006629081813986915,-0.010560332236653409,-0.0010696850807285828,-0.012442207786788822,-0.007714758264787932,5.656170642964753e-09,0.001543783517790942,-0.02069936249837017,-0.02763096518709303,0.0,0.005860644325974185,-0.012401101996995213,-0.008330340787280658,-0.007749697364756621,-0.003231547325833658,0.001032608779658183,-0.013919738092333952,-0.013752070039711552,-0.013717306061980331,0.013316429217580984,0.0014706245886823926,-0.007210845466216741,0.0003834675289127176,-0.0025620039086788893
2025-06-28 00:00:00+00:00,0.002231861317367745,-0.0016063309701794405,0.0010531641410490957,0.0010323629005287637,-0.004700479677717319,-0.0028700145700405093,-0.01328776795644307,0.0005817329404310492,0.0011731496518926322,-0.012802618621390458,-0.0031947536594326823,0.0012147061138493,0.0012438590244918226,-0.0073725936366451335,-0.008054532562368391,-0.008459971567457163,0.001675070050423372,0.0005173843779004983,-0.010546697956353102,-0.0015058340584888283,-0.012016662084044345,-0.007370931946105409,-1.8126637968407522e-09,0.0014319587842823722,-0.01998833344074542,-0.027505884462669796,0.0,-0.01468629536945068,-0.01191231827889697,-0.007440636793354129,-0.007421226700745416,-0.0036922930077183252,0.001032608779658183,-0.01232703909034633,-0.01328776795644307,-0.013254104275750066,-0.001846444614950783,0.0014463914958893495,-0.00349580848896159,0.00028077058439812674,-0.004259094595909119
2025-06-29 00:00:00+00:00,0.009808164798652541,-0.0015577859103625123,0.0008051179906749675,0.001008416628466641,-0.004722056839808208,-0.0019261957603937466,-0.013983394320946911,0.0005817329404310492,0.0011731496518926322,-0.013347033447044378,-0.0034833904798090504,0.0012147061138493,0.0012438590244918226,-0.00726337259617811,-0.008039920120770082,-0.007975723024424394,0.001675070050423372,0.0004897174204376853,-0.01089821177218163,0.0007056652854633991,-0.012476311721343046,-0.007610261719950689,-3.3713476454977354e-09,0.0014116949183140548,-0.020494002014269732,-0.024796501650376973,0.0,-0.01823961081636312,-0.012063303593852636,-0.006804610403446487,-0.00764848069832233,-0.003663692306776877,0.001032608779658183,-0.012969260010481503,-0.013983394320946911,-0.013941671730067422,0.014148898528768541,0.001515575566368935,-0.004540690622724676,-0.00035963908283775936,-0.00572776747867465
2025-06-30 00:00:00+00:00,-0.011602107842923814,-0.0016063309701794405,0.0007995320191382898,0.0008769772475704775,-0.0045775465950047,-0.0032242873493636445,-0.013901203693949205,0.0005817329404310492,0.0011731496518926322,-0.01325164694115415,-0.004123810790820538,0.0012147061138493,0.0012438590244918226,-0.014436034617034193,-0.008084861526728068,-0.01756400060214427,0.001675070050423372,0.0003516450924578862,-0.010704965772452382,-0.00017152567297840768,-0.012377872653759617,-0.007452568775777398,-1.4815757509722971e-08,0.0013031858635113025,-0.020306988099346297,-0.0319438755128424,0.0,-0.008330205581861658,-0.011911251049055948,-0.007803597491262774,-0.0074792763255330415,-0.004720040025855646,0.001032608779658183,-0.012839434039486142,-0.013901203693949205,-0.013857562985146786,0.0006583278902267542,0.0022488080388461773,-0.004582196412515097,-0.00045974524049974264,-0.01631622016429901
2025-07-01 00:00:00+00:00,-0.013504224998397873,-0.0018107484291612118,0.0013379729381198017,0.0012215438318453173,-0.00597289931075471,-0.002594074541883954,-0.01572648184800622,0.0005817329404310492,0.0011731496518926322,-0.015339490447393779,-0.004486622538527074,0.0012147061138493,0.0012438590244918226,-0.012008279314119252,-0.011079569906617792,-0.016634185846371632,0.001675070050423372,0.0008596646097469574,-0.01088781028951931,-0.003682283836232167,-0.014590694127231841,-0.008461123587401254,1.7525575657373338e-08,0.0016974791092891905,-0.02176052598508971,-0.04326606216825019,0.0,-0.022444808432925963,-0.0153005481393974,-0.006040603072312832,-0.008482615173353317,-0.0045144926328654356,0.001032608779658183,-0.016877584090644604,-0.01572648184800622,-0.015695297257072725,-0.007262878154274835,0.0010233186126881284,-0.011576476587867555,0.0004934329712131813,-0.011390571482479572
2025-07-02 00:00:00+00:00,0.02946777719676419,-0.009498657543933857,0.0010906089502426624,0.0013002394483633405,-0.005152467089901624,-0.003096676987989049,-0.011952296620740929,0.0005817329404310492,0.0011731496518926322,-0.011931518174469663,-0.003747840377949188,0.0012147061138493,0.0012438590244918226,-0.010288312119826126,-0.011709879040918207,0.001258515127094571,0.001675070050423372,0.0007541356605393901,-0.008311145404101395,0.0017284135643206727,-0.011608399915459122,-0.0058690461546489535,2.039887370131055e-08,0.001623136469644848,-0.017910589073314123,-0.047748845324957434,0.0,-0.010153661263126956,-0.013070175477985462,0.00016670895485231376,-0.00591148756759086,-0.0036879330694175,0.001032608779658183,-0.00722758921026106,-0.011952296620740929,-0.011935818164682406,0.002782993298572195,-0.0002620224739820592,-0.004414947466511991,0.0005323769957854552,-0.00731646828353405
2025-07-03 00:00:00+00:00,0.007218611789275187,-0.007471695750240169,-0.00011777838067010635,0.0005836832625325495,-0.0051973560193626115,-0.003693505052168126,-0.012239115251719331,0.0005817329404310492,0.0011731496518926322,-0.01218414309536189,-0.0042449853226649535,0.0012147061138493,0.0012438590244918226,-0.019806233242338957,-0.010552398373243321,-0.01582682168064452,0.001675070050423372,-0.000255129781766783,-0.008868531639240252,0.0004084589196971066,-0.011780253215898083,-0.006857173536077913,-4.4512606933722054e-08,0.0008412935590502713,-0.01912965053830473,-0.04026685055627976,0.0,-0.02517523763020867,-0.013401746113253277,-0.01058535522712019,-0.006908209614542296,-0.005128915456143764,0.001032608779658183,-0.010792033441930823,-0.012239115251719331,-0.012226243378141042,0.022230663041850767,0.002367456022563918,-0.004815982644310671,-0.0007600736803627939,-0.016779884696006775
2025-07-04 00:00:00+00:00,-0.014825919138180765,-0.00286667063600136,0.001094750279957474,0.000863469809704412,-0.004559714414115907,-0.0035385197802222114,-0.010628170297912656,0.0005817329404310492,0.0011731496518926322,-0.010756654353841523,-0.0037957247425480624,0.0012147061138493,0.0012438590244918226,-0.013285069274525881,-0.010501124410035185,-0.00943334409636589,0.001675070050423372,0.00048239706313069064,-0.007741221871707948,0.0006932797265159687,-0.010574173833477625,-0.006160546300121971,-1.0904162905944759e-08,0.0014026481352100717,-0.02022513083535438,-0.046133810178836096,0.0,-0.02092428524248463,-0.012165277059820841,-0.00969301876693302,-0.00617859798660645,-0.004248881972277773,0.001032608779658183,-0.013849731372938457,-0.010628170297912656,-0.010616386719615286,0.018751355798663098,0.0027962736764750268,-0.010328067944660456,-0.0004622456442522349,-0.011017033830285072
2025-07-05 00:00:00+00:00,0.0018203901235853692,-0.001883330434000101,0.0019010627104737864,0.0012742744463889691,-0.004970897025022292,-0.00463626769797373,-0.012322989206997374,0.0005817329404310492,0.0011731496518926322,-0.012032451127035847,-0.004256137798991209,0.0012147061138493,0.0012438590244918226,-0.012253560003217666,-0.010623126654188667,-0.013819517621352998,0.001675070050423372,0.000996159965996668,-0.00847126071765513,0.00020018316209579213,-0.011633140897702,-0.006433411412122328,2.239531937675565e-08,0.0017996474294612597,-0.019343256791050714,-0.02937147938240149,0.0,-0.024611504669944828,-0.012808763616377849,-0.00959204159009859,-0.0064539641331627425,-0.004250437696486099,0.001032608779658183,-0.011398359180824524,-0.012322989206997374,-0.0122956498665277,0.006078195712093825,0.001237192857436119,-0.0073454522325180835,0.0005202772871797379,-0.013226408511400223
2025-07-06 00:00:00+00:00,0.009205212297771936,-0.008191386891016752,0.0007118296496727572,0.0010480315095933123,-0.005077935859975193,-0.0044365567194231265,-0.01328235600144801,0.0005817329404310492,0.0011731496518926322,-0.012650643652464651,-0.004285558595585057,0.0012147061138493,0.0012438590244918226,-0.015994261674537158,-0.010076345396297273,-0.016396410580013534,0.001675070050423372,0.0004918588999487383,-0.009104869523015759,-0.0005249535164174225,-0.012069452793560347,-0.006986797002076997,-2.749761307541121e-09,0.0014157579491715921,-0.01883698790716256,-0.02161210064487522,0.0,-0.01640965359125109,-0.01298698103021899,-0.0073127501007757495,-0.007014778417129048,-0.004647454732872455,0.001032608779658183,-0.00889272075968234,-0.01328235600144801,-0.013243553903741758,0.012904689029511621,0.0012884847432062178,-0.003986830100375005,0.000330072309784768,-0.017579076811671257
2025-07-07 00:00:00+00:00,-0.008570920982519326,-0.001313416746575291,0.00047120624848706063,0.0008925274941397639,-0.005095361050497053,-0.003093200575875759,-0.014337018917951,0.0005817329404310492,0.0011731496518926322,-0.013379749808188162,-0.004661382145016464,0.0012147061138493,0.0012438590244918226,-0.01528231084289929,-0.009491659566837,-0.014084223799087832,0.001675070050423372,0.0003382567472058895,-0.009658187398414857,-0.000721586850995152,-0.012669604628274359,-0.008050970518016023,-1.3904964291100441e-08,0.0012980442341525844,-0.020078279905685763,-0.027823091297738495,0.0,-0.0073424287859478465,-0.013267369130318656,-0.012402610437428982,-0.008055873396198891,-0.004501663132339411,0.001032608779658183,-0.012299074475021378,-0.014337018917951,-0.014284309575253293,-0.006952403166283261,0.0019884700628405895,-0.006745335707177289,-0.00043013582924800176,-0.015027438290417194
2025-07-08 00:00:00+00:00,0.005987787756895457,-0.0018107484291612118,0.0012658328243588823,0.0011723485615592064,-0.004872258590695762,-0.002521109921116173,-0.013295637189368097,0.0005817329404310492,0.0011731496518926322,-0.012798726284892505,-0.0032050010851140944,0.0012147061138493,0.0012438590244918226,-0.01239836969499019,-0.010343048934844522,-0.01566717703620076,0.001675070050423372,0.0007692566547383706,-0.009624350285823154,0.004161287606051985,-0.012176083160940375,-0.006940416703834876,1.2946808070068982e-08,0.001631914298524606,-0.01787920028989631,-0.018882781696080833,0.0,-0.03332580899048458,-0.012480656808108778,-0.00862023741986284,-0.006959012962648109,-0.003807930899307525,0.001032608779658183,-0.010375260158172457,-0.013295637189368097,-0.013258926796203862,0.017892924273620544,0.00105413516455747,-0.0064885293687037895,-0.0002323154668317784,-0.013910266570746899
2025-07-09 00:00:00+00:00,0.02157624527478319,-0.0035426848310628973,0.0008093931058403826,0.0009637528338129989,-0.004862428991552021,-0.0038565224757596468,-0.013996719205572113,0.0005817329404310492,0.0011731496518926322,-0.013312177794758642,-0.0032300190096238644,0.0012147061138493,0.0012438590244918226,-0.01526170526985357,-0.009274665753659825,-0.014776939581307085,0.001675070050423372,0.0003801879446232448,-0.010407068373803651,0.0033514828425494944,-0.012518208679214875,-0.007385104228921995,-9.044850202144517e-09,0.0013325538600312825,-0.016627800956167515,-0.029478729558164954,0.0,-0.026637450858452007,-0.01245065324762511,-0.007819191010220295,-0.007415083237808502,-0.00412742487935108,0.001032608779658183,-0.009606487941316954,-0.013996719205572113,-0.01395302785340507,0.021779878780255744,0.001490250142812248,-0.0032430956164186567,0.00019318564841519503,-0.013759586960077286
2025-07-10 00:00:00+00:00,0.04101205071393643,-0.0015577859103625123,0.0004751371587161881,0.0006718077046104422,-0.005688624759028079,-0.0037356513682968886,-0.015907024423590932,0.0005817329404310492,0.0011731496518926322,-0.015250132798861876,-0.0037291401753026853,0.0012147061138493,0.0012438590244918226,-0.009265151879479645,-0.009020300620114453,-0.007333488755575764,0.001675070050423372,0.00012188748990382692,-0.011569411778971835,-0.002814180790021925,-0.014368539469135655,-0.009347653757409358,-3.259207481676185e-08,0.0011283128340444648,-0.020379090910808636,-0.036706470103567895,0.0,0.004780971987261596,-0.014770738496328623,-0.008661482993054609,-0.00937310808256111,-0.004321413467331485,0.001032608779658183,-0.015392926573884256,-0.015907024423590932,-0.015867827756766466,0.008594338771355027,0.0032666780026607326,-0.009545347179461034,2.272023027849457e-05,-0.004054771736264229
2025-07-11 00:00:00+00:00,0.013103070361554003,-0.001313416746575291,0.0007627871072029726,0.000303507177637717,-0.00485860339644663,-0.0034567124323415977,-0.01305537906095822,0.0005817329404310492,0.0011731496518926322,-0.01277482453669265,-0.003973626476072735,0.0012147061138493,0.0012438590244918226,-0.008879578610958856,-0.008395489223602608,-0.007794495448654284,0.001675070050423372,-2.3754152039145993e-05,-0.01056202782051817,-0.0030717804095381175,-0.012171322758139577,-0.008906269510126751,-6.195092261407353e-08,0.0010015574262673965,-0.02341884484520402,-0.03780314687124177,0.0,-0.019015275143322484,-0.013115445637558974,-0.011136683082936631,-0.008947301098652612,-0.0042053924834549936,0.001032608779658183,-0.019250296177704185,-0.01305537906095822,-0.013032223366321875,0.01400671200080046,0.006605180583863993,-0.010008465194834655,-0.0009484820294343166,-0.010216593742370605
2025-07-12 00:00:00+00:00,-0.0006960192139153776,-0.004042310655645209,0.001952658184093807,0.0007260755481348039,-0.004175716734123189,-0.004384524108392764,-0.011368817551474869,0.0005817329404310492,0.0011731496518926322,-0.011283204253843791,-0.003792168825087623,0.0012147061138493,0.0012438590244918226,-0.016257887414022797,-0.006627293066430994,-0.01681903216937645,0.001675070050423372,0.0009713645818791861,-0.010036274522382165,-0.0035892399655461336,-0.010854934424705937,-0.008250631802018439,-1.979297437060268e-08,0.00176060142456258,-0.025371908551051092,-0.03372307131895963,0.0,-0.024791570720572913,-0.011674982556250667,-0.011802769137659009,-0.008290579219110594,-0.0036919113348045664,0.001032608779658183,-0.014265080522089106,-0.011368817551474869,-0.011346652099937803,0.02092387241851686,0.0071796614447478995,-0.01113648881421023,-0.0006148932853378142,-0.01634567230939865
2025-07-13 00:00:00+00:00,0.014211873761340144,-0.0010888231375701242,0.0020190880119086846,0.0010166216161186905,-0.004907779351198901,-0.004546214569838419,-0.013763146719310889,0.0005817329404310492,0.0011731496518926322,-0.01337153579440644,-0.004051394762044582,0.0012147061138493,0.0012438590244918226,-0.012520236167139891,-0.005701909003776198,-0.014548614670345702,0.001675070050423372,0.0013837823218416645,-0.011642208317059406,-0.004244997030678172,-0.012666441000376814,-0.009069551383635101,1.0513439008263958e-09,0.002083908930098133,-0.02625337002714141,-0.04199171316981785,0.0,-0.02838004607345395,-0.013124318184915018,-0.006134243944300148,-0.009129730640150898,-0.004267223161738949,0.001032608779658183,-0.017956610661753955,-0.013763146719310889,-0.013730764549877626,0.012185502137963319,0.006482716348889578,-0.008495900704460959,0.0002882153313716884,-0.013740327209234238
2025-07-14 00:00:00+00:00,0.006139691780726153,-0.0010888231375701242,0.0009105193683611693,0.0008035645474637073,-0.0052040917589658365,-0.0035195893434879946,-0.014107476496279543,0.0005817329404310492,0.0011731496518926322,-0.013823390504069138,-0.0043342208492164755,0.0012147061138493,0.0012438590244918226,-0.01048275534055302,-0.005548465276526908,-0.004296258601537306,0.001675070050423372,0.001055758919811467,-0.012162961080679715,-0.004185514663410828,-0.01310520690798546,-0.0093504778793323,-2.1467785771278614e-08,0.0018418044728285565,-0.0274033712779898,-0.04641351446824297,0.0,-0.00720785874556318,-0.013799427069068821,-0.010585390516036509,-0.009432611776371183,-0.005156890859989498,0.001032608779658183,-0.01874498312316355,-0.014107476496279543,-0.014081479259042618,0.0018912018654769769,0.007166109997828694,-0.0074901650986773476,0.00017749909603104186,-0.008440714329481125
2025-07-15 00:00:00+00:00,-0.01744388585779255,-0.0016063309701794405,0.0010664629607863036,0.0009114058256659393,-0.004626051486502584,-0.002781509081718119,-0.012640323889749148,0.0031093465277902345,0.0011731496518926322,-0.01250783836350942,-0.00445505962516346,0.0012147061138493,0.0012438590244918226,-0.014484072674199338,-0.0030746319131619584,-0.01242287952509768,0.001675070050423372,0.001326817196604324,-0.012203961840294321,-0.00159235080382884,-0.011940841048927509,-0.008637466218209211,-9.274362611222386e-09,0.0020632383854994885,-0.0321756631303937,-0.05145115163933696,0.0,-0.03217378340189952,-0.012343704209445201,-0.013693437989046466,-0.00874136348815568,-0.0052769258768948085,0.001032608779658183,-0.015022349752580615,-0.012640323889749148,-0.012612265333786721,0.019075770477334074,0.0070750220264267335,-0.009047193048118093,-0.00038577297404884803,-0.014913712628185749
2025-07-16 00:00:00+00:00,0.008129063946739734,-0.0020673762306904504,0.0016091823191084907,0.001325046180617793,-0.005343135974174398,-0.0009869623450810133,-0.0152597334311666,0.0031093465277902345,0.0011731496518926322,-0.014683560738314623,-0.005364031982250411,0.0012147061138493,0.0012438590244918226,-0.008128379799721214,-0.004147348741637446,0.00010182545495547422,0.001675070050423372,0.0018166841757665253,-0.013624884966257607,-0.0033308554159985388,-0.013852272987938159,-0.008974427010792797,2.634989826333367e-08,0.0024608404123984684,-0.034658306792941546,-0.06326383082892788,0.0,-0.024787719574392058,-0.013512685652805802,-0.00843755884876864,-0.009081265724533057,-0.0056163411720989275,0.001032608779658183,-0.0157075135685397,-0.0152597334311666,-0.015212396125502242,0.030020714013197985,0.004905886621818689,-0.00808700497983414,-0.00013605435229635532,-0.015326444990932941
2025-07-17 00:00:00+00:00,0.004632531548196539,-0.010956953917510278,0.0005293638770939614,0.0009481281625388912,-0.005973743109265294,-0.0017997461837372716,-0.015753490990127367,0.0005817329404310492,0.0011731496518926322,-0.015482398318561807,-0.006555884777781143,0.0012147061138493,0.0012438590244918226,-0.026054956878487866,-0.005446086288851034,-0.016815905620839667,0.001675070050423372,0.0010832970856355928,-0.01432653708628782,-0.006631254411185727,-0.014653245457339356,-0.0092001077755361,-1.2279341987664338e-08,0.00191375990026188,-0.03564963518537302,-0.06570994603320802,0.0,-0.03009517474061755,-0.014799562050260832,-0.012841345288400374,-0.009345840640157307,-0.010378328191906573,0.001032608779658183,-0.01458033545530575,-0.015753490990127367,-0.015723159127117706,0.0013230477430875814,0.005190700108005832,-0.00576478168818844,0.00016830732196737586,-0.03699548915028572
2025-07-18 00:00:00+00:00,-0.010844225622223647,-0.0019214594123248226,0.0006231805475379138,0.0009564226103478779,-0.006235381014575572,-0.0011005662173541719,-0.014443134076228346,0.0005817329404310492,0.0011731496518926322,-0.01463418789273798,-0.006206051989701167,0.0012147061138493,0.0012438590244918226,-0.01833434413906315,-0.005004188170115449,-0.01101148758600588,0.001675070050423372,0.0011845212083514411,-0.012607183871152982,-0.007406804484032057,-0.01421144783234021,-0.008819073971848612,-6.997701973432413e-09,0.0020064757222542084,-0.03376356489461518,-0.06519789445077245,0.0,-0.037677571487460454,-0.01571961558935759,-0.011784296608697146,-0.008944211509523074,-0.008181785571291072,0.001032608779658183,-0.015334515810966119,-0.014443134076228346,-0.014430197718671716,-0.013716605103653886,0.005141031543921941,-0.012109906934721248,0.0003325897169350611,-0.016784382984042168
2025-07-19 00:00:00+00:00,-0.0005361459934221102,-0.0021337563671181923,0.0013412952816393825,0.0012194419498274096,-0.005652418711121356,-0.002420715904676685,-0.011861606747594507,0.0005817329404310492,0.0011731496518926322,-0.012196642847768533,-0.006009856688461816,0.0012147061138493,0.0012438590244918226,-0.019474017338115438,-0.006340889997836578,-0.012113925335998255,0.001675070050423372,0.0015002696132278004,-0.010314673281147546,-0.006361629440155895,-0.012096773538968692,-0.006808750265034655,1.638076696508506e-08,0.0022657437561388605,-0.03034198814595608,-0.0640812654431339,0.0,-0.007271943961438841,-0.014130887660921512,-0.01329048960171271,-0.006925656174233086,-0.008256557174884022,0.001032608779658183,-0.012381050120835567,-0.011861606747594507,-0.01185274930636305,0.02165309899219073,0.0037267472096707463,-0.008707668625165336,-0.00012024520770914648,-0.016495494171977043
2025-07-20 00:00:00+00:00,-0.005434339336096272,-0.01017151594472845,0.0007795324076741436,0.0010805081425998358,-0.005431814955649482,-0.0013606806566373421,-0.011531947401318056,0.0005817329404310492,0.0011731496518926322,-0.011718780507335717,-0.005605146567717134,0.0012147061138493,0.0012438590244918226,-0.018712734648859308,-0.006682181778598436,-0.01712153240707711,0.001675070050423372,0.001140708051854844,-0.010113109969050788,-0.008638808274578176,-0.011579206297480507,-0.006468369771511308,8.099014792151138e-10,0.0020045258344296712,-0.027959482113340744,-0.05090893854308969,0.0,-0.01988191971678993,-0.013448662810054579,-0.011659483157673924,-0.006590633673005403,-0.0074209752575135806,0.001032608779658183,-0.010529927424951397,-0.011531947401318056,-0.011517373057660521,0.03179707798977441,0.003349374190043912,-0.004336391012654532,-0.0003922894863972459,-0.014772719703614712
2025-07-21 00:00:00+00:00,0.001182157469637346,-0.0021337563671181923,0.0007534906646008667,0.0011446435074145079,-0.005818886862304473,-0.0008076172691358807,-0.0127369067037999,0.0005817329404310492,0.0011731496518926322,-0.012773221272073563,-0.0058840587960910596,0.0012147061138493,0.0012438590244918226,-0.019634197439510382,-0.005764941437940244,-0.017496078940127387,0.001675070050423372,0.0011814849622524548,-0.010563452815847476,-0.009262911548749295,-0.012549378116128046,-0.007097810652044016,8.208857593672292e-09,0.0020511848458983906,-0.026287210636240472,-0.05392040296208814,0.0,-0.017380734316680805,-0.014304706623793788,-0.007525999151835978,-0.007206728239144102,-0.008839497984241556,0.001032608779658183,-0.01074779248101002,-0.0127369067037999,-0.01271537756113515,0.012922107967849445,0.0025721083024659985,-0.006837587672019292,0.00037109597104567627,-0.0146406264975667
2025-07-22 00:00:00+00:00,0.02152988592407823,-0.004496266454247714,0.0007540039598557595,0.0010413348882108815,-0.005627528853551311,0.00023295824223330266,-0.012843229697303178,0.0005817329404310492,0.0011731496518926322,-0.012456231619590669,-0.005480978602680879,0.0012147061138493,0.0012438590244918226,-0.014045693659174003,-0.008125705278286176,-0.008664354581721937,0.001675070050423372,0.0009557844599790144,-0.009062361179594771,-0.00963275177993084,-0.012174529468372034,-0.0064875800929067706,-1.7856987000186564e-09,0.001888548906890719,-0.021341375712391922,-0.039662474755715084,0.0,-0.020652837719190565,-0.013976111320873525,-0.0033070687719846327,-0.006539597006208561,-0.007366995362616315,0.001032608779658183,-0.009917271616167461,-0.012843229697303178,-0.012806816206576253,-0.03201159581681968,0.002448863755507308,-0.007903441115118004,0.0003934854454215042,-0.011685009114444256
2025-07-23 00:00:00+00:00,-0.010391307539645567,-0.001883330434000101,0.0004427488928231059,0.0006830638091039427,-0.004916289058802066,0.00011628872512552948,-0.012341898051353422,0.0005817329404310492,0.0011731496518926322,-0.0116888646515954,-0.004705644218974198,0.0012147061138493,0.0012438590244918226,-0.014748171718638417,-0.004643529121846126,-0.01687143548574721,0.001675070050423372,0.0005380504749634696,-0.00885899991124263,-0.0018292633160722682,-0.011291344600616746,-0.0064556741140603955,-3.252203484294114e-08,0.0015699539689606468,-0.021203677784638417,-0.028550297042249692,0.0,-0.012059651323831595,-0.012502198793962098,-0.0011241381176829795,-0.006484526371388322,-0.005815236025047258,0.001032608779658183,-0.00785119561720943,-0.012341898051353422,-0.012293436908953357,-0.007386989752957485,0.004136395907977528,-0.007086487998198778,-0.0006202776349795158,-0.010242528282105923
2025-07-24 00:00:00+00:00,-0.0032638027121016933,-0.0034367037464532297,0.0015343579213698466,0.00117488111868977,-0.005711742684354997,0.00188699301994985,-0.015127102012422622,0.0005817329404310492,0.0011731496518926322,-0.01423265260301973,-0.005318770328263093,0.0012147061138493,0.0012438590244918226,-0.017144203551549525,-0.004215945815764149,-0.01420623969983565,0.001675070050423372,0.0013659412445594654,-0.010185393711953969,-0.005144039087738494,-0.013591856758586172,-0.007488554461158556,1.5696571153966943e-08,0.002215702758968874,-0.020969186566640746,-0.02970383300513514,0.0,-0.02035371260116902,-0.01423116536574828,-0.0013318762799149324,-0.00749139407764054,-0.007648319470053025,0.001032608779658183,-0.008489396222646257,-0.015127102012422622,-0.015067491554101699,-0.013359416894324135,0.002851040682835414,-0.01229332376139401,-0.00027104926381937844,-0.019824767485260963
2025-07-25 00:00:00+00:00,-0.0062043007745913314,-0.011127848671397789,0.0011831243939282778,0.0011206513428734617,-0.00605368718309832,0.0022207861615641733,-0.015386776419990023,0.0005817329404310492,0.0011731496518926322,-0.014773038913060085,-0.004157121874660862,0.0012147061138493,0.0012438590244918226,-0.015245566372500805,-0.0057866654561118495,-0.011172851713530975,0.001675070050423372,0.0010928910679943726,-0.011090697172730693,-0.00584479591978303,-0.014043663358438752,-0.00736560059903445,4.930170049988192e-09,0.0020161399141755965,-0.019860661748754362,-0.010239675074899894,0.0,-0.02711086440340124,-0.014679818198494989,-0.0019192867062860029,-0.007412646958177372,-0.006959453133122708,0.001032608779658183,-0.0060228589379101045,-0.015386776419990023,-0.015343422233888739,-0.023154457171584396,0.002309851890716222,-0.0077642204759325786,0.0003356470846096471,-0.017044423148036003
2025-07-26 00:00:00+00:00,0.0026443693047735195,-0.0022652798045441264,0.000720367761665096,0.0011630912117043834,-0.005727047283316205,0.0030554146427620955,-0.014299735807010435,0.0005817329404310492,0.0011731496518926322,-0.013904513254631,-0.004122076089142367,0.0012147061138493,0.0012438590244918226,-0.011956071730189394,-0.004324313845244223,-0.008233828121964716,0.001675070050423372,0.0010694651836207214,-0.010775893044422856,-0.007000522273531559,-0.01327839357989289,-0.00660614679293951,9.371932563340124e-09,0.002011371721154731,-0.02008805580184993,-0.009025140856184955,0.0,-0.01751980375239993,-0.013774988911895273,-0.002333903371265361,-0.006661398670722582,-0.007309114571637355,0.001032608779658183,-0.0037481489902370223,-0.014299735807010435,-0.014261891323576428,-0.016152897650173872,0.0015564302300756583,-0.00725034108804678,0.000534208015681159,-0.008250240236520767
2025-07-27 00:00:00+00:00,0.012646766556711597,-0.006195464611411041,0.000657347143476875,0.0010190811108556983,-0.00596076954315585,0.004207909959683547,-0.015514042086100136,0.0005817329404310492,0.0011731496518926322,-0.014911268058466067,-0.004026758334901113,0.0012147061138493,0.0012438590244918226,-0.009283731030788557,-0.003949908853082546,-0.0074119373759629695,0.001675070050423372,0.0007936678557722843,-0.011560879819347074,-0.007834881073721841,-0.014122884153989088,-0.007348200700618421,-3.994445663124679e-09,0.0018074696027596815,-0.02107185362341549,-0.02313692915020807,0.0,-0.008444610421372394,-0.014355899530255935,-0.001985082588206005,-0.007400710974234953,-0.0074101369358967085,0.001032608779658183,-0.005160694489805001,-0.015514042086100136,-0.015468841924122038,-0.011838097326591874,0.001652369466320253,-0.008051581259951153,-0.00031141203211504376,-0.009827926754951477
2025-07-28 00:00:00+00:00,-0.012840860312948621,-0.001883330434000101,0.0006072517087387971,0.0008303814747353351,-0.005765516993017052,0.0037671046415129255,-0.015007067815880671,0.0005817329404310492,0.0011731496518926322,-0.014570290396570554,-0.0038766815146778675,0.0012147061138493,0.0012438590244918226,-0.01065416016062563,-0.0024372126853884723,-0.011581624569945277,0.001675070050423372,0.0005959338940293435,-0.011551780088462082,-0.005441479904243615,-0.013812795905673452,-0.00731363239943542,-1.9103616466509266e-08,0.0016579460287626802,-0.022212060167779397,-0.01780889240583141,0.0,-0.013745888890855379,-0.01403156781188644,-0.004737012826353565,-0.007366095951168222,-0.007165337225209778,0.001032608779658183,-0.004870084421366119,-0.015007067815880671,-0.014968353208280246,0.0039420620117430645,0.0026245925678926993,-0.009191193634350133,-0.0006406524614863685,-0.009738285094499588
2025-07-29 00:00:00+00:00,-1.9742695066327087e-05,-0.00286667063600136,0.0014252404988945883,0.0012362169255503768,-0.00608743050893595,0.0033278875415483737,-0.015652198041213605,0.0005817329404310492,0.0011731496518926322,-0.015327911662429906,-0.0048500407555203155,0.0012147061138493,0.0012438590244918226,-0.032712874078997506,-0.0025358343882884997,-0.033925509142718954,0.001675070050423372,0.0012048238632704766,-0.01210362843781194,-0.0041128754041810985,-0.01457802072967729,-0.007612650688948268,1.9396770412072328e-08,0.0021341587304792853,-0.022112047201151168,-0.008554189130799457,0.0,-0.005712783087732556,-0.014686720368066175,-0.01271777760133946,-0.00767067697059568,-0.00856696926389198,0.001032608779658183,-0.005554647890809136,-0.015652198041213605,-0.0156166997656544,0.010025648577596214,0.0012562879478459983,-0.008483306572041978,0.00045559206002110386,-0.03216137737035751
2025-07-30 00:00:00+00:00,-0.0007716619758681986,-0.012151100296624124,0.0008952586814305302,0.001074033690720677,-0.00655866672652195,0.003909068269640927,-0.01666295273183776,0.0005817329404310492,0.0011731496518926322,-0.016141601070010135,-0.005618476758683117,0.0012147061138493,0.0012438590244918226,-0.040953353061914305,-0.005584905017579658,-0.046348998956071426,0.001675070050423372,0.0007928347056989082,-0.01250946803355007,-0.007323363480886107,-0.015316744943008824,-0.008571909530713392,2.985167668612121e-11,0.0018241534343079735,-0.02200290008194152,-0.01971313440901584,0.0,0.00876718819029067,-0.015882819828202596,-0.01250189902822103,-0.008642483789408219,-0.010052165751581174,0.001032608779658183,-0.007447861526855682,-0.01666295273183776,-0.016624105323905534,0.001333701034570829,0.001143120304680835,-0.006663388605837381,0.00045601810258411035,-0.04066620394587517
2025-07-31 00:00:00+00:00,-0.01774942596737006,-0.00286667063600136,0.0006438100808728881,0.001064867157505638,-0.005714718971378127,0.004861864825640223,-0.013647492284748562,0.0005817329404310492,0.0011731496518926322,-0.013561268459453966,-0.004871904752039819,0.0012147061138493,0.0012438590244918226,-0.03130841160737133,-0.004914978677058493,-0.03800609020046741,0.001675070050423372,0.0007689275671403095,-0.010841589889489054,-0.0005378931637528011,-0.013062757327225205,-0.006945933657596382,1.1656364762302474e-09,0.0018126354823149171,-0.02136842549920208,-0.023019077480988758,0.0,-0.004099865938768732,-0.013913909822141178,-0.010430144126934025,-0.00701837959607932,-0.007985918165901707,0.001032608779658183,-0.0039471724132723995,-0.013647492284748562,-0.013622378897358432,0.006297035515748469,0.000973451361744746,-0.005581117455045997,-0.00023763910721541492,-0.03192732483148575
2025-08-01 00:00:00+00:00,-0.021287126457965044,-0.003219437839705839,0.0011805070321076693,0.0013509299509527953,-0.006091882194335814,0.004966971940175504,-0.014701396354094204,0.0005817329404310492,0.0011731496518926322,-0.014529948021009927,-0.004862384123239013,0.0012147061138493,0.0012438590244918226,-0.021597567726140358,-0.005787041692049246,-0.02281542200532298,0.001675070050423372,0.0010627496533572867,-0.011235736845005395,-0.008107272071173295,-0.013941306291143757,-0.0068857967054367355,2.6811449060915038e-08,0.002048133190150736,-0.019893219052150923,-0.019110902106416718,0.0,-0.004250792429263434,-0.014524244755397661,-0.00993626031063138,-0.006955318453536422,-0.008445317300325335,0.001032608779658183,-0.0036748106912410927,-0.014701396354094204,-0.014672591490626398,0.014623264175705695,-0.0006829914083879536,-0.0057576983768332125,-0.00017476245322711748,-0.02119934931397438
2025-08-02 00:00:00+00:00,-0.007024004188972199,-0.016948710905976168,0.0008794937417949352,0.0014494066075754718,-0.006220369539440694,0.0058723061123619035,-0.015114229034965537,0.0005817329404310492,0.0011731496518926322,-0.014743128934665922,-0.005069279095311009,0.0012147061138493,0.0012438590244918226,-0.038585308702578404,-0.00831988922217913,-0.030978913396416716,0.001675070050423372,0.0009068431070495819,-0.010998102171308614,-0.00439747424010619,-0.014087714979083779,-0.006298275505782732,3.2155371698650015e-08,0.0019398783839505995,-0.017798754123191624,-0.03335571577293128,0.0,0.01607514102487423,-0.014491988129940075,-0.0063472148566222405,-0.006366235922341545,-0.008775365681683064,0.001032608779658183,-0.0012881809556224057,-0.015114229034965537,-0.015078190131490704,0.017929010190256015,-0.002505842372483928,-0.0034636622799807215,0.0005966926118698979,-0.02558262087404728
2025-08-03 00:00:00+00:00,0.014913601076369076,-0.017187234960042416,0.0002158899501714356,0.0012213359487524152,-0.006403932326986046,0.006346341632900569,-0.015652938007178582,0.0005817329404310492,0.0011731496518926322,-0.015213751463358294,-0.0051074204540246075,0.0012147061138493,0.0012438590244918226,-0.03873553933777563,-0.009403284267181943,-0.03923993826655576,0.001675070050423372,0.0003586448270684883,-0.011306286900046916,-0.006997574658952307,-0.014496407516778092,-0.0066212688409965775,1.0610179401737696e-08,0.0015243572966578967,-0.018236071125258012,-0.0355996596484686,0.0,0.004303517331303739,-0.01486864232178971,-0.007280429785224202,-0.0066920835543114576,-0.009869628170299767,0.001032608779658183,-0.0017761487824158873,-0.015652938007178582,-0.015615218113382094,0.008495220412311284,-0.002905795386583929,-0.003545089919036327,0.0005896945164369782,-0.0418195016682148
2025-08-04 00:00:00+00:00,0.007450970804978141,-0.007471695750240169,6.131970223856179e-05,0.0008193210530553893,-0.006358020027465754,0.005988635968491585,-0.01571360735476924,0.0005817329404310492,0.0011731496518926322,-0.015218956870034033,-0.0054966347837400965,0.0012147061138493,0.0012438590244918226,-0.04468850897122561,-0.008777383453120569,-0.042375923004739996,0.001675070050423372,-0.00017228914297362508,-0.011298273506922573,-0.007662807475543142,-0.014499236251039143,-0.007482453422531963,-2.2527768095415013e-08,0.0011093089328131356,-0.019917647612471577,-0.038385903952381034,0.0,-0.001118704272410326,-0.015085988436962995,-0.008075672857469672,-0.007540335054959137,-0.009819911332772015,0.001032608779658183,-0.006374731289570725,-0.01571360735476924,-0.015675589311029994,0.011592427762968352,-0.0013298613702148756,-0.00577598200897885,-0.00047813736545876395,-0.044109322130680084
2025-08-05 00:00:00+00:00,-0.008118573366855841,-0.001883330434000101,0.0009281384431653458,0.0008913429105481952,-0.005548896670321907,0.004668258620764652,-0.013746320591293725,0.0005817329404310492,0.0011731496518926322,-0.013400925185674352,-0.0038790381163457143,0.0012147061138493,0.0012438590244918226,-0.007611110142892075,-0.006163460834021351,-0.012897554842768368,0.001675070050423372,0.00012837090114814487,-0.010055681438929303,0.0013787268893413148,-0.01285299386433584,-0.0067086259844039335,-1.1255119503061906e-08,0.0013295401263331286,-0.01968309100815437,-0.018889547118770667,0.0,0.009467765313665935,-0.013427266563222857,-0.010404890657623338,-0.006744530346504139,-0.005359020397026318,0.001032608779658183,-0.004264618512738332,-0.013746320591293725,-0.01371140387770958,0.009209522261815352,-0.0005534409679494147,-0.006116223400942941,-0.0006081830831679014,-0.011702346615493298
2025-08-06 00:00:00+00:00,0.007737149334859694,-0.001883330434000101,0.0014922177913799092,0.001164533984716786,-0.006064384596268303,0.0044008388060871135,-0.015110443542179722,0.0005817329404310492,0.0011731496518926322,-0.014800215589562234,-0.003702359046534142,0.0012147061138493,0.0012438590244918226,-0.007888082579887675,-0.006777439609656474,-0.00412460350510497,0.001675070050423372,0.0005177323619545149,-0.011102534812188612,-0.0023950495153134393,-0.014100935043808344,-0.007235387747011222,1.2263518200938961e-08,0.0016228041264572113,-0.019587204046340526,-0.0036469794462432614,0.0,0.008609981659549485,-0.014484943674967705,-0.008369694259869564,-0.007282100967712373,-0.0054444473312083045,0.001032608779658183,-0.0037759128782808744,-0.015110443542179722,-0.015079290729412278,0.006154230077601446,-0.0012229162628961013,-0.006346083718813839,0.0003587416965409318,-0.006388824433088303
2025-08-07 00:00:00+00:00,0.021236359975388197,-0.003664039624525061,0.0007527969458160341,0.000933095128896601,-0.005999334266850674,0.005215712345871268,-0.015277454742849549,0.0005817329404310492,0.0011731496518926322,-0.014801149529792838,-0.0034764146677304696,0.0012147061138493,0.0012438590244918226,-0.00938624164197512,-0.007240393194120585,-0.0153719810751044,0.001675070050423372,0.00011553211946413455,-0.01128208890804307,-0.0013528618307310754,-0.014015121744510792,-0.007655398120011461,-1.168735508372265e-08,0.0013067062568463683,-0.019644006952763707,-0.013122113310833851,0.0,0.007503870885121229,-0.014421611306507877,-0.009286256215302584,-0.00770775944450309,-0.005328038111406034,0.001032608779658183,-0.004268908017909747,-0.015277454742849549,-0.015242836504893843,0.004333765924271269,-0.00043064162129803087,-0.0042849115581034426,0.00037529413125803046,-0.00933271087706089
2025-08-08 00:00:00+00:00,-0.006902004205274537,-0.0015577859103625123,0.0005258192686477954,0.0006734212792432182,-0.005317376286366769,0.005457172333014739,-0.014173881378252304,0.0005817329404310492,0.0011731496518926322,-0.013697702883559506,-0.0028749201217071196,0.0012147061138493,0.0012438590244918226,-0.007019634564987523,-0.003893298096027811,-0.012482536664417052,0.001675070050423372,-7.463986868039285e-05,-0.01095086317870124,0.002431489351372155,-0.01294768481369645,-0.007715931421409013,-3.2078663281254194e-08,0.0011487935501612867,-0.020617777171321905,-0.016860279532356554,0.0,0.013497446305250972,-0.013164685381528957,-0.009563703250341712,-0.00775622662447255,-0.004430546342496685,0.001032608779658183,-0.005513412804693585,-0.014173881378252304,-0.014137236127661322,0.018904129908699514,0.001485635461533513,-0.004314233120882083,-0.0005682499143766506,-0.005499652121216059
2025-08-09 00:00:00+00:00,-0.0016155749932647012,-0.0017187632082571332,0.0016042744964487265,0.001114533154402303,-0.0051839147585179945,0.0038458202233280525,-0.014702649654957597,0.0005817329404310492,0.0011731496518926322,-0.014044356965084489,-0.0028613928209307647,0.0012147061138493,0.0012438590244918226,-0.005606129124998272,-0.00282174360963729,-0.013144559222415943,0.001675070050423372,0.0007036259976338499,-0.010973108556068194,-0.00025839783231608167,-0.013234927485443714,-0.007711166988190855,1.042579356180795e-08,0.001742016135029445,-0.020486841878020055,-0.017329086290650983,0.0,0.012747233632735768,-0.012986940776625183,-0.008336261656583197,-0.0077240556375191664,-0.0034099125003717685,0.001032608779658183,-0.004681720966227699,-0.014702649654957597,-0.014653854705212426,0.015207032649346372,0.0007434046118935853,-0.005459121176632551,-0.0004098129967093911,-0.0051573701202869415
2025-08-10 00:00:00+00:00,0.023803615266897893,-0.0034367037464532297,0.0012201402573504285,0.0010846143670237402,-0.005703613499018429,0.0048184082966865275,-0.01641459731266335,0.0005817329404310492,0.0011731496518926322,-0.015565765650273011,-0.003112295374711858,0.0012147061138493,0.0012438590244918226,-0.007016743788596653,-0.0035596425325279553,-0.011462669724989346,0.001675070050423372,0.0005251488882720423,-0.012180585032659957,0.002056230082201911,-0.01453126995225249,-0.00833622065941141,2.4404265275279613e-09,0.0016026803373012655,-0.021148787333504372,-0.023903659094668423,0.0,0.015487072275524745,-0.014061173863369511,-0.006756484050288514,-0.008368391132406897,-0.003314262178036492,0.001032608779658183,-0.005596937640486549,-0.01641459731266335,-0.016360981382729876,0.014723811989714602,0.0005344438304456628,-0.003616849622918497,0.00025619999347803457,-0.0033847347367554903
2025-08-11 00:00:00+00:00,-0.004833792329607789,-0.0015577859103625123,0.00031702650249971456,0.0006504290799254932,-0.006110838274357901,0.004696720599093768,-0.01686197335366473,0.0005817329404310492,0.0011731496518926322,-0.016271816477364844,-0.003641473138767896,0.0012147061138493,0.0012438590244918226,-0.013727511322613392,-0.004007159289688079,-0.014397735432664717,0.001675070050423372,-6.560571730318543e-06,-0.01291504885048708,0.00029545425469569846,-0.01525353503115643,-0.009300809937525814,-3.5956617239207844e-08,0.0011864246998385397,-0.023659381713607583,-0.030896395997581233,0.0,-0.005290256557725196,-0.015247272018555885,-0.006226174365702662,-0.009350286219594944,-0.004308990102613464,0.001032608779658183,-0.01068744623575795,-0.01686197335366473,-0.016822311618756584,0.019626978389669966,0.0025924421599506147,-0.006339573597382573,0.00014219806768345222,-0.006143718026578426
2025-08-12 00:00:00+00:00,0.012067410417172297,-0.001883330434000101,0.001428763130904467,0.0010764312279521369,-0.005845329809878238,0.0035985970383052633,-0.015263845352624983,0.0005817329404310492,0.0011731496518926322,-0.015018535298129992,-0.004173166558037945,0.0012147061138493,0.0012438590244918226,-0.010277882248525435,-0.004997049421584443,-0.005413490479300183,0.001675070050423372,0.0007974847297465004,-0.012058713101614526,-0.001920352547871509,-0.01429226601944949,-0.008403648758516069,7.301645510437993e-09,0.001802516963369527,-0.025653132781674765,-0.04053032098465233,0.0,-0.008160972855898467,-0.014605834955155113,-0.009306263062304896,-0.008455008376395585,-0.006156228244391581,0.001032608779658183,-0.010065568994200727,-0.015263845352624983,-0.015233392933963504,0.01510611718822705,0.0019352531934471143,-0.009412783126904937,-0.0001688518832452246,-0.010207735933363438
2025-08-13 00:00:00+00:00,0.026046115310302653,-0.004042310655645209,0.001083131634889955,0.0008479262264835994,-0.00551188627035308,0.002887556377437303,-0.013853799501992024,0.0005817329404310492,0.0011731496518926322,-0.013798150268158435,-0.005113298254868776,0.0012147061138493,0.0012438590244918226,-0.02789403723370766,-0.003451011755617357,-0.020026114508186907,0.001675070050423372,0.0004154986680777739,-0.011761706517752666,-0.0029782625087475803,-0.013165339659634887,-0.007859299870445445,-1.8228451637014587e-08,0.0015044560275878638,-0.025693711258345367,-0.039622653019747045,0.0,-0.008583555218160862,-0.013798909079074287,-0.006439488354665771,-0.007946781839843802,-0.007788847115734725,0.001032608779658183,-0.009352997343260788,-0.013853799501992024,-0.013832741259484553,0.032749835558146374,0.0028312061607288735,-0.0045616603910575045,-0.000706190323388256,-0.015889091417193413
2025-08-14 00:00:00+00:00,-0.04125044324166893,-0.0019214594123248226,0.0006000687379250672,0.0005805343053202816,-0.0056821079483696585,0.0033737317656837122,-0.014408243239687073,0.0005817329404310492,0.0011731496518926322,-0.014422595449181407,-0.006030815806606365,0.0012147061138493,0.0012438590244918226,-0.02280480263712506,-0.002203397724644237,-0.01947264395084655,0.001675070050423372,0.0002554954763027695,-0.012579881420543691,-0.004928301316276579,-0.013767949884596238,-0.008919248212502784,-3.9344064006741064e-08,0.001374658130874451,-0.029325765579346123,-0.045259289014004785,0.0,-0.01816795193185879,-0.014501610619135205,-0.008341213109862525,-0.00901043601848285,-0.00899200738055772,0.001032608779658183,-0.012987968964735351,-0.014408243239687073,-0.014390342509699562,0.021028964733999244,0.004884404675162481,-0.00821391207941966,-0.00019019058870739514,-0.025286000221967697
2025-08-15 00:00:00+00:00,-0.00815439710216559,-0.005352211680094324,0.002373732225092111,0.0016832447534686284,-0.00648795998485176,0.0028477350663737274,-0.015598978272716842,0.0005817329404310492,0.0011731496518926322,-0.015552570782153514,-0.006360150843223163,0.0012147061138493,0.0012438590244918226,-0.024857935988942464,-0.006332647935182513,-0.02782871249808884,0.001675070050423372,0.0018345539980497705,-0.012336272579161398,-0.004818910427609762,-0.014975440940784682,-0.007970596405639678,6.231091909114639e-08,0.0026015497115068342,-0.029181696240179463,-0.045544196252451215,0.0,-0.007742784541666459,-0.015667129153663337,-0.0141173903958777,-0.008052193127655411,-0.010050480652833366,0.001032608779658183,-0.01185723699487391,-0.015598978272716842,-0.015575818929827576,0.01774212921583824,0.0008032135737084395,-0.010963163639626246,0.0011448178177921875,-0.028338860720396042
2025-08-16 00:00:00+00:00,0.0007918610617902999,-0.014464977544483736,0.0007310965351331982,0.0012720268176901713,-0.006107736151000072,0.004203113262638742,-0.014459452301850383,0.0005817329404310492,0.0011731496518926322,-0.014224783648886904,-0.0060670160359333255,0.0012147061138493,0.0012438590244918226,-0.016052705924009678,-0.008715377393650416,-0.01651764995197511,0.001675070050423372,0.0007217354107460494,-0.012013541950506643,-0.0104815653290369,-0.013611656095603919,-0.00704565617699431,1.2317743269818493e-08,0.0017572926755882179,-0.02830672750134178,-0.0417418129589781,0.0,0.008513710853152261,-0.014356543285476647,-0.011933414489114436,-0.007178479757136932,-0.009106512467380428,0.001032608779658183,-0.006450365525824489,-0.014459452301850383,-0.014433194915223541,0.02623152637252269,1.0565471185803387e-05,-4.5153554764364254e-05,-4.899904824462453e-05,-0.015579997561872005
2025-08-17 00:00:00+00:00,-0.00032594145718967127,-0.007471695750240169,-0.0001335512459492694,0.0010651330461941238,-0.006035809464581415,0.0038417380612539537,-0.015338509298295243,0.0005817329404310492,0.0011731496518926322,-0.014849947394732447,-0.0061786480903044715,0.0012147061138493,0.0012438590244918226,-0.01796437291715004,-0.006955528603632478,-0.02172773197665287,0.001675070050423372,0.00040019155967918607,-0.01221196352689202,-0.005459775574663087,-0.014149884777568084,-0.007561573541393169,-1.196129417735392e-09,0.0015177178739733677,-0.028615385348933615,-0.04672380623804523,0.0,-0.008495888208968013,-0.014392313083563901,-0.011341987580177142,-0.0076547774265037115,-0.008945095777420918,0.001032608779658183,-0.009911397429259955,-0.015338509298295243,-0.015298136124845105,0.015157219663196464,7.938030665130448e-05,-0.004057331500006058,-0.000506535114924489,-0.01591118425130844
2025-08-18 00:00:00+00:00,-0.010275848947745914,-0.003148637878586849,0.000749322553496215,0.0010561232532183438,-0.006638915677436666,0.004031615635832267,-0.016408500868290554,0.0005817329404310492,0.0011731496518926322,-0.015980207964687788,-0.0064679629319675845,0.0012147061138493,0.0012438590244918226,-0.019425594377112852,-0.008226081084244897,-0.020591476817384498,0.001675070050423372,0.0004079060324979622,-0.012455127402060276,-0.00864789848499825,-0.01527217549700401,-0.008273803665445188,4.923492724628886e-10,0.001522876449852717,-0.028475349251168645,-0.045121263614192365,0.0,-0.01106921054444632,-0.01588863149427164,-0.013431722767231914,-0.008356666862344486,-0.010263714413967406,0.001032608779658183,-0.011762209647233688,-0.016408500868290554,-0.01637243523852196,0.009875989337451757,4.3231931212226985e-05,-0.007195891876765729,0.0001857202497550503,-0.01587359979748726
2025-08-19 00:00:00+00:00,-0.02987022020078811,-0.00286667063600136,0.0010795872943077335,0.0012232808544881556,-0.006034234669910972,0.004031773183792691,-0.013872457820362866,0.0005817329404310492,0.0011731496518926322,-0.013740658069238541,-0.005599784997561101,0.0012147061138493,0.0012438590244918226,-0.01728933555469382,-0.008294605620265672,-0.020691196172813026,0.001675070050423372,0.000583561985305181,-0.010519059774539171,-0.005633658298573683,-0.0133096563450401,-0.006293542300793989,1.552221462475245e-08,0.0016583443043654,-0.024985878027808918,-0.036038671709879073,0.0,0.0017985511734602225,-0.014262792753949455,-0.015115934082360841,-0.006373013508501005,-0.00827645999572787,0.001032608779658183,-0.007478977425710293,-0.013872457820362866,-0.013846437776745322,0.019938937858307526,-0.0008698461342898389,-0.005259965686547012,0.0006606447141610516,-0.018739771097898483
2025-08-20 00:00:00+00:00,0.012712851606814013,-0.011930457768085694,0.0011862888043891085,0.0015774215096326382,-0.006681208822465697,0.004918272540611894,-0.015440095886144527,0.0005817329404310492,0.0011731496518926322,-0.01503550141291738,-0.006190359295677052,0.0012147061138493,0.0012438590244918226,-0.03226570646874437,-0.010578947970623531,-0.03306927679959498,0.001675070050423372,0.0008335443592173419,-0.010743627116955416,-0.006462679245847762,-0.01449865495906285,-0.006410163191516314,4.512057216743415e-08,0.0018579143024037847,-0.022522047435452462,-0.04787738271402525,0.0,-0.008705841619839465,-0.015385564355011289,-0.017568089954224198,-0.00648406587223313,-0.011304011475856945,0.001032608779658183,-0.005560547935401493,-0.015440095886144527,-0.015404003800095751,0.01923301595047439,-0.003435393304063839,-0.005027136464032153,0.00030704013436988475,-0.038706034421920776
2025-08-21 00:00:00+00:00,-0.01637232785088294,-0.015546473133301493,-0.00013943368677312644,0.0009046249354348875,-0.0068792358597023155,0.005138735604082205,-0.01533295406328401,0.0005817329404310492,0.0011731496518926322,-0.014940369988282475,-0.00676250796185028,0.0012147061138493,0.0012438590244918226,-0.041225200692342104,-0.011921379758679658,-0.05145228761068809,0.001675070050423372,-0.000343289209881803,-0.010532462212292957,-0.006925260795318963,-0.014413031266616182,-0.007188689534367301,-1.9203367784825787e-08,0.000947990046173075,-0.022291148268605662,-0.03721968691635994,0.0,0.0028441511453599333,-0.016037325299575328,-0.015848944255390424,-0.00727291625491243,-0.01158652480079048,0.001032608779658183,-0.006156245858137534,-0.01533295406328401,-0.01530376451259863,0.015049252400990872,-0.002007282368283346,-0.004150378057700533,-0.0006717789143806385,-0.04421314597129822
2025-08-22 00:00:00+00:00,0.038863926429057116,-0.0020673762306904504,0.0008165762387535119,0.0013059978817748575,-0.005084740350873111,0.004783557195767226,-0.00996628236676211,0.0005817329404310492,0.0011731496518926322,-0.010202864308554375,-0.0045134394773267625,0.0012147061138493,0.0012438590244918226,-0.015737352260650102,-0.0062713719941822135,-0.02222655453233893,0.001675070050423372,0.0003363400525095983,-0.006883210878115867,0.0027440116358871747,-0.010235021996475014,-0.003722997782781098,2.4731239278708017e-08,0.0014673885006590837,-0.015059037682447578,-0.00989918518316343,0.0,-0.0040860748499097314,-0.011906409363407162,-0.005376506392169563,-0.0037675157723850473,-0.0043008941171020654,0.001032608779658183,-0.0010728247290831168,-0.00996628236676211,-0.009950594456082444,-0.006943092345453816,-0.0032782495497784415,-0.004773671324419358,0.00040691775158840926,-0.022618310526013374
2025-08-23 00:00:00+00:00,-0.012915297322821928,-0.010425977668912855,0.0001654974879268001,0.0004254575832924915,-0.005777555195900226,0.004521668777797303,-0.014906046707387242,0.0005817329404310492,0.0011731496518926322,-0.014127121051021548,-0.0038872189085796096,0.0012147061138493,0.0012438590244918226,-0.011579374207302357,-0.00448314229314877,-0.009015251618283988,0.001675070050423372,-0.0009045643789971081,-0.010741083588589051,-0.0015464532265463452,-0.01333793467113463,-0.0074097081750334704,-5.870598052126752e-08,0.0004905216860340289,-0.01918939176559479,-0.020252152684077217,0.0,-0.019355701957364566,-0.013729910283234236,-0.009675340004704398,-0.0074627988903849364,-0.004663304095327111,0.001032608779658183,-0.0075744019791497644,-0.014906046707387242,-0.014859105666142241,0.028502763138870638,0.0004491758690606235,-0.0029854494729745595,-0.0001171457798889719,-0.008637610822916031
2025-08-24 00:00:00+00:00,-0.016745357827096186,-0.006520254338998085,0.0015682362303440407,0.0011828221265326843,-0.005854519759460175,0.0042705542332140585,-0.015494099336406629,0.0005817329404310492,0.0011731496518926322,-0.014709692853438629,-0.004314458120031749,0.0012147061138493,0.0012438590244918226,-0.016631072979056936,-0.004961438660083174,-0.006755504347966641,0.001675070050423372,0.0005227813677421977,-0.010572206327277144,-0.0041244500506825285,-0.013981517681736442,-0.00748700529548314,1.9509151627516985e-08,0.0015778493302107677,-0.019950154887534544,-0.021632927368648025,0.0,0.0025903061794244567,-0.014027789211762941,-0.010383366943452247,-0.007491587296790206,-0.006120343559985788,0.001032608779658183,-0.0076049220127510486,-0.015494099336406629,-0.015439926297253064,0.001475636630368986,-0.0007332848701661558,-0.010738376975915264,2.1371446404572225e-05,-0.012856381945312023
2025-08-25 00:00:00+00:00,-0.029826315537778925,-0.013140988770171474,0.0017174602183785833,0.0013498598950987,-0.006322521157497654,0.004134021477372598,-0.01562990219167157,0.0005817329404310492,0.0011731496518926322,-0.015076448790598846,-0.005697305367670368,0.0012147061138493,0.0012438590244918226,-0.03657390659809872,-0.004795421801884407,-0.039203943543173775,0.001675070050423372,0.0004787515872521908,-0.01134032239817148,-0.0030640401559500043,-0.014288884335412408,-0.007074100592906367,2.529477960422355e-08,0.0015390448027456927,-0.018400631968311678,-0.014704188579644971,0.0,-0.022628194214077853,-0.014528004991981933,-0.014278761830990657,-0.007144060678467871,-0.009961559801409373,0.001032608779658183,-0.00458287041806096,-0.01562990219167157,-0.015590519017356865,-0.004648988414155801,-0.0021499412171754116,-0.004324792483078481,-0.0002179420714352176,-0.03406558185815811
2025-08-26 00:00:00+00:00,0.01512512334406857,-0.01351891172319721,0.0007945152558210566,0.001593763501797145,-0.006289411928206344,0.004798432471535955,-0.015093812021024326,0.0005817329404310492,0.0011731496518926322,-0.014617290355800172,-0.005632147134782123,0.0012147061138493,0.0012438590244918226,-0.035928772371914476,-0.004824281482424307,-0.034086277529243605,0.001675070050423372,0.0005270716224163863,-0.010823062942626228,-0.005257743966396116,-0.013913090955891536,-0.006014418316097732,4.5054266095689854e-08,0.001581927036317765,-0.01565271482791776,-0.01989691133534188,0.0,-0.006554106013503395,-0.014048673230849159,-0.014060752300479968,-0.006091346188226011,-0.010225368398637837,0.001032608779658183,-0.001064881179403102,-0.015093812021024326,-0.015055382181041478,0.008730967224270096,-0.004598372903979837,-0.002367427453551117,0.0006532033077046862,-0.03642824664711952
2025-08-27 00:00:00+00:00,-0.005206553469269792,-0.013473362350999243,-0.0003127276991378061,0.0008660098969720941,-0.0056709034504148085,0.006526265609609588,-0.014122476854096476,0.0005817329404310492,0.0011731496518926322,-0.013698782826852707,-0.005633003341222356,0.0012147061138493,0.0012438590244918226,-0.03255356873606137,-0.002180323727374407,-0.040591940257278865,0.001675070050423372,-0.0006912798351166316,-0.011013857117437813,-0.004141942164341421,-0.012931291135175528,-0.005943072910847036,-2.2847231662126433e-08,0.0006350662460867795,-0.015906646064481313,-0.024648097863577488,0.0,-0.0044054293492133325,-0.012745682196616523,-0.016335742567501622,-0.006036637389045319,-0.00923270851042461,0.001032608779658183,-0.0011265622818459678,-0.014122476854096476,-0.014086534088861026,-0.002973264375275055,-0.00285401018009392,0.0010091101445519322,0.00027769660707122057,-0.026220271363854408
2025-08-28 00:00:00+00:00,0.011822640337760149,-0.0015577859103625123,0.0006772601166836221,0.0011118370731842487,-0.006587461228037426,0.004756387289340833,-0.016316152083554886,0.0005817329404310492,0.0011731496518926322,-0.01614088867504776,-0.005580644149372452,0.0012147061138493,0.0012438590244918226,-0.03646155074572713,-0.00391071069535375,-0.03666723767740251,0.001675070050423372,-0.00014378199573172878,-0.012271890226402795,-0.007547599438101875,-0.015309578708324289,-0.007246776116088419,7.864739970386836e-09,0.0010438159836940741,-0.018055537879962173,-0.017452402011516665,0.0,-0.00997629490979938,-0.015112160753289281,-0.01811863657218527,-0.007317112668489183,-0.01043199285101984,0.001032608779658183,-0.005573335201405537,-0.016316152083554886,-0.01628938385189375,0.019455098740118307,-0.0030624016319349733,-0.007484546273007453,-0.0001035758717549129,-0.0304868146777153
2025-08-29 00:00:00+00:00,-0.03742335971449329,-0.006520254338998085,0.0009008966995110155,0.0008568471483150965,-0.005660172123928002,0.004242157737668062,-0.014588359389897075,0.0005817329404310492,0.0011731496518926322,-0.014236245510817126,-0.0059511265534332326,0.0012147061138493,0.0012438590244918226,-0.026999284082496855,-0.0031950891394242945,-0.024557209101187354,0.001675070050423372,-0.0005098110895378483,-0.011649012654019861,-0.0012285804269360633,-0.013440616777309261,-0.006874891745535887,-1.785871184267762e-08,0.0007421774968552342,-0.018597891411633476,-0.030801458023362392,0.0,-0.007610221378141952,-0.013172018106017216,-0.01083277491052544,-0.006956746397583823,-0.009181857797852366,0.001032608779658183,-0.005845712792641114,-0.014588359389897075,-0.014555331018636418,0.010758642557113025,-0.0017460283479205873,-0.0026160100979800713,-0.0006925807955440177,-0.021035289391875267
2025-08-30 00:00:00+00:00,0.00365746079542717,-0.0022652798045441264,0.0016635062570690973,0.0016557775330127034,-0.0070855339161990105,0.004450656996834837,-0.01686586211313822,0.0005817329404310492,0.0011731496518926322,-0.01654448927002356,-0.006346931077236798,0.0012147061138493,0.0012438590244918226,-0.02942622786492807,-0.008983157305429786,-0.03750962924192834,0.001675070050423372,0.0005795503094674359,-0.011707626814355103,-0.006306960878371461,-0.015826786202288157,-0.007594981100935791,5.6529939840288534e-08,0.0015761005298067232,-0.017779066447066744,-0.022770741343542948,0.0,0.00119359685280039,-0.016351390121229284,-0.019219723409268082,-0.007656999411587582,-0.01171230718799793,0.001032608779658183,-0.011039649764973859,-0.01686586211313822,-0.016834185698503847,0.0038801812324757647,-0.004902191249600928,-0.008283310069854093,0.0007543169559642848,-0.0353267639875412
2025-08-31 00:00:00+00:00,-0.005264910683544954,-0.013900466526948069,0.00031567364164125373,0.0010684375676052694,-0.005902717185695882,0.004261689590176943,-0.012194746723343648,0.0005817329404310492,0.0011731496518926322,-0.012376852898891809,-0.005863345820364078,0.0012147061138493,0.0012438590244918226,-0.02579051842696616,-0.008524083805262572,-0.03027003158147642,0.001675070050423372,-0.0006190446423328666,-0.009462751718894727,-0.0033412768282062187,-0.012022308172632806,-0.0052460527439300705,-5.52470247328074e-09,0.0006424442232919603,-0.014459987512460916,-0.033375270844465316,0.0,-0.004457081075821993,-0.013359095580350389,-0.01331516078408345,-0.005363170790247669,-0.010313129932135937,0.001032608779658183,0.0002829675422700642,-0.012194746723343648,-0.012187430810284679,0.01909794315770135,-0.004145335517077932,0.0015070937982826845,0.0004873577281578889,-0.02683785930275917
2025-09-01 00:00:00+00:00,0.00932367209435725,-0.0015577859103625123,0.00028836098671804124,0.0011401471918091833,-0.005566051010768809,0.005484255342803631,-0.0120702427864323,0.0005817329404310492,0.0011731496518926322,-0.012210685946699235,-0.004637899292560665,0.0012147061138493,0.0012438590244918226,-0.00711652704504433,-0.005596367736135673,-0.0018918297914728385,0.001675070050423372,-0.00042222914510681164,-0.008960760670785021,-0.003938918762669123,-0.011877180605567965,-0.005071722258181533,7.952918323894664e-09,0.000781282143144324,-0.01343581036940075,-0.021367054645633085,0.0,-0.0015283669158805322,-0.01281168164428624,-0.0053858486909258195,-0.005142045465233231,-0.007081432211737739,0.001032608779658183,-0.0029390003412635667,-0.0120702427864323,-0.012056277166574482,0.02408888725942436,-0.004244663762808208,-0.0029255963032302477,-7.95040919232548e-05,-0.005320870783179998
2025-09-02 00:00:00+00:00,0.017691382285677903,-0.004506987995811487,0.000705814913241194,0.0009029561768127828,-0.005049714115540053,0.005086237445452847,-0.011993166223656544,0.0005817329404310492,0.0011731496518926322,-0.011861369231554002,-0.0047848543205041465,0.0012147061138493,0.0012438590244918226,-0.004732239963451005,-0.0025087831853806333,-0.0008317089045125496,0.001675070050423372,-0.0007434529727241568,-0.009147408093742142,-0.0005524885277580408,-0.011384169113770746,-0.005321888214600018,-1.4083887833749031e-08,0.0005120275635412952,-0.013332403063996153,-0.020202136583193645,0.0,0.007893835894374623,-0.011832877173691714,-0.009250529394306152,-0.005385083913449904,-0.006452139616375138,0.001032608779658183,-0.0034722363728790975,-0.011993166223656544,-0.011967346558928728,0.028907318188510153,-0.0030447607974445935,-0.0007779070770914432,-0.0006795721551178247,-0.009128655306994915
2025-09-03 00:00:00+00:00,0.004688830576384362,-0.0017187632082571332,0.0006770017995025594,0.0007293418837538543,-0.005790666701199421,0.005227690498782691,-0.01585882359994938,0.0005817329404310492,0.0011731496518926322,-0.015017215676070055,-0.004746283354518934,0.0012147061138493,0.0012438590244918226,-0.006713611986133885,-0.0045816951671787225,-0.005762440046318584,0.001675070050423372,-0.0007864431111030967,-0.011335600002744107,-0.004935776413876498,-0.014107099463853167,-0.008250580309788157,-2.6723791179961154e-08,0.00045323900773119874,-0.01844832691330198,-0.025166511654418872,0.0,0.0035826393020027686,-0.014040859477781319,-0.01106090649951787,-0.00828215796671977,-0.006226537536221097,0.001032608779658183,-0.013584936894134451,-0.01585882359994938,-0.015807447586509347,-0.004733788756507408,-0.0012108235675702586,-0.005863635596085822,-0.00013328903829723515,-0.008938525803387165
2025-09-04 00:00:00+00:00,-0.008987461706759348,-0.0017187632082571332,0.0013683018994751013,0.0009259393243607925,-0.005270393090010088,0.005961188438048201,-0.01353392718213075,0.0005817329404310492,0.0011731496518926322,-0.013162855160098304,-0.003995466156653456,0.0012147061138493,0.0012438590244918226,-0.004441160667097985,-0.0039729128045458955,-0.0018784304073999401,0.001675070050423372,-0.00031285575614603545,-0.01019003232160457,-0.002212499940180484,-0.012526678318103269,-0.007109264170570249,-7.082766373400773e-09,0.0007950117490409525,-0.0182464418555149,-0.024092690622299382,0.0,0.002308273481964513,-0.012865669883142725,-0.009844862132721613,-0.007150076009313654,-0.005290372914701746,0.001032608779658183,-0.010008769488904874,-0.01353392718213075,-0.013499956750404008,0.009819204740372603,-0.0006892601301162044,-0.005149516109082108,0.0004441105653913979,-0.005666370037943125
2025-09-05 00:00:00+00:00,-0.0006560571467328913,-0.0017187632082571332,0.0015079685281121327,0.0011839070683773132,-0.005774021265122175,0.004994876392562304,-0.014904784424470362,0.0005817329404310492,0.0011731496518926322,-0.014297765978058978,-0.004966784734366814,0.0012147061138493,0.0012438590244918226,-0.0097208561557775,-0.005757511740488131,-0.012167992101594801,0.001675070050423372,2.8521791898938886e-05,-0.010710800864669695,-0.004496220976890195,-0.013549980500706063,-0.007697841095304111,1.357602563700766e-08,0.0010435710222438388,-0.018356632134086406,-0.028689552540181188,0.0,-0.0009238163555725615,-0.013957613792451423,-0.012025900540833533,-0.007740506017317354,-0.006972665943919229,0.001032608779658183,-0.012255828445782208,-0.014904784424470362,-0.014863603225362778,0.0006374444419916807,-0.001423579660167124,-0.005129460806135255,-4.252007936855762e-06,-0.011458397842943668
2025-09-06 00:00:00+00:00,-0.0038599957487175374,-0.0036277443373295,0.0008205110007332843,0.0010777409898159106,-0.004634416178298821,0.005354053629904178,-0.010719023926321142,0.0005817329404310492,0.0011731496518926322,-0.010909645425795811,-0.004258453176576192,0.0012147061138493,0.0012438590244918226,-0.004844860654029579,-0.002821924448028232,-0.003997916388486368,0.001675070050423372,-0.00022366538649620793,-0.009008517562214536,-0.0019397883072240138,-0.01053962968510146,-0.005317810495018062,9.910294807013997e-10,0.0008381463546278667,-0.014983546451865136,-0.00821490597512205,0.0,0.021607505577813366,-0.011286387902115481,-0.005968232526129966,-0.005393540271431398,-0.003661555579695829,0.001032608779658183,-0.0036861315181125134,-0.010719023926321142,-0.01070555113729029,0.001899101803133007,-0.0013559831335342146,-0.00010453933019605676,-0.0005051047317401469,-0.004198818933218718
2025-09-07 00:00:00+00:00,0.008518160064413749,-0.0017187632082571332,0.0007626121847127586,0.0011176287547960155,-0.005583420385447323,0.006595567098833159,-0.014379970224901253,0.0005817329404310492,0.0011731496518926322,-0.014099645854741123,-0.0036347800521257605,0.0012147061138493,0.0012438590244918226,-0.00551449770466923,-0.004409570216741574,-0.003909475881991659,0.001675070050423372,-0.00016957174926268692,-0.010734539779039882,-0.0010336370966551542,-0.013383710350193244,-0.007128117275377159,5.830729676858937e-09,0.0008692680433419753,-0.016861656342532075,-0.0209905298590741,0.0,0.005576824307147964,-0.013668923185472928,-0.006276765521319673,-0.007175938232905116,-0.0033632404507768342,0.001032608779658183,-0.007575169328841969,-0.014379970224901253,-0.014349149195982399,-0.01538455187333063,-0.0015777729287854098,-0.004501582489826666,0.00019961253988043381,-0.0013868119567632675
2025-09-08 00:00:00+00:00,0.00809730601300096,-0.0020673762306904504,0.0006591929337552449,0.0009135477448803429,-0.00522986291585,0.0031367885288234,-0.013477974353210236,0.0005817329404310492,0.0011731496518926322,-0.01322074605489611,-0.0035082470671967073,0.0012147061138493,0.0012438590244918226,-0.007455127486069263,-0.004837202506094243,-0.010439738840016843,0.001675070050423372,-0.00044486954185529726,-0.010181185346021521,0.00183548457251551,-0.012586132103230166,-0.0069075009873476685,-1.2867122478610327e-08,0.0006421528596955994,-0.01754484616861744,-0.015316891274146066,0.0,0.01779976279404577,-0.013055364673849896,-0.004761144728372843,-0.006953874204513919,-0.0036664923390426264,0.001032608779658183,-0.007804054539233404,-0.013477974353210236,-0.013448405616112758,0.0035709999987383325,-0.0006850242055123147,-0.0034760491505088863,0.0003884850375204252,-0.00423247367143631
2025-09-09 00:00:00+00:00,-0.004837916697161049,-0.0015577859103625123,0.0008522178156474109,0.000893123746006046,-0.005385524267496825,0.003735805675591728,-0.014902025316786718,0.0005817329404310492,0.0011731496518926322,-0.014264810388391082,-0.0037171929720457323,0.0012147061138493,0.0012438590244918226,-0.006720688258573156,-0.007174983312685209,0.002307515059786332,0.001675070050423372,-0.0003353159692540686,-0.010630956568689523,-0.0018478427306643844,-0.0134893819231772,-0.007951260664359243,-1.2231428314635195e-08,0.000709809319697996,-0.019436914244436377,-0.012711510488585749,0.0,0.011890221535993695,-0.013767173112081539,-0.00456480301514308,-0.007966530871988908,-0.003531029650746603,0.001032608779658183,-0.010935263162400682,-0.014902025316786718,-0.014857789141434053,0.0017099312040643945,9.152870740317087e-05,-0.0063492717621893985,-0.00026747824705353196,-0.0029916393104940653
2025-09-10 00:00:00+00:00,0.021508270891821724,-0.0018107484291612118,0.0013179862857109566,0.0011092586317409604,-0.005694112577774172,0.003217241340642023,-0.014269087354948876,0.0005817329404310492,0.0011731496518926322,-0.014009855140638672,-0.0036878079242908092,0.0012147061138493,0.0012438590244918226,-0.013818502747855718,-0.009342149571032696,-0.010992479467481038,0.001675070050423372,1.954448966934308e-05,-0.009894447247130867,0.00014151692502379102,-0.013436101508473216,-0.007462240072249709,7.307910721010558e-09,0.0009702036589587237,-0.019141228448180427,-0.01817123834150523,0.0,0.00534515675922244,-0.014465325611570615,-0.008183167803508754,-0.007482792004864619,-0.004080317613612027,0.001032608779658183,-0.009727715968548158,-0.014269087354948876,-0.014241558630936997,-0.009126401411940769,-0.0003448047336601469,-0.007506247609061743,-0.000454992011103883,-0.009269957430660725
2025-09-11 00:00:00+00:00,0.013529013820242852,-0.00286667063600136,0.0005993917250715488,0.0006925975604040564,-0.005320055631170129,0.002160739152582196,-0.012912063184687586,0.0005817329404310492,0.0011731496518926322,-0.012773903167235676,-0.0030017339704452263,0.0012147061138493,0.0012438590244918226,-0.005910753002944508,-0.008713745904784798,0.0018835296603884105,0.001675070050423372,-0.0005335498585843368,-0.009379792557376863,-0.0007904323337732496,-0.012291785907805379,-0.007249339480768529,-3.248937119337825e-08,0.0005274163000787979,-0.019049422924772578,-0.019777236600246995,0.0,-0.0024810022335635335,-0.013704285118877366,-0.004982798233464459,-0.007286951550381269,-0.0032591201463501728,0.001032608779658183,-0.00935306273409815,-0.012912063184687586,-0.012893211191450095,0.005728448429751846,0.0015879316799364256,-0.005003310777017588,-0.00020416442662529732,0.0019450616091489792
2025-09-12 00:00:00+00:00,0.005129680323678443,-0.001313416746575291,0.0010043300550012636,0.0007713849858021697,-0.0048291077313999155,0.001211163421336375,-0.011450464701612765,0.0005817329404310492,0.0011731496518926322,-0.011607423285141808,-0.0028753475574544466,0.0012147061138493,0.0012438590244918226,-0.007655677608246174,-0.007659448626720605,-0.00015465257428964874,0.001675070050423372,-0.00013801294731941027,-0.008602120042622544,0.0013940898951897024,-0.01130819445227664,-0.0067188813035544874,-2.043634061976718e-08,0.0008155517721242234,-0.019537483264686042,-0.02537271404301606,0.0,0.010814904072797673,-0.012824341284100838,-0.002096049916747392,-0.006740971128072544,-0.0032070459347310924,0.001032608779658183,-0.009462942705339992,-0.011450464701612765,-0.011439816014196077,0.008547653059384952,0.0026438945837140107,-0.007265602285999526,0.0002965354868962322,-0.002241230569779873
2025-09-13 00:00:00+00:00,-0.0013020381500350453,-0.0010888231375701242,0.0015271560425822648,0.0009241539547416113,-0.005013316628852733,0.0004686763295380142,-0.014132638578944822,0.0005817329404310492,0.0011731496518926322,-0.013526162333860798,-0.002431402678155126,0.0012147061138493,0.0012438590244918226,-0.007818450426713468,-0.009125910224088912,0.00024959043121561747,0.001675070050423372,0.00019240815085197482,-0.010144901145831461,0.0015240839573813791,-0.012824090780121315,-0.008105740129065113,-7.7486852489983e-09,0.0010573882088369402,-0.021463253753635114,-0.03213752230746051,0.0,0.009913195236160846,-0.013425741385314882,-0.0006501433414944777,-0.00810476184054339,-0.0030696943200497974,0.001032608779658183,-0.008930809142536135,-0.014132638578944822,-0.014092149309983844,-0.007358409185915689,0.0028634814927226727,-0.007946003377244328,-0.00022152468348224374,-0.0017585029127076268
2025-09-14 00:00:00+00:00,-0.004692746075484422,-0.0016063309701794405,0.0013008813551667006,0.001053612301157055,-0.005081058660872264,-6.356154281182995e-05,-0.014410007773381348,0.0005817329404310492,0.0011731496518926322,-0.013774632551768827,-0.0025144838144281973,0.0012147061138493,0.0012438590244918226,-0.004456835306285938,-0.008650712922291942,0.0048128699278840534,0.001675070050423372,0.0003780278877414389,-0.010547642316243425,0.0006500790317418537,-0.013033524048301303,-0.008091183772148545,1.966785845297636e-09,0.0011951599633466259,-0.021853487064172242,-0.025171593160562836,0.0,0.006630822719688623,-0.013454845141431438,-0.002478006283526024,-0.008102505949590827,-0.003186188566288743,0.001032608779658183,-0.008087876779135554,-0.014410007773381348,-0.01436722878137347,-0.005628223288194527,0.0024947217312044413,-0.006284384751534354,-0.0005014039448774099,0.0013594391057267785
2025-09-15 00:00:00+00:00,0.00032244610982523625,-0.0016063309701794405,0.0010544344488198193,0.0011284639100048299,-0.005537347172276483,-0.0009579184056685598,-0.015915627762854177,0.0005817329404310492,0.0011731496518926322,-0.01506064479331843,-0.0033682527776877267,0.0012147061138493,0.0012438590244918226,-0.008592416133248158,-0.009399817588631646,-0.0013129407841727173,0.001675070050423372,0.0004224004927877445,-0.011363514279245833,-0.0002003875498296662,-0.014179635002320974,-0.00864958433264745,7.088644338182348e-09,0.001228741329867944,-0.022310343745433826,-0.03475431073443878,0.0,0.0028727826392933135,-0.014383741069790311,-0.001907976486962313,-0.008662822056828846,-0.0038669346440739806,0.001032608779658183,-0.00843722298847784,-0.015915627762854177,-0.015864633559256654,-0.004982862384748396,0.0018586530673807664,-0.0061146008080088,0.00020542022579483898,-0.0017020738450810313
2025-09-16 00:00:00+00:00,0.01203961474068116,-0.00286667063600136,0.0007678922935862961,0.001053699206959882,-0.005630434032179258,-8.107926034164967e-05,-0.01562717862686103,0.0005817329404310492,0.0011731496518926322,-0.014932487390725075,-0.0033871870561761196,0.0012147061138493,0.0012438590244918226,-0.009423535598549802,-0.009528023312622917,-0.0015343019845773544,0.001675070050423372,0.0002606079327289734,-0.011372362397690534,-0.002217256264236901,-0.014117847268847091,-0.008489033177375073,-4.870610581519941e-10,0.0011033290417685748,-0.022297492957823958,-0.02673681304046706,0.0,0.0030883919915591367,-0.014497983500483765,-0.00317922277212665,-0.008516804268673657,-0.003819045930952097,0.001032608779658183,-0.007932107473989291,-0.01562717862686103,-0.015582799579731505,0.008647227503232383,0.0017224713150051135,-0.00563473820442062,0.0005214245552185304,-0.0016533377347514033
2025-09-17 00:00:00+00:00,-0.0032118407917440805,-0.0016063309701794405,0.0006014358437072179,0.0008453283437285662,-0.005296639186423249,-0.0012148075004827876,-0.014443474103781957,0.0005817329404310492,0.0011731496518926322,-0.014038151636862017,-0.003078433284892351,0.0012147061138493,0.0012438590244918226,-0.008440722294884493,-0.008647136409915266,-0.0013129407841727173,0.001675070050423372,2.4442073925712293e-05,-0.011121697244389809,0.0006512128877740122,-0.01333806855501295,-0.008118283696742237,-1.818647632489956e-08,0.0009159513024084021,-0.021638376111944895,-0.031262632240156026,0.0,0.0049828259506676745,-0.013808638448545473,-0.0018583923119786443,-0.008156393966940081,-0.003173774164199403,0.001032608779658183,-0.007464077531451547,-0.014443474103781957,-0.01440961578011023,0.021171603630749256,0.0026347873884365208,-0.00548150165847441,-0.000314261329538823,-0.002620959421619773
2025-09-18 00:00:00+00:00,0.005725006779414343,-0.001883330434000101,0.0012017912304502112,0.0010752907886932327,-0.005946426549333296,-0.0016020134958149856,-0.015670880455433148,0.0005817329404310492,0.0011731496518926322,-0.015300548965367824,-0.003721266934274534,0.0012147061138493,0.0012438590244918226,-0.014739925521902505,-0.009304889514482773,-0.005368182664257468,0.001675070050423372,0.0004460422522996055,-0.01153520957632374,-0.00488495198494319,-0.014606579397484568,-0.008806059604081963,4.85162843233411e-09,0.0012370775783878685,-0.022908776146785784,-0.02408757166215515,0.0,-0.00497871285144128,-0.015370245525214644,-0.005021762783707456,-0.008836952251750723,-0.004295604684018379,0.001032608779658183,-0.009563023788357902,-0.015670880455433148,-0.015638302916064394,0.012809999918609557,0.0021173237930278217,-0.00980662841494673,-0.0004875555327625847,-0.008939001709222794
2025-09-19 00:00:00+00:00,-0.012441583362178932,-0.0016063309701794405,0.0009813031089234646,0.0009550993172748756,-0.005748790277058446,-0.0031282568721761514,-0.014520818884549685,0.0005817329404310492,0.0011731496518926322,-0.014238733995161519,-0.0035408781524411516,0.0012147061138493,0.0012438590244918226,-0.012268468142627885,-0.009414884031615412,-0.002020512272033397,0.001675070050423372,0.00023581477418055385,-0.010880878068786246,-0.002270549770567527,-0.013676693721737784,-0.008474681903918639,-8.647917937310012e-09,0.0010714102684250548,-0.021982596524782398,-0.03734783923261971,0.0,0.005552387165378352,-0.01492479355343334,-0.0038956326385744785,-0.008521383840408445,-0.0038758438579245156,0.001032608779658183,-0.007190917264482047,-0.014520818884549685,-0.014493553135316929,0.015638220136492322,0.002436149042726771,-0.007140159492593199,2.973601609568277e-05,-0.0033880453556776047
2025-09-20 00:00:00+00:00,0.0002860848354533374,-0.001883330434000101,0.0011569583501939468,0.0012462940448684037,-0.005685410577206637,-0.0011503502439581697,-0.014003234627064664,0.0005817329404310492,0.0011731496518926322,-0.013752146538438287,-0.003109162116817725,0.0012147061138493,0.0012438590244918226,-0.0028954810084302505,-0.010131302720789888,0.003931983419788237,0.001675070050423372,0.0006369506073511388,-0.01006819370004183,0.0018268044228999445,-0.013300543041292773,-0.007714358695228245,1.8793656408888637e-08,0.0013825439081731616,-0.019629171867696416,-0.0316427399661112,0.0,-0.004013580798406547,-0.014601134429584599,-0.0035888374936827584,-0.007747408796447883,-0.0026054128724475344,0.001032608779658183,-0.006398408668478734,-0.014003234627064664,-0.01397529871696613,0.02296162691700282,0.001119831719206167,-0.007321937608248645,0.0007271950208735944,0.005582173354923725
2025-09-21 00:00:00+00:00,-0.0036001483692977843,-0.008950561564344118,0.0007555929494453854,0.0010702185904051349,-0.005614774146080297,-0.0023756188503164803,-0.01427239075596079,0.0005817329404310492,0.0011731496518926322,-0.013786406639913627,-0.0030278944245413133,0.0012147061138493,0.0012438590244918226,-0.008106639085410474,-0.010305904894251126,-0.0024814627987752623,0.001675070050423372,0.000243262286854673,-0.010151555999529683,0.0016949562854543818,-0.013228857624957308,-0.007750132589441748,-4.3211834110934433e-10,0.0010797925022991706,-0.017309404883874495,-0.043011536278569275,0.0,-0.002507657571571244,-0.01434724074887014,-0.002520715425333691,-0.007785353193939117,-0.003138318255961988,0.001032608779658183,-0.004600089024754802,-0.01427239075596079,-0.014236535872213442,0.026372443363764732,0.0010457866485521928,-0.004547072066162705,-0.00010485070457733059,-0.002065697219222784
2025-09-22 00:00:00+00:00,-0.02243053332418299,-0.0019214594123248226,0.0007062156870058975,0.0011122162492283546,-0.005548434282334131,-0.0019444491295081382,-0.014513887777300897,0.0005817329404310492,0.0011731496518926322,-0.01395591271010773,-0.0029371862900424935,0.0012147061138493,0.0012438590244918226,-0.009091652467679068,-0.009611713321454066,-0.001255706664435909,0.001675070050423372,0.0003016769484336379,-0.010126528713593359,0.0013065233032075055,-0.013362691807769715,-0.0076740523482457705,5.4382134351271816e-09,0.0011248943567316871,-0.01614265082138305,-0.023652129678087948,0.0,0.004387496856510946,-0.014173659959417042,-0.005166165540323602,-0.007691945656985035,-0.0033955003196488357,0.001032608779658183,-0.005128188790102319,-0.014513887777300897,-0.014472839166442715,0.023686594438108853,0.0006345313511742354,-0.006132463530167713,-0.00047655617646213955,-0.004767616745084524
2025-09-23 00:00:00+00:00,-0.0065314166108088045,-0.0019468314482496871,0.0012086136252194633,0.0014365352131372876,-0.005969464019384134,-0.003858729558291404,-0.015475082417387247,0.0005817329404310492,0.0011731496518926322,-0.014837472068147652,-0.0026651796089180698,0.0012147061138493,0.0012438590244918226,-0.007162166296709637,-0.010161463148000845,-0.00643907412077175,0.001675070050423372,0.000617229265531094,-0.010460524695513548,0.0016439833195639592,-0.014167048402807525,-0.007349981723791705,3.388251634817152e-08,0.0013717309783007892,-0.014931611934600568,-0.03186902499065813,0.0,-0.0035900113662255726,-0.014692639428015238,-0.000592242026877407,-0.007371626011876483,-0.003260904386599913,0.001032608779658183,-0.004239058779235168,-0.015475082417387247,-0.015430332542404756,0.0198189422652918,-0.0014060031604987058,-0.006539076621200948,0.0004536711621412337,-0.004262987058609724
2025-09-24 00:00:00+00:00,0.011663525692711119,-0.01181913800356431,0.00047578098726191884,0.0012112630033772288,-0.006278869384736546,-0.0031195901309530104,-0.016244366479252564,0.0005817329404310492,0.0011731496518926322,-0.015426658103344863,-0.0031867642954076024,0.0012147061138493,0.0012438590244918226,-0.016008505804270122,-0.010554310163220842,-0.012262595878602962,0.001675070050423372,4.836531669027977e-05,-0.010775490323625582,0.000839566026061558,-0.014669473757225621,-0.007887302301958499,9.866102601563398e-09,0.0009349095304020949,-0.013873021938101282,-0.031143103382708114,0.0,-0.015977075939798628,-0.015338276624559114,0.00011313747866762715,-0.007918034556766661,-0.004627902507697604,0.001032608779658183,-0.002080790772986712,-0.016244366479252564,-0.016195072465124954,0.01878525492471697,-0.0018596711157077357,-0.004970744611475961,0.0006590058192141868,-0.01435832865536213
2025-09-25 00:00:00+00:00,-0.03849187964378764,-0.004496266454247714,0.0001028905606302625,0.0008729596812744218,-0.005830160094688666,-0.004501243244115763,-0.015045890082484564,0.0005817329404310492,0.0011731496518926322,-0.014466978385890408,-0.003064382291085183,0.0012147061138493,0.0012438590244918226,-0.007974792261056128,-0.009963506215478516,-0.0055790819906202955,0.001675070050423372,-0.0003953268752159289,-0.010354247770496821,0.0013443019936556894,-0.013785204148300124,-0.007525087510920213,-1.7618358327808892e-08,0.0005853071441652702,-0.012850179512415986,-0.03156126691613119,0.0,-0.013890431697145428,-0.014403895116255729,-0.0022387461117655684,-0.007550033802358966,-0.003822007557668367,0.001032608779658183,-0.004532755348750221,-0.015045890082484564,-0.01500639227174202,0.015551069324906243,-0.000663760961907066,-0.006224832260921888,-0.0002688997232951351,-0.009051600471138954
2025-09-26 00:00:00+00:00,0.006066325435142517,-0.001883330434000101,0.0016510889733663027,0.0016760339556511283,-0.006371594976231275,-0.003995164236825624,-0.015424879316439016,0.0005817329404310492,0.0011731496518926322,-0.0150519317355148,-0.00343967990436421,0.0012147061138493,0.0012438590244918226,-0.014999522985856863,-0.010353248147435691,-0.025709645125539922,0.001675070050423372,0.0007037513005663243,-0.010064857075624373,0.004289617255504587,-0.014477045734560497,-0.006658472746454827,5.814399450798646e-08,0.0014318776347828077,-0.012151704129875018,-0.031410012600623705,0.0,-0.023335840307813688,-0.015097549698639523,-0.007052151328232195,-0.006680077051312115,-0.0047518670997133495,0.001032608779658183,-0.003713792972825196,-0.015424879316439016,-0.015390902495269148,0.023178094096515396,-0.004010173518829514,-0.009292890419742047,4.495702229867504e-05,-0.019934387877583504
2025-09-27 00:00:00+00:00,-0.0002815273374121574,-0.010956953917510278,0.00024980950924591153,0.001030408533122687,-0.006046630405196494,-0.0045911283310341965,-0.014627702376277626,0.0005817329404310492,0.0011731496518926322,-0.01422907879686849,-0.0033763694596591026,0.0012147061138493,0.0012438590244918226,-0.011261463761892174,-0.010752096296841198,-0.020891549039544433,0.001675070050423372,-0.0005777292027175918,-0.010476352448472405,0.002094851632450474,-0.013548133210452413,-0.006594797311721356,-9.163418468460804e-09,0.0004379310064734909,-0.008461772067335817,-0.03534630446799251,0.0,-0.0025696434133929123,-0.01412810647126342,0.0016252462426239928,-0.006667907085961689,-0.004423855257867921,0.001032608779658183,0.0006809382238525275,-0.014627702376277626,-0.014598324909433783,0.04277026583032553,-0.003119143849428742,-0.0007089000480249429,2.049570173667803e-05,-0.01554072555154562
2025-09-28 00:00:00+00:00,0.02200850644644703,-0.001883330434000101,0.00023087660130738721,0.0010506847448385115,-0.00605820242777257,-0.00347886411881696,-0.01541565076558897,0.0005817329404310492,0.0011731496518926322,-0.014924870638122534,-0.0035172887749704567,0.0012147061138493,0.0012438590244918226,-0.009457765787380695,-0.009059079910596768,-0.018197987728710695,0.001675070050423372,-0.00040753824303862984,-0.010782383919461696,0.005074222581496486,-0.014201081458467803,-0.007421362982282568,4.2524739285454416e-10,0.0005583874464250016,-0.01076443210231216,-0.033919004366722454,0.0,-0.010955015742455014,-0.01444965057043637,-0.003377002070278056,-0.007456282245410285,-0.004713760655831467,0.001032608779658183,-0.004866450964695058,-0.01541565076558897,-0.015379068612293807,0.01581499739819404,-0.0028684354610389803,-0.007611384789621261,0.0005597045235035125,-0.013261946849524975
2025-09-29 00:00:00+00:00,0.020111147404707097,-0.0015577859103625123,0.0006417907976973982,0.000676226520190347,-0.005789049351843802,-0.005035464930339658,-0.015379923242873739,0.0005817329404310492,0.0011731496518926322,-0.014740828284596084,-0.003388183469925003,0.0012147061138493,0.0012438590244918226,-0.007041370906955802,-0.007919790626682579,-0.00720724421905417,0.001675070050423372,-0.0008230308797703145,-0.011305221897831093,0.0020586490168697765,-0.013901382803021133,-0.008263116126019932,-3.324501385293388e-08,0.00021587965017921817,-0.012188095973632565,-0.025329019962735892,0.0,-0.022605748250978892,-0.014017492093858845,-0.00852784876182423,-0.008307661487952468,-0.003773085837651204,0.001032608779658183,-0.0069618508918612935,-0.015379923242873739,-0.015340675898673896,0.025899432765214732,-0.0006682204764302985,-0.006113578953083353,-0.0004463099150822103,-0.005986435804516077
2025-09-30 00:00:00+00:00,-0.003014115875483725,-0.0017187632082571332,0.0009967859217581648,0.000657791547500631,-0.0050384492502873425,-0.003918254537309393,-0.014267969630000099,0.0005817329404310492,0.0011731496518926322,-0.013622396512347243,-0.0030588636008529436,0.0012147061138493,0.0012438590244918226,-0.0073557431333940125,-0.006453782484147585,-0.009796197783405652,0.001675070050423372,-0.0005258486114207983,-0.01087178880994564,0.0016614585575619285,-0.012816878208401761,-0.008202679721441647,-3.037900242475189e-08,0.00042096159569027236,-0.012373336156776167,-0.02233230166373986,0.0,-0.02319640155426223,-0.012634299663962626,-0.009210773429675499,-0.008225178471808703,-0.003784404947273096,0.001032608779658183,-0.010222097828952567,-0.014267969630000099,-0.014225000414455975,0.025854630124199068,0.0011695402383891608,-0.007186411469249048,-0.0008960248379423774,-0.007889087311923504
2025-10-01 00:00:00+00:00,0.039478652767623856,-0.0015577859103625123,0.001809485033688254,0.0010466321602915774,-0.005549889041463989,-0.0036855776367207154,-0.01595245106133982,0.0005817329404310492,0.0011731496518926322,-0.015246740972036876,-0.0030560343566883247,0.0012147061138493,0.0012438590244918226,-0.0063711705013314935,-0.007036896254833516,-0.0071231686962622085,0.001675070050423372,0.0001724101037599013,-0.012136443120057327,0.001423964887664252,-0.014264992256879884,-0.008888748394589085,4.552935806145797e-09,0.0009433284701980682,-0.014152404771411997,-0.03371290624264748,0.0,-0.027574938542619425,-0.013746682034471403,-0.008155398762575356,-0.008917582895536973,-0.0035533832810639323,0.001032608779658183,-0.0103972203837757,-0.01595245106133982,-0.01590716970566064,0.008834451007366214,0.0007991762004497274,-0.008688501167727956,0.0001192906131048943,-0.005052897613495588
2025-10-02 00:00:00+00:00,0.016983874850238223,-0.001313416746575291,0.0005793420764139984,0.0003800473208013099,-0.005859164082117789,-0.0033607512259178417,-0.01681571083038282,0.0005817329404310492,0.0011731496518926322,-0.016043948003738664,-0.003381756753893719,0.0012147061138493,0.0012438590244918226,-0.013227007292400521,-0.006243312731989957,-0.013642940510989398,0.001675070050423372,-0.0006667123127837016,-0.013477266105565587,-0.004674961539227397,-0.014907518177581541,-0.010607978284335358,-5.96345888226324e-08,0.0002773690903801196,-0.01919944831447082,-0.04349595533465349,0.0,-0.023945375106729644,-0.014737892063475037,-0.007597734991211073,-0.01067311280586241,-0.004955273926850112,0.001032608779658183,-0.015315728805451746,-0.01681571083038282,-0.016775536340189724,0.01669109931059708,0.00422030570402702,-0.006399197152031603,-4.636965952542482e-05,-0.009449293836951256
2025-10-03 00:00:00+00:00,0.01305050722056933,-0.00515569085062688,0.001349031395044341,0.0006707350179263507,-0.004173897019733258,-0.0021107711247395893,-0.011654801945598543,0.0005817329404310492,0.0011731496518926322,-0.011593179024197528,-0.0038597707674268835,0.0012147061138493,0.0012438590244918226,-0.013716417260463467,-0.004678948721503685,-0.02561929959688567,0.001675070050423372,0.000206228320662305,-0.01053779959743668,0.0009376179250184286,-0.011059712129717883,-0.008195000461829218,-2.5655131352664284e-08,0.0009346621092447549,-0.017591132059377297,-0.0468597648297143,0.0,-0.033530695607814964,-0.011339380955851401,-0.00809420091543782,-0.008237251152577564,-0.0038771205785422583,0.001032608779658183,-0.009521853990753193,-0.011654801945598543,-0.01163010949431481,0.007635437734507058,0.005349022370206304,-0.007966173433189144,-0.00037524164662272597,-0.018159909173846245
2025-10-04 00:00:00+00:00,0.0012987632264387372,-0.0016063309701794405,0.0018334048853469803,0.0007765314523802255,-0.005333605282494643,-0.0029021350809605314,-0.0157711524136987,0.0005817329404310492,0.0011731496518926322,-0.015205495395365719,-0.0039110898678271005,0.0012147061138493,0.0012438590244918226,-0.006415288303062253,-0.004310422260306066,-0.010808006116066181,0.001675070050423372,0.0004925040612118181,-0.013252735642948068,-0.0030610532599599435,-0.014228122096684627,-0.010390753903617544,-1.9713521481889984e-08,0.0011456768495019531,-0.022361529523384178,-0.06119261045566873,0.0,-0.03537432443725414,-0.014098325957504529,-0.012245637381604479,-0.010446042787497414,-0.0043389492487143355,0.001032608779658183,-0.01639109803428257,-0.0157711524136987,-0.015730030654149865,-0.006762960842006709,0.006029968219979343,-0.010117019127845156,-0.0007996469998090561,-0.005864056292921305
2025-10-05 00:00:00+00:00,0.008848164685952398,-0.0015577859103625123,0.0014891557814963323,0.0009896758995545172,-0.005324526167014796,-0.0023275521250479313,-0.014740066625352356,0.0005817329404310492,0.0011731496518926322,-0.014497858938291131,-0.00427710885542816,0.0012147061138493,0.0012438590244918226,-0.008134544057546173,-0.00536049624706561,-0.011063346218075384,0.001675070050423372,0.0008586179408585082,-0.012646611886233264,-0.004777106356756832,-0.01372078683574482,-0.009333174395687632,-1.9618795477072126e-09,0.0014297211331708581,-0.023191932830940235,-0.062454490816158816,0.0,-0.04559103317286725,-0.013965530052530716,-0.007114186552129941,-0.009403465236086858,-0.005301939505302899,0.001032608779658183,-0.014427480553821455,-0.014740066625352356,-0.014710043820689236,0.010041128724172371,0.0056111702969953185,-0.009192497822728282,5.628263630619301e-05,-0.009539186954498291
2025-10-06 00:00:00+00:00,0.009981752932761268,-0.001313416746575291,0.0010409702441908212,0.0008906929786517124,-0.005955742341494827,-0.0016497844853671931,-0.015442550644295474,0.0005817329404310492,0.0011731496518926322,-0.01535402950633847,-0.006021991550037356,0.0012147061138493,0.0012438590244918226,-0.017504485652415,-0.006492828039523427,-0.011072952483316271,0.001675070050423372,0.0007107024963897146,-0.013221625856105262,-0.004451430763004833,-0.014614593285633054,-0.009684382091375437,-1.3365623274808058e-08,0.0013207655051399314,-0.026705268298432137,-0.06767300241159946,0.0,-0.04588024144809941,-0.015381716510875557,-0.015388968316885507,-0.009780858589875093,-0.00839898929848048,0.001032608779658183,-0.016844556030837968,-0.015442550644295474,-0.015421087352529004,-0.018481912234720947,0.005897205982909326,-0.010409044223313579,0.0004489241737815064,-0.02521676756441593
2025-10-07 00:00:00+00:00,-0.026817983769314324,-0.0016063309701794405,0.0009332671100791533,0.0008581500652262823,-0.0058284857565324855,-0.0017136649363637116,-0.014496033829780933,0.0031093465277902345,0.0011731496518926322,-0.014518544764250203,-0.005032840571188174,0.0012147061138493,0.0012438590244918226,-0.026414131726103494,-0.007958272884817551,-0.02701965861751352,0.001675070050423372,0.0007604370123672766,-0.012441438879228037,-0.00553544048119726,-0.01397489248065802,-0.009273817466920253,-1.5077986859068915e-08,0.0013646767551254158,-0.02894859092621769,-0.06724307513632088,0.0,-0.03235014209030635,-0.015229876936609342,-0.015752735235670494,-0.009366827329388743,-0.005311671566209106,0.001032608779658183,-0.015800032681678074,-0.014496033829780933,-0.014478244276217528,0.006877652427441778,0.006258212625441018,-0.011743248120523232,-0.00023836015816414147,-0.029229503124952316
2025-10-08 00:00:00+00:00,0.015551259313557608,-0.003290935879896928,0.0017357971004217905,0.001476487772616752,-0.0056927996273067605,-0.00064304892164273,-0.013481425152776023,0.0005817329404310492,0.0011731496518926322,-0.01357666330362603,-0.006746435895612915,0.0012147061138493,0.0012438590244918226,-0.027085170267041023,-0.009538213337052725,-0.021063518765157392,0.001675070050423372,0.0015602875395384075,-0.011257041603095529,-0.004482537244304737,-0.013205992099569143,-0.007170881719031492,4.05099616074267e-08,0.0019970541866118907,-0.027861100574000056,-0.059479675087800166,0.0,-0.039430271371195064,-0.014281890686189208,-0.012794598812288458,-0.007261428969517825,-0.009071653607118606,0.001032608779658183,-0.011888321583946133,-0.013481425152776023,-0.01346202517797736,-0.0011781831419159618,0.0033321352501650423,-0.008973586653713379,-0.0001762542524677002,-0.034718938171863556
2025-10-09 00:00:00+00:00,-0.01346040236699686,-0.011127848671397789,0.000291914514986949,0.0008429695235444056,-0.00678904490410742,-0.0003592747009243222,-0.015349245668353877,0.0005817329404310492,0.0011731496518926322,-0.015437058257464269,-0.007174520667523871,0.0012147061138493,0.0012438590244918226,-0.03768155898732382,-0.010118876143015756,-0.040968480602421045,0.001675070050423372,0.00041506860182494165,-0.012337482714549137,-0.0023439964113166614,-0.014956626645060936,-0.008764329219321364,-2.34909389718041e-08,0.0011252519054654186,-0.030174371435022756,-0.05470069474175495,0.0,-0.041663498084066934,-0.016929955655001976,-0.011775652296491924,-0.008887276301611086,-0.011010214299741852,0.001032608779658183,-0.013071931511073132,-0.015349245668353877,-0.015337953971062112,0.006706080914300465,0.004412692580194587,-0.007900918400581734,-0.0001487907488471052,-0.04371211305260658
2025-10-10 00:00:00+00:00,-0.0723218218466819,-0.003148637878586849,0.0008878519907506545,0.0012483999674585465,-0.006083980340930526,-0.0007502658341321702,-0.013681203622900078,0.0031093465277902345,0.0011731496518926322,-0.013646813134859687,-0.006067182445305445,0.0012147061138493,0.0012438590244918226,-0.032158412976462526,-0.011863312108006778,-0.03896994179345575,0.001675070050423372,0.0011015210403808595,-0.010362224130019804,-0.004871780023934962,-0.013429422781153385,-0.007416871280612869,2.033261559120092e-08,0.0016669514635516691,-0.028880132618980533,-0.061154514237015935,0.0,-0.022247486498793666,-0.01534565645268085,-0.011626788438466075,-0.007485930735584316,-0.00724928741432764,0.001032608779658183,-0.011730225609529467,-0.013681203622900078,-0.013658064803793295,-0.004918462994042045,0.002831418007326707,-0.012118788484880015,0.0007953747117763754,-0.03729188069701195
2025-10-11 00:00:00+00:00,-0.02148516004233514,-0.011930457768085694,0.0021683424193411,0.0022991837557855893,-0.0069777357700421105,0.0007661333412414474,-0.014192071760714079,0.0005817329404310492,0.0011731496518926322,-0.01412721811813535,-0.006473857969148124,0.0012147061138493,0.0012438590244918226,-0.02578108635017762,-0.014826890263712873,-0.02874058734388933,0.001675070050423372,0.0020734278851488597,-0.00973045300059976,-0.00651940979923486,-0.013980578149694835,-0.005145704080296851,1.0924597049211116e-07,0.002444978545369736,-0.025143733482106474,-0.03883951712970174,0.0,-0.011715058302428277,-0.015801755397688508,-0.02020655995027188,-0.0052497241560710214,-0.012085277260208199,0.001032608779658183,-0.002897796605623837,-0.014192071760714079,-0.014167383727335371,0.031763954123925166,-0.0038166187428976053,-0.004505460202406239,0.001071415723439273,-0.029506878927350044
2025-10-12 00:00:00+00:00,0.03860934634841051,-0.01250044650846412,-0.0004891321200680646,0.0015807479182087375,-0.0069427982385062235,0.0005091157255759857,-0.013846112245964382,-0.02441440594410795,0.0011731496518926322,-0.0136019690086451,-0.0055773248291648625,0.0012147061138493,0.0012438590244918226,-0.014119784504981416,-0.017768057446422635,-0.017939305070985633,0.001675070050423372,0.0002434152797086142,-0.010066698000138595,-0.01620717903893122,-0.01334300983094041,-0.004714268706513755,3.2454636311740614e-08,0.0010593336111064389,-0.025226493819060038,-0.051973113795417254,0.0,0.0029402961215415,-0.01505705397530899,-0.01201296311250567,-0.004875736563746961,-0.011412732133550511,0.001032608779658183,0.006384871116567738,-0.013846112245964382,-0.01381809547605143,0.023699624574475494,-0.005379799355155471,0.003725743784928245,-0.00017829667788227255,-0.017526347190141678
2025-10-13 00:00:00+00:00,0.0008792929662888582,-0.013527478797933142,-0.0016861653918064435,0.00046684989304263146,-0.006616082596220966,0.001947111733307459,-0.014452114742192573,0.0005817329404310492,0.0011731496518926322,-0.014049912097029958,-0.005169954124741832,0.0012147061138493,0.0012438590244918226,-0.007702894575249889,-0.013589126055933735,-0.0008634895696939765,0.001675070050423372,-0.0012222587267114449,-0.010872918564512208,-0.008394262449746451,-0.01361324214792125,-0.0063492924652466445,-5.832141170003524e-08,-7.609037774081173e-05,-0.02993918354030392,-0.036123394007423634,0.0,-0.010151814529935526,-0.014792094366458685,-0.004043858430977104,-0.006474479659046753,-0.009429043373670978,0.001032608779658183,-0.006068976950432946,-0.014452114742192573,-0.014418547869778999,0.015293675404839847,-0.0014889987151257078,-0.0017236049019895882,-0.0005211841644658932,-0.012916953302919865
2025-10-14 00:00:00+00:00,-0.01884916345001386,-0.007212348662696328,0.0012238365154994824,0.0009549750941454404,-0.006360571141218639,0.0012169363912343416,-0.013925517299839128,0.0005817329404310492,0.0011731496518926322,-0.013691574555497799,-0.005028254494490108,0.0012147061138493,0.0012438590244918226,-0.009053219498846543,-0.008685627201150478,-0.0023660571671838106,0.001675070050423372,-6.582706357782797e-05,-0.010261968271493714,-0.007267817287802309,-0.013386734225495524,-0.006516667479004355,-1.3283063537983253e-09,0.0007969353325556483,-0.026772660795807104,-0.03156263330151184,0.0,-0.009793074476687667,-0.01447682825607245,-0.009112676007604577,-0.006594077080462958,-0.00928718277104589,0.001032608779658183,-0.006816783415310017,-0.013925517299839128,-0.013893667508896838,0.01823024828830146,-0.0012798048393904957,-0.009656445714868657,0.0004852533719414964,-0.01574172079563141
2025-10-15 00:00:00+00:00,-0.02086257829099125,-0.0020673762306904504,0.0020286079911249915,0.0013547072238002933,-0.0057246583429563834,0.0008701780805499808,-0.012755246826687432,0.0005817329404310492,0.0011731496518926322,-0.0122989606184233,-0.00487686546568317,0.0012147061138493,0.0012438590244918226,-0.007546498281160823,-0.0030062332726779072,-0.004049935350038986,0.001675070050423372,0.00036267123132383006,-0.009814998301022112,-0.01010051364276793,-0.011927199201991976,-0.0053717984456642075,2.8472657120914846e-08,0.0011176436196222994,-0.022612275468680283,-0.028244081935886848,0.0,0.0038618291521367756,-0.012528137256380554,-0.0017969932872088468,-0.005472872501326121,-0.0090095126921048,0.001032608779658183,-0.005193160683153361,-0.012755246826687432,-0.012713819412014443,-0.005221742308691374,-0.0028342121655969793,-0.0021241759286888986,0.0002202120141614472,-0.012071040458977222
2025-10-16 00:00:00+00:00,-0.023722484783288422,-0.013190555775579272,0.000883929643323066,0.0014427321812928169,-0.007095608530456566,0.002083297571352078,-0.016380907860895515,0.0005817329404310492,0.0011731496518926322,-0.01580384340052083,-0.0047246921273040796,0.0012147061138493,0.0012438590244918226,-0.00943892175488866,-0.004382721176953732,-0.006012665322045667,0.001675070050423372,0.0001917392463592904,-0.012252069027948311,-0.003042555703711378,-0.015056369884684107,-0.007143682726020092,3.1514071352489736e-08,0.0009868399999053423,-0.01836047236420794,-0.025914018543461023,0.0,0.0014940706912368465,-0.015386929157541803,-0.008624931421475215,-0.007267289407864407,-0.009797597273498167,0.001032608779658183,-0.003938618001889752,-0.016380907860895515,-0.01634041915430751,-0.007179770286753401,-0.004429221377827791,-0.002573732818684365,-0.0001620059849134492,-0.01592377759516239
2025-10-17 00:00:00+00:00,-0.01600983980542381,-0.0034367037464532297,0.00048498799287653455,0.0015030090414730245,-0.006519801595751121,0.002628626221913849,-0.013903375143408302,0.0005817329404310492,0.0011731496518926322,-0.013731111409010156,-0.0035048696249176895,0.0012147061138493,0.0012438590244918226,0.005096595023732127,-0.0028625540176086075,0.02161233587803525,0.001675070050423372,1.8338744087742498e-06,-0.010931145071585832,-0.00011910449707663101,-0.013220789653211402,-0.005430840367099244,3.5834116118849124e-08,0.0008422813695503351,-0.013051354104175055,-0.019475856263790017,0.0,0.0051708253558696415,-0.013697744570587462,-0.006510751075385746,-0.0055702982854994795,-0.003690123608634342,0.001032608779658183,-0.0015762629637075688,-0.013903375143408302,-0.01387741085473623,-0.018584888880031847,-0.006136118115959721,-4.825726472564365e-06,0.0004649584678197982,0.007667024619877338
2025-10-18 00:00:00+00:00,0.006837580354403627,-0.0018107484291612118,0.0002545419525614974,0.0013806304530592907,-0.004943331990786076,0.0022089398550928794,-0.010544161646687786,0.0005817329404310492,0.0011731496518926322,-0.010500606261250538,-0.0029158391483143035,0.0012147061138493,0.0012438590244918226,0.007103988187450587,0.0008594691649231711,0.01502063575129911,0.001675070050423372,-0.0004188471776096492,-0.008861525359387662,-0.004801645775860024,-0.010156121508042827,-0.003083995514438031,2.418376432444802e-08,0.0005139862154592834,-0.006167933818692078,0.0003372982268116903,0.0,0.009104964110209699,-0.010093573221238283,-0.009509132731756284,-0.0032033008700651615,-0.002920781614431999,0.001032608779658183,0.0043965021331423,-0.010544161646687786,-0.010514435141706671,-0.013455944858828426,-0.007009801569239044,0.0019212734756123239,0.0007724427320106031,0.0045902058482170105
2025-10-19 00:00:00+00:00,0.013605430468869528,-0.004496266454247714,-3.4793514748027925e-05,0.0009774852882206081,-0.005916169167550405,0.003266810097265529,-0.016043692466058662,0.0005817329404310492,0.0011731496518926322,-0.015113271444398314,-0.003483254579677076,0.0012147061138493,0.0012438590244918226,-0.0009415610390288462,0.0011603872404631545,0.007311830607945127,0.001675070050423372,-0.0010390059394325135,-0.011663612171834281,-0.001358721398836068,-0.014059672004125914,-0.005968993277402599,-1.0328490063216123e-08,1.971358390306932e-05,-0.004915339012292656,-0.012398834582353996,0.0,-0.0019983492321045257,-0.01274758150829908,-0.0023483947152799747,-0.006034665962123869,-0.005727502410033847,0.001032608779658183,0.0005896591790421016,-0.016043692466058662,-0.015981414460411274,-0.00217117942373169,-0.0057852153552965906,-0.0017271500395309625,-0.00017060810837499218,0.0024557828437536955
2025-10-20 00:00:00+00:00,0.017534490738258413,0.0008756913118866346,0.0004743117632294481,0.0008085444543048728,-0.006935671755609767,-0.000208937811224857,-0.017635117093783376,0.0005817329404310492,0.0011731496518926322,-0.016922979727263098,-0.005049464791583102,0.0012147061138493,0.0012438590244918226,-0.009384349292123778,-0.00390707588588355,-0.008912057767052652,0.001675070050423372,-0.001078504755902543,-0.012013621821429373,-0.005259349977104283,-0.015930599204041367,-0.008021969726186674,-2.0551738089125138e-08,-3.6984923681870896e-05,-0.002575382397239801,-0.018824463731261218,0.0,-0.01260609454265105,-0.015798420951489162,-0.005660561632210985,-0.008067410943493423,-0.008505802297750224,0.001032608779658183,-0.009068423057273704,-0.017635117093783376,-0.017586233024435415,-0.024724847181674527,-0.004070295188533868,-0.00823708542504287,-0.0007353109779639766,-0.009024986065924168
2025-10-21 00:00:00+00:00,-0.019282830178017463,0.0014110396407409046,0.00101613902172131,0.0007192536413458753,-0.005821768987100346,0.0005706638299277691,-0.012430091525309113,0.0005817329404310492,0.0011731496518926322,-0.012656455475587632,-0.004126251698013872,0.0012147061138493,0.0012438590244918226,-0.0037215800424985047,-0.0010069433627469624,-0.003943000340098139,0.001675070050423372,-0.0009683174834158592,-0.009312747251442972,-0.005107814682903211,-0.012257015622080335,-0.005892039229176727,-2.6486807414016766e-08,1.747905929860849e-05,-0.0008001107396663622,-0.00047391860591421576,0.0,-0.011130707585681653,-0.013377879338143824,-0.0015510179573177817,-0.00596322143148416,-0.006524576361533911,0.001032608779658183,-0.003831089549965881,-0.012430091525309113,-0.012420534063527682,0.009770781721888104,-0.0021595214437886783,-0.006412026100657301,-0.00022988924754052675,-0.007910272106528282
2025-10-22 00:00:00+00:00,-0.007293562266175613,0.0014110396407409046,0.0018597537975343064,0.0013302293872937906,-0.005326604386695597,5.3184884902543125e-05,-0.011043041520054253,0.0005817329404310492,0.0011731496518926322,-0.011295017962304674,-0.004308756825255148,0.0012147061138493,0.0012438590244918226,-0.006850651074193461,0.001429727757889461,-0.011058985388960042,0.001675070050423372,-2.5755216052303354e-05,-0.008200056553709744,-0.005155920801978745,-0.011044700427184357,-0.004607338848167667,2.9127695810871046e-08,0.0007256741997885285,0.002205349553511811,-0.015167224224331428,0.0,0.0016576657990657617,-0.01211003812290998,-0.0009984395543847849,-0.004670013291899962,-0.006944933233796388,0.001032608779658183,-0.0017633201078207598,-0.011043041520054253,-0.011030794481536198,0.014470308397345364,-0.003674473062496391,-0.005750988561851028,0.0008063089874532636,-0.008872967213392258
2025-10-23 00:00:00+00:00,0.02187044441559216,-0.007471695750240169,0.0009881870526040537,0.0012098115520921618,-0.005484833451689622,-0.0003254399466391053,-0.011092037664889483,0.0005817329404310492,0.0011731496518926322,-0.01152086431323061,-0.00420131398047561,0.0012147061138493,0.0012438590244918226,-0.010772811786442507,0.0017113053420511042,-0.012661112278006481,0.001675070050423372,-0.00044386759750558724,-0.00889059136684037,-0.0048480595484126894,-0.011186070489279392,-0.004375999730610086,1.1017355916465021e-08,0.00039118739438137595,0.004429481752642034,-0.0169050429050376,0.0,0.0031197281632299673,-0.012236931094694703,-0.00019048463704937887,-0.004482030139215563,-0.006934820077378818,0.001032608779658183,0.00028121814225156964,-0.011092037664889483,-0.011090222830027556,-0.0016653494006053748,-0.003994897871549275,-0.0019952397638600306,8.986624915685582e-05,-0.010689436458051205
2025-10-24 00:00:00+00:00,0.008721714289805504,-0.00515569085062688,-2.082262828394883e-05,0.0007000408987556841,-0.005035903724922408,-0.0006367000906259447,-0.010824508553749081,0.0005817329404310492,0.0011731496518926322,-0.011168437383571345,-0.004086240599400618,0.0012147061138493,0.0012438590244918226,-0.022009888226402798,0.005075751502993718,-0.022492770809583305,0.001675070050423372,-0.0010875357164028543,-0.008853410766565076,-0.0029661073201798704,-0.010790620441982656,-0.004839644328280886,-3.303644824370622e-08,-0.0001242984574520989,0.004418190617576933,-0.006734233679306787,0.0,-0.005575396026631485,-0.011688395791387928,-0.002459027739898542,-0.004926639106091675,-0.007918091756191589,0.001032608779658183,-0.002566799639969178,-0.010824508553749081,-0.01081879166460009,-0.016840867994673922,-0.001707253121044055,-0.0040565201267093055,-0.0008441533678045232,-0.015514397993683815
2025-10-25 00:00:00+00:00,0.005459116888140159,-0.0018107484291612118,0.0010426135664159347,0.0008537394268840788,-0.004761899301907022,-0.0026491876017260886,-0.013632912509413224,0.0005817329404310492,0.0011731496518926322,-0.012963728861082005,-0.0035015117792050778,0.0012147061138493,0.0012438590244918226,-0.0017759348571138582,0.0034027524653440027,0.002072713893251009,0.001675070050423372,-0.0005729010305213222,-0.010015279494113004,-0.0025413140867302803,-0.012170888087029902,-0.006656339004116755,-1.3174661361858853e-08,0.0002491432350097966,0.003003902215672135,-0.015697267667858786,0.0,0.015373173045752125,-0.011784865265057391,-0.0011775042216772354,-0.006666873838747432,-0.004350165573838179,0.001032608779658183,-0.006663890565496712,-0.013632912509413224,-0.013583051890397295,-0.028294698375222395,-0.0007850455653281644,-0.006848551036126211,-0.0001352172354582848,-0.0063965804874897
2025-10-26 00:00:00+00:00,0.02503926774491383,-0.0015577859103625123,0.0014312024438676053,0.0009296949402923097,-0.005316170746964173,-0.0040948317722950735,-0.01589913403413115,0.0005817329404310492,0.0011731496518926322,-0.014861732396233621,-0.0039032852492217017,0.0012147061138493,0.0012438590244918226,-0.012893513513503298,-6.800807532021907e-05,-0.014217262544613129,0.001675070050423372,-0.000377900713271373,-0.011471353145354012,-0.0025138001021511027,-0.013823129944668602,-0.008220664828194474,-8.246304972203689e-09,0.0003791648822630833,0.0006704699291604551,-0.024182179031882516,0.0,0.012510150852027538,-0.013241441461268898,-0.01019523016889737,-0.008235045701862119,-0.004748783595668834,0.001032608779658183,-0.013564286164272974,-0.01589913403413115,-0.01583759159803457,-0.011058041604726778,-0.0002330083629199774,-0.004989615397897589,0.00040581231324665623,-0.00812544859945774
2025-10-27 00:00:00+00:00,-0.003089502851015169,-0.0010888231375701242,0.000761936957825283,0.0006086090152380705,-0.0055544894825324586,-0.005170959078682915,-0.015059326848095165,0.0005817329404310492,0.0011731496518926322,-0.014715161857955898,-0.003888361679070219,0.0012147061138493,0.0012438590244918226,-0.01106555444063945,-0.0017583026856821606,-0.011224422195989637,0.001675070050423372,-0.0006769115400597769,-0.01187645870398667,-0.0020901480986726916,-0.013824398941616849,-0.008426931206040593,-3.782315260991709e-08,0.0001280926883868716,-0.001953507052821052,-0.015696135112877173,0.0,0.007944053292624126,-0.013955406789213696,-0.01011938802877907,-0.008480725049737433,-0.006195503818453586,0.001032608779658183,-0.015313121341924993,-0.015059326848095165,-0.01503087112820717,0.0033390634699801496,0.0020021762324848404,-0.00464049338131961,-0.00040174907237577884,-0.005549568682909012
2025-10-28 00:00:00+00:00,-0.010244824091238058,-0.002320793028530149,0.001570092030026518,0.0010412694773471712,-0.005652023873645071,-0.0049448810572655915,-0.013623863340898778,0.0005817329404310492,0.0011731496518926322,-0.0137949322669539,-0.0039031396752561456,0.0012147061138493,0.0012438590244918226,-0.017045741094306892,-0.0048421955223925135,-0.017626116076214924,0.001675070050423372,0.00015993110335443816,-0.010678181016759675,0.0009508825878942543,-0.01325411878852457,-0.007532390574489757,4.666800279551353e-09,0.000759779857311571,-0.004325487436624219,-0.005402479218800273,0.0,0.016267959157416224,-0.014231820373133712,-0.01435122039774508,-0.007585026718018232,-0.006497622035558191,0.001032608779658183,-0.014711359956805494,-0.013623863340898778,-0.013614636737802317,0.003218095775388938,0.0015514922783482323,-0.007315425248485103,-0.00046946076549048144,-0.01769350655376911
2025-10-29 00:00:00+00:00,-0.026016805456796632,-0.0015577859103625123,0.00152238062950755,0.0012207509654635277,-0.004916314740461071,-0.005051448092302057,-0.011126122068189814,0.0005817329404310492,0.0011731496518926322,-0.011408148893178868,-0.003743460984825852,0.0012147061138493,0.0012438590244918226,-0.00861270487725264,-0.004692913292691376,-0.012328930419545234,0.001675070050423372,0.0002839533971314978,-0.008853994900438514,0.001062225685419052,-0.011094335149672507,-0.005478603027534472,1.547535610768591e-08,0.0008507229765957192,-0.0040667950971623006,-0.015567583283874125,0.0,0.03181510974611922,-0.01234372911994277,-0.00604491711423911,-0.00554129676855326,-0.004169154919012311,0.001032608779658183,-0.007813321610709219,-0.011126122068189814,-0.011119792150184854,0.003563314740137018,0.0005077441364498953,-0.001077972649181727,0.00016275732255266462,-0.006478848401457071
2025-10-30 00:00:00+00:00,-0.01602663895916301,-0.009085972147421883,0.0010646506982188268,0.0015118720280238092,-0.00550372528367253,-0.004418595489346923,-0.013624634780111097,0.0005817329404310492,0.0011731496518926322,-0.013400268120635168,-0.0036847264693035003,0.0012147061138493,0.0012438590244918226,-0.005440116383283526,-0.007886965439693354,-0.009333986385780105,0.001675070050423372,0.00046853534498580984,-0.009627435772361848,-0.00012581171417319772,-0.01282336112781843,-0.005558383275145928,3.9299784759805334e-08,0.0009983320150723785,-0.0075565585491857625,-0.018036682962148744,0.0,0.02501323441462843,-0.013354946603187555,-0.0047174036727403385,-0.005600752812080121,-0.0043352305368167445,0.001032608779658183,-0.005226637431390109,-0.013624634780111097,-0.01359730784055115,-0.004298650814596244,-0.0018388019498028867,-0.0012190515002294031,0.0009319400257474797,-0.004634147044271231
2025-10-31 00:00:00+00:00,0.011480961191720596,-0.01099199326048218,0.00042688961304237295,0.001382111008523859,-0.006293854283120834,-0.004554972476703235,-0.01581631501050413,0.0005817329404310492,0.0011731496518926322,-0.015242235227414,-0.0041387476931672666,0.0012147061138493,0.0012438590244918226,-0.013991455492296604,-0.011633004276643426,-0.026465384831081396,0.001675070050423372,-2.552052615989453e-05,-0.01058787768991803,-0.00368264532612706,-0.014494514106745671,-0.0065927917038336795,2.420914668732621e-08,0.0006216490258772467,-0.012889960638119449,-0.01941589866341772,0.0,0.03129296026811231,-0.015059540178685285,-0.003630443326637658,-0.0066401242586844045,-0.005396922552864249,0.001032608779658183,-0.00490192889622949,-0.01581631501050413,-0.015777722256717044,-0.009318258927220102,-0.0030940940105178678,-0.0014415544927504952,0.00028446528061465415,-0.008564792573451996
2025-11-01 00:00:00+00:00,0.00462482517705709,-0.011636779387309837,-0.00016113083970733947,0.0008991092004863926,-0.005712213996727227,-0.0059835605706021235,-0.014252800611713759,0.0005817329404310492,0.0011731496518926322,-0.013737685043161831,-0.00423444753400216,0.0012147061138493,0.0012438590244918226,-0.006890492883279944,-0.01079814624505947,-0.015703644217004615,0.001675070050423372,-0.0007508758558909534,-0.009843898568729385,-0.002914916232282092,-0.013139551751589072,-0.0065027531053835136,-1.7342562941280448e-08,5.446200848879812e-05,-0.015882982363873272,-0.010508952106008562,0.0,0.025573817011460536,-0.013933234322742195,-0.004136135404824818,-0.00654896046964854,-0.004868616046483683,0.001032608779658183,-0.008123481897435106,-0.014252800611713759,-0.014216201038522338,0.01466546602931821,-0.0018051408601533786,-0.0010783069415443293,-0.0006833793897396134,-0.003572245128452778
2025-11-02 00:00:00+00:00,0.005216141233320926,-0.0019214594123248226,0.0007207221264938872,0.0009499367047872611,-0.005470019654061374,-0.0052726262723375526,-0.013579721787163983,0.0005817329404310492,0.0011731496518926322,-0.013192873027832643,-0.0039688309409182925,0.0012147061138493,0.0012438590244918226,-0.002891036488922672,-0.009551598550066556,-0.004714727932487693,0.001675070050423372,-0.0004876202786068262,-0.009397510444543221,0.0011355507482363743,-0.012702614483729406,-0.006469006019744639,-6.986068612491181e-09,0.0002417755495542906,-0.017606199558982214,-0.010430379875342241,0.0,-0.014570384225446431,-0.013535330060587434,-0.0023904065836583507,-0.006497258088142374,-0.0033044550983435585,0.001032608779658183,-0.010810716501958506,-0.013579721787163983,-0.013545840417089002,0.003620037351744236,-0.0012366682494190867,-0.004251813889740847,-0.00011545957136327445,0.0012638065963983536
2025-11-03 00:00:00+00:00,-0.037687182896316784,-0.0018107484291612118,0.0011378992829395459,0.0009467907947317733,-0.005910928734795215,-0.007440897707501334,-0.013961959983851694,0.0005817329404310492,0.0011731496518926322,-0.013697231791108311,-0.004623404668379815,0.0012147061138493,0.0012438590244918226,-0.014896490971609125,-0.009397144607057298,-0.019029578222243135,0.001675070050423372,-0.00042342373994408433,-0.009600153929958522,-7.675401470253295e-05,-0.01323796123215866,-0.007292765839428442,-7.87926879297629e-09,0.00027431424025614604,-0.018368521526256433,-0.015194387377285911,0.0,-0.013495372193246978,-0.014688901869744597,-0.010919030225043865,-0.007332060288211935,-0.005225346642851648,0.001032608779658183,-0.013413374166696626,-0.013961959983851694,-0.013936477271409214,-0.02168807862227435,-0.0006661750029828798,-0.005357349499740902,0.00041850577898294716,-0.013414536602795124
2025-11-04 00:00:00+00:00,-0.04764085753737923,-0.0019214594123248226,0.0017360867682232215,0.0016723820908683426,-0.0056696635351651025,-0.009347013108157155,-0.011576641167692352,0.0005817329404310492,0.0011731496518926322,-0.011800605380054906,-0.0036226275780628257,0.0012147061138493,0.0012438590244918226,-0.0018369981573008603,-0.009675715771669825,-0.001468868267440271,0.001675070050423372,0.00047969680522363944,-0.007832480120134117,-0.0012945887498457369,-0.011680033238827152,-0.004796388433178401,5.692847260263534e-08,0.0009679481303894732,-0.014375423045605884,-0.016601478204919095,0.0,-0.004303769238627193,-0.013425179444596211,-0.009809064346483015,-0.004850582245602603,-0.004169704097127021,0.001032608779658183,-0.005052450040727217,-0.011576641167692352,-0.011567937179619799,-0.008984498581531353,-0.003941193913415828,-0.0030046812811589147,0.0006356260421220838,-0.004463871940970421
2025-11-05 00:00:00+00:00,0.02240006132163863,-0.010956953917510278,0.0010439355986162457,0.0019387559140107747,-0.005992569726013203,-0.005318251793649226,-0.012489163306080436,0.0005817329404310492,0.0011731496518926322,-0.012347694631658135,-0.003687958447543973,0.0012147061138493,0.0012438590244918226,0.00027158599079052154,-0.010839828395163634,0.012856449730104753,0.001675070050423372,0.0002618343867375472,-0.008317593455077973,-0.004986120139659542,-0.012060093168629209,-0.004202101150670501,7.196412354915083e-08,0.0008083313257483127,-0.010816393793824385,-0.018723317337115134,0.0,0.0012762901394864398,-0.013307369432538537,0.001267810272247223,-0.004290965641972087,-0.004811111526100433,0.001032608779658183,0.005125916951078696,-0.012489163306080436,-0.012466949258391343,0.010492634546896246,-0.00780697879182228,0.0030515120810992577,0.00028675186753091,0.004457220900803804
2025-11-06 00:00:00+00:00,-0.025251182501598635,-0.006823458271422804,-0.001230057100083907,0.0007894676083534233,-0.00534299368866018,-0.00228891657505067,-0.013069526706391693,0.0005817329404310492,0.0011731496518926322,-0.012394809352854818,-0.004863547686831228,0.0012147061138493,0.0012438590244918226,-0.010518222517009828,-0.008880446913744202,-0.004355276669776049,0.001675070050423372,-0.0016404706446060402,-0.009505230854101985,-0.00926634101819052,-0.011757426996105432,-0.005423468088077756,-3.383637015019758e-08,-0.0006682270839011295,-0.012613159981398461,-0.019736226974657503,0.0,0.0002531998284097855,-0.011997170254770437,-0.0010816214879298875,-0.005513007190651181,-0.007062666168345835,0.001032608779658183,0.0020484244373066797,-0.013069526706391693,-0.0130275778333089,0.026573673559533786,-0.005135285600662921,0.005242590524306125,-0.00035520568422242604,-0.008338053710758686
2025-11-07 00:00:00+00:00,0.020238925973670163,-0.0019214594123248226,0.0007981302829166252,0.0014407037616624072,-0.005476481359457946,-0.0045881707024051695,-0.01419189527162101,0.0005817329404310492,0.0011731496518926322,-0.013569918021960722,-0.0040265187177345434,0.0012147061138493,0.0012438590244918226,-0.008837622463242246,-0.005805730421343266,-0.0009565631337976295,0.001675070050423372,-0.0004737485432091404,-0.009672497458091407,-0.0027529674456267706,-0.012905732801708722,-0.005357350198309814,3.814319704531499e-08,0.00021515335824773274,-0.012917352673640038,-0.016083486887609712,0.0,-0.01427368986529953,-0.012329710817325812,-0.0054602764884667115,-0.005385916452450507,-0.006598033527806631,0.001032608779658183,-0.004802092965647922,-0.01419189527162101,-0.014143391412682267,0.020495155965314277,-0.006914949059051587,-0.0035741078038269325,0.0008512649806267092,-0.008882549591362476
2025-11-08 00:00:00+00:00,-0.010603212209311152,-0.014464977544483736,0.0005001708093116213,0.00075881425585509,-0.006140893050128753,-0.005714840337037301,-0.016326923761748855,0.0005817329404310492,0.0011731496518926322,-0.015443172135268936,-0.006396427079312457,0.0012147061138493,0.0012438590244918226,-0.0335207525789168,-0.007435702083801978,-0.03919758138393344,0.001675070050423372,-0.001584741903247533,-0.01184703535851898,-0.0037606157676026,-0.014409907580220097,-0.007432732572557333,-3.057191122479708e-08,-0.0006697419829162499,-0.018102463271230357,-0.0113252635948451,0.0,-0.005031927985683875,-0.013869632439564995,-0.0050784088320422055,-0.007510858544184757,-0.012432054784409764,0.001032608779658183,-0.0017972493112875451,-0.016326923761748855,-0.016278361270448544,0.033192803665505886,-0.004513326088166295,-0.0005811602576571311,-0.0002754607931958475,-0.043145570904016495
2025-11-09 00:00:00+00:00,0.023551839694791354,-0.0016063309701794405,0.0009670849129778129,0.0011886913832206392,-0.005758421229687367,-0.0047845061513185905,-0.014335015239807243,0.0005817329404310492,0.0011731496518926322,-0.01392273148944221,-0.005956051445916979,0.0012147061138493,0.0012438590244918226,-0.020434925783601014,-0.006421817337120132,-0.017945291245167614,0.001675070050423372,-0.0007446832649371515,-0.010496402737776899,-0.004945157091556828,-0.013230427866351539,-0.0064976388945824325,1.601666710371319e-08,-4.5725508638128076e-05,-0.017766409975801607,-0.018492108303020293,0.0,-0.01122001950825977,-0.013070674822281131,-0.01749357669335427,-0.006556441244372697,-0.010217242114247321,0.001032608779658183,-0.008945235342996604,-0.014335015239807243,-0.01430026868146325,0.019175991405673738,-0.005052307264171628,-0.005636029172216554,-0.0003092890749343269,-0.029055310413241386
2025-11-10 00:00:00+00:00,0.01212026933646193,-0.010425977668912855,0.0006975669639279798,0.000668737412136366,-0.005794860828174349,-0.0040162247135085375,-0.01383279722131018,0.0005817329404310492,0.0011731496518926322,-0.013701205897487568,-0.005411716633234463,0.0012147061138493,0.0012438590244918226,-0.018993717645784936,-0.004551652771612839,-0.015298599060537751,0.001675070050423372,-0.0014737396702653172,-0.011362249190748129,-0.004637087004846076,-0.012951137902819782,-0.007214940742284909,-3.557627614725334e-08,-0.000638600811544876,-0.020761580257659337,-0.030158074857691217,0.0,-0.03903045942146932,-0.013174549893641543,-0.010288668936961197,-0.007327831158145177,-0.009542541003525147,0.001032608779658183,-0.006544213601927659,-0.01383279722131018,-0.013817577814231704,0.02009069744411286,-0.002522399301083282,-0.0021010264800746287,-0.0004054264732875623,-0.016384059563279152
2025-11-11 00:00:00+00:00,-0.02870254647684156,-0.0022652798045441264,0.00095102207896593,0.0007920034389770454,-0.0043680243023966345,-0.0032672006215785196,-0.010389870723640442,0.0005817329404310492,0.0011731496518926322,-0.010571232179489378,-0.0045082047878756215,0.0012147061138493,0.0012438590244918226,-0.00982732551574849,0.0013646820946231135,-0.016683403052177085,0.001675070050423372,-0.0009635648447865464,-0.00958533765707413,0.0020682876623779123,-0.010122345746000523,-0.005816038157177337,-1.8308362825791846e-08,-0.00027446838650746486,-0.01962423425312442,-0.02078939279374786,0.0,-0.00946756211674171,-0.01023640131250746,-0.00889944962889538,-0.00590567765928372,-0.006629120151226495,0.001032608779658183,-0.00607272016674504,-0.010389870723640442,-0.010379365420060535,0.034418215814717414,-0.0012274653488676334,-0.0025226616674895687,0.0002570583323500131,-0.013237779960036278
2025-11-12 00:00:00+00:00,-0.01303914664267758,-0.002320793028530149,0.002114201755631908,0.0014994504871836485,-0.004284272113961978,-0.0007496839894344447,-0.011194480936445504,0.0005817329404310492,0.0011731496518926322,-0.0110640732151603,-0.005411805519820533,0.0012147061138493,0.0012438590244918226,-0.02842226462864806,0.0031161295059560857,-0.02853051771587907,0.001675070050423372,7.790696225029592e-06,-0.0095082858451919,-0.004597869210842311,-0.010475149469026042,-0.004962871983198188,4.3356688905760166e-08,0.0004584898463004805,-0.01584613572418109,-0.017952972235527075,0.0,0.0050272226344758465,-0.009845389954904358,-0.009255623324904032,-0.005032103610121502,-0.00832428291447713,0.001032608779658183,-0.003574944859007192,-0.011194480936445504,-0.011165655785954397,0.008364001011767668,-0.003658091481293067,-0.0009356488864874983,0.0004829850749619169,-0.02528326027095318
2025-11-13 00:00:00+00:00,-0.019524742976585685,-0.014214400429980274,0.0007823604753028512,0.0013298796630173994,-0.006119122530488894,-0.0004683075074314977,-0.01692549544615012,0.0005817329404310492,0.0011731496518926322,-0.016025815448626544,-0.006186425676901839,0.0012147061138493,0.0012438590244918226,-0.0285960317949475,-0.004743295488313244,-0.03967182747751202,0.001675070050423372,-0.0005870638118619098,-0.012434248461856345,-0.005265424301216817,-0.014862560756085007,-0.007813871330120875,1.969638674381713e-08,-8.604793162447777e-06,-0.01999754856047953,-0.023758399775049455,0.0,-0.003089116639243721,-0.014048667411147167,-0.005614266479282511,-0.007889992681195643,-0.011112025537802031,0.001032608779658183,-0.006595124875956667,-0.01692549544615012,-0.016874619650434127,0.007128658419649454,-0.004488195712931384,-0.0018784841331434422,-0.0002201481454964238,-0.026375770568847656
2025-11-14 00:00:00+00:00,-0.05462287113659059,-0.011127848671397789,0.0003700210898710259,0.0014167420596811547,-0.004849989385448159,0.0008530921633044644,-0.012464776349114762,0.0005817329404310492,0.0011731496518926322,-0.01209786348057737,-0.0054965522466528215,0.0012147061138493,0.0012438590244918226,-0.023890766155285598,-0.00364269527975102,-0.027342710814853177,0.001675070050423372,-0.0006070106203068804,-0.009803326534916355,-0.0031039394849108255,-0.011437434528652386,-0.004898598068207471,2.9493188336005005e-08,-3.147692018146131e-05,-0.0170361572833262,-0.026474445432538213,0.0,-0.016697459963596673,-0.010909578666168825,-0.013317203992425577,-0.0049799938554697665,-0.009456357852393864,0.001032608779658183,-0.003738067846247582,-0.012464776349114762,-0.012427357147033304,-0.006917342112058557,-0.00581856113498279,0.00018296866830222588,0.00028219938755924545,-0.022762082517147064
2025-11-15 00:00:00+00:00,0.012123106498746594,-0.0178647045767434,0.0011558176696719624,0.0020224015963895446,-0.006470972124430476,0.0016751705968921357,-0.015037130989203097,-0.02441440594410795,0.0011731496518926322,-0.014832035689950427,-0.004884521933289457,0.0012147061138493,0.0012438590244918226,-0.02862686968825861,-0.009764925506593093,-0.03010244370862609,0.001675070050423372,-0.00012854517565052959,-0.010535483622849654,-0.0005511314293330854,-0.014128840456722342,-0.004686173935425764,8.251078220666841e-08,0.0003356615945566688,-0.014348589748812644,-0.02210183131989239,0.0,-0.025134015596836888,-0.013906044138130375,-0.017966589735368865,-0.004782269627167815,-0.010181561252909907,0.001032608779658183,-0.003934355449054383,-0.015037130989203097,-0.015009067625374675,0.010593743312487296,-0.010135881693634177,-0.0026136588690676985,0.0013130322985421827,-0.028341297060251236
2025-11-16 00:00:00+00:00,-0.01446393846192251,-0.0006551168823607041,-0.0008237087766007588,0.0009746656831664965,-0.0056265616421331665,0.0019255194802189738,-0.0116807210930076,0.0005817329404310492,0.0011731496518926322,-0.01190949989052871,-0.0041381469863430425,0.0012147061138493,0.0012438590244918226,-0.01779384698224266,-0.0114035112421431,-0.026841616464304115,0.001675070050423372,-0.002011528810676566,-0.009019905318787961,-0.007083375220489068,-0.011446281036781334,-0.003260039953670405,-1.831246976280454e-08,-0.0011335211264196232,-0.015086314936609783,-0.021518036335162208,0.0,-0.009287712814110944,-0.011917550712849537,-0.015920846811390905,-0.003396318607936811,-0.006456733170891937,0.001032608779658183,0.008234301383080936,-0.0116807210930076,-0.011675467342889236,0.013441652000107763,-0.008167239951155795,0.003177620417637756,-0.00010311006776397846,-0.011301999911665916
2025-11-17 00:00:00+00:00,-0.022368382716344115,0.0008756913118866346,0.0002622509302346362,0.0012831575762610647,-0.006032913889207136,0.002151427697754482,-0.011509071158813729,0.0005817329404310492,0.0011731496518926322,-0.012193365815187002,-0.0036708752798432316,0.0012147061138493,0.0012438590244918226,-0.004826899474040779,-0.011071536425321101,-0.0036168318444787144,0.001675070050423372,-0.0013543888146525518,-0.008213597362295258,-0.006318136493654915,-0.012024871435343521,-0.003520073180182443,2.1848517661737787e-08,-0.000652628371533126,-0.012368458439826606,-0.013780382441851268,0.0,-0.008472979310565858,-0.01322178402205806,-0.009620682082465453,-0.003614714661040989,-0.006394327672315026,0.001032608779658183,-0.012594746839912739,-0.011509071158813729,-0.011517856847159277,-0.019709318910444206,-0.00872451488663484,-0.007017841259128726,-0.00022761438242291376,0.0004809694946743548
2025-11-18 00:00:00+00:00,0.009241173563307115,-0.002320793028530149,0.0012303517426122737,0.0014585562259176465,-0.005664199196575133,0.0008711093695855997,-0.009290910768991023,0.0005817329404310492,0.0011731496518926322,-0.010078839057795025,-0.0026827834184449196,0.0012147061138493,0.0012438590244918226,0.012598935478494203,-0.011227694721223565,0.016536957415686337,0.001675070050423372,-0.001299849220886884,-0.006630506032503574,-0.003450499425587896,-0.010172185752490633,-0.0025324006303706677,3.378865898184813e-08,-0.0006381692477397394,-0.011272923825203071,-0.01795231679279373,0.0,0.014610378202954653,-0.01222019195411384,-0.00853071074006039,-0.002651087806009712,-0.002235624653757792,0.001032608779658183,-0.010847496484714803,-0.009290910768991023,-0.009306188596263826,0.005712101599709139,-0.009931689707604946,-0.003316187574294228,0.000286273679694915,0.01540272869169712
2025-11-19 00:00:00+00:00,-0.016082377699810024,-0.01099199326048218,-1.4193771523185418e-05,0.0009473293539484858,-0.004333739861765796,0.0006584835890135691,-0.008050485493512772,0.0005817329404310492,0.0011731496518926322,-0.0082613140458053,-0.003911886010428571,0.0012147061138493,0.0012438590244918226,-0.00596057523176044,-0.007756390735241368,0.0010250432462609257,0.001675070050423372,-0.0021175654713712078,-0.006534158835638489,-0.0013633206179432724,-0.008187500553829469,-0.002702504391488364,-1.395923021618728e-08,-0.0013013556393612902,-0.011730066123794125,-0.014984678734646588,0.0,0.03347433547415299,-0.009324218446478903,-0.007055056012944254,-0.0028147101087425182,-0.008069616897054216,0.001032608779658183,-0.006344783117817646,-0.008050485493512772,-0.0080417518910379,-0.005720876224043752,-0.008236033675133623,0.0016537414861530833,0.0003278462950930816,-0.011733067221939564
2025-11-20 00:00:00+00:00,-0.05429914313161177,0.003418397847380232,0.0008955677029331431,0.0013068553166569422,-0.00468399893512693,0.002138556524521596,-0.009920573317662208,0.0005817329404310492,0.0011731496518926322,-0.010056173311892017,-0.003081364194900615,0.0012147061138493,0.0012438590244918226,0.00783465562853315,-0.003907370349669771,0.015838770614420523,0.001675070050423372,-0.001481181185951641,-0.007913142735291255,0.0004155862254357042,-0.009768585387392479,-0.0036797633642716735,2.429326251274233e-08,-0.000843549606853955,-0.010146272977477448,-0.022433855657833988,0.0,0.02323039958458468,-0.010126620887800692,-0.006252610447211148,-0.0037718063262511693,-0.0037695281185953157,0.001032608779658183,-0.010673909033257148,-0.009920573317662208,-0.00990611039743175,0.006380214018601525,-0.008930383774981766,-0.0030519691653186323,0.00032143208446555604,0.008075897581875324
2025-11-21 00:00:00+00:00,-0.01795049047228936,-0.0020673762306904504,0.0016794136130898235,0.002002091509836947,-0.004940096164403758,0.0008084904434289491,-0.010668250779017438,0.0005817329404310492,0.0011731496518926322,-0.01045700075148391,-0.0023489612413972196,0.0012147061138493,0.0012438590244918226,0.021604562956540178,-0.006504720300725681,0.024826205679929055,0.001675070050423372,-0.000855580260575195,-0.007546609488350734,-0.005213632747152654,-0.010062758299455361,-0.00254463349633935,8.202176715599307e-08,-0.0003817285998923836,-0.005039942689348471,-0.021359545373306907,0.0,0.024189696133193977,-0.010003091146338837,-0.00331945977016103,-0.0026359411253216863,0.0008482551582902983,0.001032608779658183,-0.008817383612482058,-0.010668250779017438,-0.01063979785504516,-0.004626000507757744,-0.012943809884785587,0.0003638749486003619,0.00040516645741028867,0.024774201214313507
2025-11-22 00:00:00+00:00,-0.005211872393680039,0.0014110396407409046,-0.0002363140003614067,0.0014808338555162782,-0.00421304589977244,0.0019862658941552976,-0.009281255994359427,0.0005817329404310492,0.0011731496518926322,-0.009162755034798926,-0.0027823435541599367,0.0012147061138493,0.0012438590244918226,0.012166274040503104,-0.007636194463685091,0.014204491175508833,0.001675070050423372,-0.0021195638198072686,-0.007635222263922341,-0.0027612860508216446,-0.008679244610358869,-0.001449367626467096,2.7115289569223933e-08,-0.0013785890697803893,-0.0019253223394995033,0.003458650454022505,0.0,0.026364760632085496,-0.008001593958386757,-0.01022492185800653,-0.001577752377515132,-0.0018922859571176343,0.001032608779658183,0.009233787714499451,-0.009281255994359427,-0.009255375369362316,-0.007260978519218413,-0.013386975227275062,0.005388758843839157,0.0002600712977685049,0.0054471720941364765
2025-11-23 00:00:00+00:00,0.02515858657899983,-0.006823458271422804,-0.0004999501626393708,0.0011949126864677522,-0.0053862071434156965,0.002677457925148759,-0.013912816147450671,0.0005817329404310492,0.0011731496518926322,-0.013261924206978176,-0.0029794053293934154,0.0012147061138493,0.0012438590244918226,0.007065760485053541,-0.010336745900950253,0.015324080615821812,0.001675070050423372,-0.00253687922140422,-0.010113309064260133,-0.0004050971129600971,-0.012355834469298683,-0.004740309357650355,7.872850815715537e-09,-0.0017356707263616045,-0.002923957088884385,-0.008437298625338086,0.0,0.024003645364308906,-0.011194514779220326,-0.005873342142316651,-0.0048274649578680055,-0.004147237799391376,0.001032608779658183,-0.011114938368047124,-0.013912816147450671,-0.013866728220446224,-0.024154597379200546,-0.012664135110511959,-0.0011745807697061878,0.0005551893676045694,-0.0008895171340554953
2025-11-24 00:00:00+00:00,0.016742357810839437,0.0010737804843552073,-6.759154412870356e-06,0.0006423875395804096,-0.004509880231604502,0.0014068164407482113,-0.011161731701691508,0.0005817329404310492,0.0011731496518926322,-0.011033749574447766,-0.002803906696578872,0.0012147061138493,0.0012438590244918226,0.005495614251966229,-0.004729105904113004,0.02104693757412527,0.001675070050423372,-0.0031128285783807996,-0.009232904492797834,0.0021196225777159643,-0.01031087773487124,-0.0040469260135347455,-3.800336578763108e-08,-0.002234390289485688,-0.0040910456906991695,-0.0013113133058017326,0.0,0.025664119785646054,-0.009395342473968683,-0.0054487260810993825,-0.004145035984698592,-0.0042460278869804885,0.001032608779658183,-0.004393503436454267,-0.011161731701691508,-0.011139785053502759,-0.011922462772780732,-0.009318790562026296,-0.00039370993383848517,-0.0003486896082254276,0.009939854964613914
2025-11-25 00:00:00+00:00,-0.010576476956753567,0.0005819080004864683,0.0010164296108315552,0.0007102312631786772,-0.00398600947918364,0.0005046286691970255,-0.00990411661539738,0.0005817329404310492,0.0011731496518926322,-0.01010422243724668,-0.0034810895686514425,0.0012147061138493,0.0012438590244918226,-0.004911686847392687,0.002655858155769868,0.004586513280755186,0.001675070050423372,-0.0025852388973248708,-0.008808321511627255,-0.0018767888591101883,-0.009486707986952022,-0.003924809385556943,-2.529027476327883e-08,-0.001886693513817761,-0.005443306938323159,-0.0017371012879122782,0.0,0.012813149644699881,-0.008584446830200956,-0.0019083514210688592,-0.004006406010282336,-0.00650125253967233,0.001032608779658183,0.0012629436806748748,-0.00990411661539738,-0.009894141557371335,0.01777214625974157,-0.00701382562368185,-0.003752852755712454,-0.0007556405099382602,-0.013762874528765678
2025-11-26 00:00:00+00:00,0.0357225879133356,0.0008756913118866346,0.0019340456419567563,0.0011816814965806097,-0.004694138037802734,-0.0008119387830510954,-0.011732944882926276,0.0005817329404310492,0.0011731496518926322,-0.011694155556744853,-0.003541630535827288,0.0012147061138493,0.0012438590244918226,-0.0038539993750846793,-7.374128236538953e-05,0.0032502345606425275,0.001675070050423372,-0.0017700624688767874,-0.009200644739417126,-0.0019369505491466945,-0.010958625297246826,-0.004820166899214304,1.597629051275362e-08,-0.0013062970616832814,-0.00940626978033104,-0.018739067112956507,0.0,0.02658558942062609,-0.01037846456306365,-0.0026431555461866097,-0.004888361120635372,-0.007270751972843267,0.001032608779658183,-0.007265041431276523,-0.011732944882926276,-0.011717632909342766,-0.01097829064825559,-0.00732925817462104,-0.006071049516363579,9.704518742914559e-05,-0.012673215940594673
2025-11-27 00:00:00+00:00,0.008437806108496204,-0.002320793028530149,0.0004197228281996934,0.00046183619103926554,-0.003831223263430334,-0.0008596417714334204,-0.009231359120731562,0.0005817329404310492,0.0011731496518926322,-0.009362787109928064,-0.0034036433996829296,0.0012147061138493,0.0012438590244918226,0.0001011742734672393,0.0025807965836670294,-0.002719400329377202,0.001675070050423372,-0.002701080578409787,-0.008390837590126264,0.0033803484644287607,-0.008737059906163455,-0.004532248981048387,-5.396083579967126e-08,-0.002073595446468346,-0.014076260808232184,-0.018868608803174643,0.0,0.031248190077923146,-0.008669424805769052,-0.000217724213731111,-0.0046315360885835054,-0.005077868874340081,0.001032608779658183,-0.0038402283348904203,-0.009231359120731562,-0.009228920179068074,0.002147141423549613,-0.003521367140510498,-0.0022960137936583096,-6.955399210006874e-05,0.0012859795242547989
2025-11-28 00:00:00+00:00,-0.004018666774420865,-0.0038024995404722134,0.0012616855250334887,0.0008263921794946381,-0.002296278842285317,-0.0016395400517564798,-0.005929602514058868,0.0005817329404310492,0.0011731496518926322,-0.006292358256495981,-0.0036817375976886035,0.0012147061138493,0.0012438590244918226,-0.016388945662563877,0.011089502909670194,-0.013689166023508961,0.001675070050423372,-0.0017146846362887658,-0.006247431765309182,-0.006868486114818449,-0.006017986438895029,-0.003174733688433075,-1.2745834609972917e-08,-0.001357898360829779,-0.01755565792505702,-0.010138469779288221,0.0,0.011066037753410793,-0.005828327259755243,0.0005634907047890665,-0.003224016168661151,-0.006825143993599543,0.001032608779658183,0.0029006394865609617,-0.005929602514058868,-0.005923304256357545,0.003743751321464165,-0.0024638039728813095,-0.0027721158089467094,-9.54893188076511e-05,-0.016344979405403137
2025-11-29 00:00:00+00:00,-0.0007427786269449399,-0.0017187632082571332,0.0018715062762153683,0.001086388107413143,-0.0031578926303073877,-0.002534497977031539,-0.011240439197329689,0.0005817329404310492,0.0011731496518926322,-0.010415429975355852,-0.0035743913228714255,0.0012147061138493,0.0012438590244918226,-0.009776702707566,0.0073132316850002994,-0.016857317000394334,0.001675070050423372,-0.0012938868502612166,-0.008717729136108692,0.0006535892696189609,-0.009455622592664976,-0.005420310878344836,6.0703904125603e-09,-0.0010690764483314297,-0.021234981778482598,-0.015398839946650845,0.0,0.010462660947968392,-0.008085832305543994,-0.00837309699200221,-0.0054311736461873554,-0.004575878824908892,0.001032608779658183,-0.0056803273403863465,-0.011240439197329689,-0.01118930281477211,-0.01779874575885276,-0.0026016359432310737,-0.003711479731072894,-0.00043589820842449,-0.0062604681588709354
2025-11-30 00:00:00+00:00,-0.0050477925731335915,-0.0019214594123248226,0.0010003361221392016,0.0010660459217350135,-0.0036026165515572967,-0.0016831224181344038,-0.011567508302777942,0.0005817329404310492,0.0011731496518926322,-0.011054513512913401,-0.003748213564353858,0.0012147061138493,0.0012438590244918226,-0.013370102572180687,0.0038021533772710993,-0.013236443641918323,0.001675070050423372,-0.0013475261395878846,-0.009127412982564882,-0.0025537937900560023,-0.010129906411580333,-0.0051794946217892665,1.1220162576819348e-09,-0.0011369172915074444,-0.02368109052981167,-0.005434643424334576,0.0,0.002612666649822545,-0.009040395847984238,-0.008122172541982454,-0.005214157187103311,-0.004985756582265196,0.001032608779658183,-0.0084717063939052,-0.011567508302777942,-0.011530289363750676,-0.006149397362709771,-0.002437504501909695,-0.0035890213432648228,-3.751823765796303e-05,-0.006301055196672678
2025-12-01 00:00:00+00:00,-0.04610183805407608,-0.0017187632082571332,0.0008833558577195431,0.0011361502780763782,-0.004338342553562086,-0.002922557562210279,-0.012255345707973177,0.0005817329404310492,0.0011731496518926322,-0.01193894351878768,-0.0042542195358099945,0.0012147061138493,0.0012438590244918226,-0.01814491108679514,-0.0017739057352141778,-0.019610951174066093,0.001675070050423372,-0.0012307237893320888,-0.008949750047021853,-0.004813502268426447,-0.011145521908698866,-0.005391240651719528,7.624960218777233e-09,-0.0010698579528778396,-0.025219676108239247,-0.0043463065232218455,0.0,0.005865832407853967,-0.010854752603496847,-0.009431963033472148,-0.005424900627888482,-0.0048223104344897825,0.001032608779658183,-0.017159914463144993,-0.012255345707973177,-0.012228398920273373,-0.02047522999499971,-0.0026686949797521033,-0.00623602906187644,0.0005764607223710527,-0.011956382542848587
2025-12-02 00:00:00+00:00,0.05662099387030395,-0.0036277443373295,0.0015592935614262148,0.0018403347521584788,-0.004617536835126562,-0.0023455928249565606,-0.010740229778756022,0.0005817329404310492,0.0011731496518926322,-0.01079422162768627,-0.003684854170531448,0.0012147061138493,0.0012438590244918226,-0.013714572359660062,-0.007398388448241111,-0.010966789202528084,0.001675070050423372,-0.000450624422997592,-0.007118835390361249,-0.003038748024423567,-0.0103728828755201,-0.002960001718706899,6.963927923209212e-08,-0.00047893990570813116,-0.022654832224754225,-0.001097217917192298,0.0,0.023988456163153843,-0.010756397940845458,-0.005407057942897247,-0.0030068281729955593,-0.005191983432646063,0.001032608779658183,-0.004073133909677782,-0.010740229778756022,-0.010727523608126234,-0.012640472320864418,-0.006510904564440319,-0.0035029530959885488,0.0007888025731404014,-0.003919743001461029
2025-12-03 00:00:00+00:00,0.0235582620118322,-0.006712141082784429,-0.0011064843994937025,0.00019709195617709945,-0.0037451083077274065,-0.0035817838254114764,-0.007921750242413608,0.0005817329404310492,0.0011731496518926322,-0.008348845137601781,-0.0037847884713337145,0.0012147061138493,0.0012438590244918226,-0.014172784154534036,-0.006821257771055002,-0.015001265831007719,0.001675070050423372,-0.002913697576381935,-0.006991604377235729,-0.0037271096313340147,-0.00801848243429851,-0.0029924127561068705,-8.552890307100824e-08,-0.0024097897841635074,-0.026630299494147813,-0.015832524561692075,0.0,0.01806015071341933,-0.008965334556952134,-0.007849365682210296,-0.0031071772802994447,-0.0038578208772071143,0.001032608779658183,-0.010340612142186666,-0.007921750242413608,-0.007933190239378793,0.009241974777850949,-0.000926816037890609,0.0019726655482641387,-0.001344043104065662,-0.011847185902297497
2025-12-04 00:00:00+00:00,-0.014931972865932508,-0.003290935879896928,0.0006986994256726114,0.0005347880163915992,-0.004106361291706783,-0.005258537801567327,-0.00899411792367015,0.0005817329404310492,0.0011731496518926322,-0.0095519891848258,-0.004390880973894862,0.0012147061138493,0.0012438590244918226,-0.01364827475990514,-0.008992533623074016,-0.01169340512432859,0.001675070050423372,-0.0016213971556613416,-0.006952199968031531,-0.004878222940260708,-0.009405713199489189,-0.0048333796992322655,-3.558613137499833e-08,-0.001454250682103364,-0.031987159510492406,-0.009772161094716405,0.0,0.0032902382595152877,-0.010765689874464357,-0.008907100106999027,-0.0048687082569527865,-0.006334535175972115,0.001032608779658183,-0.021049712127107406,-0.00899411792367015,-0.009004473826143696,0.003157575281790354,0.0012387363079203262,-0.013666547631698823,-0.0004917034461602299,-0.003770249430090189
2025-12-05 00:00:00+00:00,-0.030343059975676212,-0.001883330434000101,0.0027948027696547083,0.0012317054149826054,-0.0036463146666549495,-0.007558278579260315,-0.00798841386869616,0.0005817329404310492,0.0011731496518926322,-0.00818387986755233,-0.00494825535428103,0.0012147061138493,0.0012438590244918226,-0.002901284800437104,-0.007396968797746796,0.0016729444201919528,0.001675070050423372,-0.0005218114382543604,-0.006040884440671477,-0.0014702622418466423,-0.008079387072022498,-0.003800602262509243,2.2555481038466496e-08,-0.000635953006456802,-0.029525999253124317,-0.009503769843087666,0.0,0.027723786840745644,-0.009425101543290666,-0.007530566452478335,-0.003846097696733744,-0.005722284409227544,0.001032608779658183,-0.0225148636345454,-0.00798841386869616,-0.007985208588413374,0.010092518240495714,-0.00019195233571057602,-0.006383738502582776,0.0006723189306878652,-0.010327911004424095
2025-12-06 00:00:00+00:00,-0.0012916460625564952,-0.013140988770171474,0.0015916278827374651,0.0015865600704372026,-0.003827610607243746,-0.007306710581933908,-0.008850238486114301,0.0005817329404310492,0.0011731496518926322,-0.008630131247834249,-0.005129751388632038,0.0012147061138493,0.0012438590244918226,-0.006138647416846955,-0.007234098140327345,0.00235656530435977,0.001675070050423372,-0.00034088108305319054,-0.006385239025000291,-0.0027327735855900664,-0.008370008706147198,-0.0034267446733524725,4.583483281805911e-08,-0.0005037077810357005,-0.026492914777009526,-0.0032225418806320952,0.0,0.011559695555822355,-0.009254971803573417,0.0006014495371499708,-0.0034926229638504377,-0.005817794820428818,0.001032608779658183,-0.012542393787561739,-0.008850238486114301,-0.008830899380954379,0.013110365263414922,-0.0028592885871243597,0.0015910014046969343,0.0006044771274229532,-0.0013994092587381601
2025-12-07 00:00:00+00:00,0.012614572226015142,-0.01275920444351799,-7.5437402415529965e-06,0.0011428444322381204,-0.003964033405205856,-0.006487552229084391,-0.010276406117112304,0.0005817329404310492,0.0011731496518926322,-0.0096192636864929,-0.005178459611321224,0.0012147061138493,0.0012438590244918226,-0.005157570010074303,-0.007779818041294786,0.0034060503006147548,0.001675070050423372,-0.0012256686217693158,-0.007252040821935342,-0.002402550170557638,-0.00910821355079475,-0.004218555233065539,1.951168115965629e-09,-0.001193901318087498,-0.02719157141124052,-0.017075694096101407,0.0,0.006412778148263024,-0.009494373477856283,0.0022264420401692177,-0.004282546766914084,-0.00594734834543372,0.001032608779658183,-0.010030403572348164,-0.010276406117112304,-0.010240944950301372,-0.0210030105999853,-0.002720916788949227,0.003310486705576007,-0.00039096523313197906,-0.001380677567794919
2025-12-08 00:00:00+00:00,0.0025911959798126105,-0.0022652798045441264,3.037842671131121e-05,0.0008476311739500516,-0.003717124320313116,-0.006950157860359444,-0.01016375804540941,0.0005817329404310492,0.0011731496518926322,-0.009622499030837752,-0.005617185045509164,0.0012147061138493,0.0012438590244918226,-0.017757313577550286,-0.005874179405097393,-0.022927995411299147,0.001675070050423372,-0.0014962267791869266,-0.0076425058098112675,-0.0010106765059667698,-0.009088025699550667,-0.004619929597821591,-1.9054976263532808e-08,-0.0014220666871604948,-0.02751651322954002,-0.013811543112863067,0.0,0.0006821799208429159,-0.009102070202051196,-0.006370317889099935,-0.004671486400370953,-0.007239542984336671,0.001032608779658183,-0.015974913081637183,-0.01016375804540941,-0.010130427385274041,-0.003590796169831855,-0.0013646988422583585,0.0010674865223420863,-0.00032473440784031027,-0.016255158931016922
2025-12-09 00:00:00+00:00,0.02238119269819805,-0.001883330434000101,0.0010818492756491022,0.0009774018309531157,-0.002587063176807658,-0.007656644108711461,-0.007929173260371025,0.0005817329404310492,0.0011731496518926322,-0.007530341315445368,-0.004560095485020997,0.0012147061138493,0.0012438590244918226,0.0013626015683801322,-0.00241529280480957,5.8453587947447344e-05,0.001675070050423372,-0.0011210823966276706,-0.006472997615959488,-0.004883813580375239,-0.00712866545293716,-0.0032305807374760883,-3.914166768481664e-09,-0.0011565935111370607,-0.023319147288047837,-0.013121175630934734,0.0,-0.009994475677774438,-0.006639735091084158,-0.004656764135529309,-0.0032625530872484243,-0.0036252389514636494,0.001032608779658183,-0.013144279550587666,-0.007929173260371025,-0.007893053907333183,0.002702188700324429,-0.0010150722291616039,0.002345141295040027,0.0003639743779775273,-0.0017152924556285143
2025-12-10 00:00:00+00:00,-0.007262832846635092,-0.0016063309701794405,0.0008288433752577636,0.0006600285419680085,-0.0047622252817691195,-0.005629280599801733,-0.01446540609826416,-0.021909720776729813,0.0011731496518926322,-0.013339700343411042,-0.005260415747693186,0.0012147061138493,0.0012438590244918226,-0.014696334313981221,-0.005288694293854831,-0.018191711996867126,0.001675070050423372,-0.0014267488692230046,-0.009899834309603646,-0.008445533459122051,-0.012393018535413452,-0.008166587360293846,-3.3807982191547126e-08,-0.0014189198795033775,-0.025860613316346134,-0.016699148029877115,0.0,-0.008005909487932105,-0.01233893550983712,-0.012089836579362667,-0.008185934944859207,-0.009738755484975709,0.001032608779658183,-0.03900937810842225,-0.01446540609826416,-0.01440912453051788,-0.016705421390404467,0.0010541682592758279,-0.004776015583547002,-0.00022437863189317397,-0.013762339018285275
2025-12-11 00:00:00+00:00,0.005314970108146966,-0.001883330434000101,0.0015276700548106131,0.0011188314668899011,-0.004036059538725902,-0.007195991341957307,-0.008884644482594545,0.0005817329404310492,0.0011731496518926322,-0.009026799233047476,-0.004434244641726534,0.0012147061138493,0.0012438590244918226,-0.011281299758513422,-0.007201088933635769,-0.023866481043173838,0.001675070050423372,-0.0005663636764747793,-0.006308975402949281,-0.0036763230977546516,-0.00890001984111813,-0.004960677185897899,1.0970842012625326e-08,-0.000773905496057381,-0.019280554785009927,-0.013328665841901862,0.0,0.004421072598779441,-0.010508870012116872,-0.0094303460187931,-0.0049971309389226955,-0.004961093630874709,0.001032608779658183,-0.023609018768400068,-0.008884644482594545,-0.008876890330040155,-0.0034021146643916293,0.0003181858014512266,-0.005800901537169766,-0.00031310041962129276,-0.01581268571317196
2025-12-12 00:00:00+00:00,-0.024521421452146086,-0.0034367037464532297,0.0011188792754082732,0.0009679148986234361,-0.0032149598206602324,-0.0055641333298489595,-0.005977558497798022,0.0005817329404310492,0.0011731496518926322,-0.0064247140583647425,-0.0034070256055816115,0.0012147061138493,0.0012438590244918226,-0.007473987654362495,-0.004186317256642274,-0.011759653833628066,0.001675070050423372,-0.0008462001887696857,-0.0050444569323491294,0.00024637846025501575,-0.006504404883510465,-0.0034083343900230675,-8.028527176406897e-09,-0.001004428806531621,-0.016719294920428236,-0.02283934244764722,0.0,-0.021621010861466054,-0.008432212587749477,-0.0065405872087188135,-0.0034789942286210774,-0.0035623256558381276,0.001032608779658183,-0.011866158220217695,-0.005977558497798022,-0.005982799702779861,0.021677288952266255,0.0007598851472563991,0.0009639241152125636,-0.00021207801964173711,-0.004268556833267212
2025-12-13 00:00:00+00:00,0.00031341875563306587,-0.0022652798045441264,0.0012699618194388189,0.0014524404935522888,-0.002951090858012058,-0.003151250474361584,-0.006092595461461719,0.0005817329404310492,0.0011731496518926322,-0.006369088164654388,-0.004431221591893964,0.0012147061138493,0.0012438590244918226,-0.008863562265364625,-0.002289772671279617,-0.010668556832566234,0.001675070050423372,-0.00019129685478525005,-0.004933937707394918,-0.0002066263424145646,-0.006413800550881995,-0.002587935148124154,3.704089301947988e-08,-0.0005036461431107142,-0.014817930936724275,-0.023759450067256622,0.0,-0.0005266298108265351,-0.007566261550634909,-0.002914394337887301,-0.0026406816616545534,-0.006223133053996897,0.001032608779658183,-0.00853530524303413,-0.006092595461461719,-0.006083058549652085,0.026487866745903862,-0.0014766888607357588,0.0009630555743703111,0.000801908596388401,-0.01142464205622673
2025-12-14 00:00:00+00:00,-0.023797671017916855,-0.013190555775579272,0.0005008537534080768,0.0010975805724487526,-0.003768987629643422,-0.003989181956229748,-0.009284013935969865,0.0005817329404310492,0.0011731496518926322,-0.009107569028938712,-0.00478228772762214,0.0012147061138493,0.0012438590244918226,-0.012078064336885196,-0.003051226403185159,-0.0045289229570768365,0.001675070050423372,-0.0009197481887657233,-0.0072537403931259795,-0.0038327083425840278,-0.008729810501392442,-0.00429764761457216,-4.733795577749333e-10,-0.001071887270938987,-0.017249783372619915,-0.030067433059944037,0.0,-0.02678744922184528,-0.009336859527340818,-0.0011665992938196508,-0.004371879420529257,-0.0070692168758186265,0.001032608779658183,-0.01350674003412392,-0.009284013935969865,-0.0092604224170841,-0.015869497924433443,-0.0013186387304832032,0.0014125439797237176,0.0001539486626729314,-0.012249305844306946
2025-12-15 00:00:00+00:00,-0.020108914713087955,-0.0020673762306904504,0.0008003369686002461,0.0014576946596919825,-0.00419309760420457,-0.005590974883958544,-0.009837463755594043,0.0005817329404310492,0.0011731496518926322,-0.009717570665640076,-0.004997492590371832,0.0012147061138493,0.0012438590244918226,-0.014737217994794173,-0.005691515837305821,-0.015284613162638606,0.001675070050423372,-0.0004428306404680171,-0.006844605767563799,-0.0054289602543864625,-0.00943313415014534,-0.0038975710465633953,3.5947641308098355e-08,-0.0007077144172367156,-0.016614518232717347,-0.017724686726277885,0.0,-0.02359521153867459,-0.010138085346351246,-0.0055746195631760954,-0.00394886374183101,-0.007685361870520347,0.001032608779658183,-0.01582761016547503,-0.009837463755594043,-0.009813543589299475,-0.013518015957516375,-0.0033073352668390875,-0.0021302865984361807,-3.850021732176856e-05,-0.013164207339286804
2025-12-16 00:00:00+00:00,0.01634573693507768,-0.011930457768085694,0.0007587896749623926,0.0014438792691610967,-0.004047170225544432,-0.003451355023827259,-0.010324663076874456,0.0005817329404310492,0.0011731496518926322,-0.009660840165612639,-0.004616401365673371,0.0012147061138493,0.0012438590244918226,-0.013888406104415812,-0.009062547654320187,-0.017679701588317935,0.001675070050423372,-0.000751864337996011,-0.006642355023542941,-0.0034821128645380482,-0.00924473419338015,-0.0037475719525236336,3.0375634452184386e-08,-0.0009504450947837029,-0.014976315223431843,-0.023123568451671572,0.0,-0.013831235583559268,-0.009615996308087273,-0.00440081272155552,-0.0037911836141155744,-0.007805267445906643,0.001032608779658183,-0.007266490705358687,-0.010324663076874456,-0.0102803110069859,-0.012231179469870656,-0.004793828057617221,0.003742230418271499,0.00018208423075449787,-0.02208033576607704
2025-12-17 00:00:00+00:00,-0.01954483304085386,-0.01181913800356431,-0.0002809666521435151,0.0008251239455951765,-0.004575244130282199,-0.0027923990226746058,-0.011037510035525347,0.0005817329404310492,0.0011731496518926322,-0.01083256901435099,-0.004998508727126309,0.0012147061138493,0.0012438590244918226,-0.018776381292375823,-0.011433052487525276,-0.021156284399630243,0.001675070050423372,-0.0016667067440927497,-0.007758541912159458,-0.0011625636117532335,-0.010347438614248843,-0.004797472760422612,-2.4691054534287105e-08,-0.0016714748122481637,-0.016659461730612297,-0.03152245145706094,0.0,-0.02218391356978904,-0.011034255313678026,-0.007709066927388559,-0.004858166633408876,-0.007651938718653041,0.001032608779658183,-0.010397852777674488,-0.011037510035525347,-0.011018255632783554,-0.007472469427190995,-0.0029242058119967915,0.0010048491986855458,0.000173822873177798,-0.019221540540456772
2025-12-18 00:00:00+00:00,-0.007939728497769138,-0.0015577859103625123,0.001145402784238532,0.0013489528354181381,-0.00390591745297433,-0.0010875996662289842,-0.007814460624998323,0.0005817329404310492,0.0011731496518926322,-0.008321136560475628,-0.003424897843137165,0.0012147061138493,0.0012438590244918226,-0.012422394341316726,-0.010526661402567953,-0.01873421411120739,0.001675070050423372,-0.0007640784033640102,-0.005587596527906677,-0.000457041801301704,-0.008285414469295947,-0.0025834552388471297,2.9523468114689422e-08,-0.0009914402503099495,-0.014168214797031961,-0.023404784570086098,0.0,-0.005800255911707837,-0.009361707671154025,-0.004711725096348555,-0.0026293555623326656,-0.004601781691327649,0.001032608779658183,-0.003919251012248078,-0.007814460624998323,-0.007818542089107578,-0.019341751829642734,-0.004394692326036605,-0.0016164815817248874,0.00043946927102389566,-0.014871555380523205
2025-12-19 00:00:00+00:00,0.03043315496840826,-0.010956953917510278,0.0009693193354444472,0.0012232732549182753,-0.004291422904410379,-0.0015656265478168362,-0.009124387873769946,0.0005817329404310492,0.0011731496518926322,-0.00928766040135932,-0.0036642118246156294,0.0012147061138493,0.0012438590244918226,-0.012636470727940158,-0.012240913613993026,-0.016250754343702954,0.001675070050423372,-0.0011550465275451671,-0.006291811669988772,-0.0002218178090791428,-0.009047278487208474,-0.0034434580222850843,1.1993424919864992e-08,-0.0013084514710950401,-0.01399080075205649,-0.02500401927176576,0.0,0.021045530267526744,-0.010171363157397488,0.0007015955625120402,-0.003505544820357891,-0.004713125169877884,0.001032608779658183,0.0003515352282507638,-0.009124387873769946,-0.009120207911896371,-0.001121487359947839,-0.0047085667134382095,0.0029687277034149257,-0.0002806923492872926,-0.0154002346098423
2025-12-20 00:00:00+00:00,0.002727355122150499,-0.0035426848310628973,-0.00018454740147115056,0.000556958528301822,-0.003167021298247757,-0.0008957837490124647,-0.0084434996439905,0.0005817329404310492,0.0011731496518926322,-0.008072649605100634,-0.00359425922203687,0.0012147061138493,0.0012438590244918226,-0.004306543951872063,-0.009640533591748409,-0.0040276159493277675,0.001675070050423372,-0.001960072024203896,-0.005976709917776086,0.003198574897285254,-0.007659202083052068,-0.003866066037796669,-4.597087333024774e-08,-0.001954354489775767,-0.014978090172276373,-0.0141225342212195,0.0,0.024533088338599147,-0.008020053940851687,-0.009143308128723122,-0.003890810732709868,-0.004115625723387799,0.001032608779658183,-0.0016705620945774834,-0.0084434996439905,-0.008418039465771729,0.004854771077453978,-0.0016003722185780958,0.0035469072147117633,-0.000612445780415527,-0.004027688875794411
2025-12-21 00:00:00+00:00,0.0031390280669274517,-0.00286667063600136,0.001305186215632004,0.0009358643090094448,-0.0035716404297120117,0.00015672970788602604,-0.01099651483370518,0.0005817329404310492,0.0011731496518926322,-0.010205708578236987,-0.0031829718866262374,0.0012147061138493,0.0012438590244918226,-0.004627984333903145,-0.010275714723249547,-6.809529367474345e-05,0.001675070050423372,-0.0010449210002754228,-0.006806072361927146,0.002337946043651556,-0.00954708722218635,-0.005319707691496537,-4.119883101338928e-09,-0.0012751614750339257,-0.01696891311591144,-0.0076577639210045675,0.0,0.0016848737808936509,-0.009326555378263424,-0.01018104614995433,-0.00528358675567628,-0.0040532900033661305,0.001032608779658183,-0.00978026899052816,-0.01099651483370518,-0.01095231724934935,-0.03529718715124351,-0.0012178548552063463,-0.003932085336367377,0.0003364336413014257,-0.0033367665018886328
2025-12-22 00:00:00+00:00,-0.001487584958889343,-0.0015577859103625123,0.0015249654880641248,0.0009800405718757644,-0.003116942758275884,-0.0021681607349865314,-0.00987317263572685,0.0005817329404310492,0.0011731496518926322,-0.009159418313700578,-0.003353646652520431,0.0012147061138493,0.0012438590244918226,-0.009516928551318705,-0.008917200778077785,-0.009962170612288072,0.001675070050423372,-0.0009605904587726144,-0.006485662570399009,0.001726805883995275,-0.008499500145509445,-0.004632384326385721,-4.7416737203320736e-09,-0.0012314904231001123,-0.015032257156527767,-0.004949725176077309,0.0,0.010714340471888469,-0.00820288175834416,-0.010312718071914343,-0.004616136077430707,-0.004438241322692835,0.001032608779658183,-0.005975799763962458,-0.00987317263572685,-0.009832990114920599,0.009393632696561923,-0.000832758510978961,0.0026238086677177874,8.663661728469663e-05,-0.009237198159098625
2025-12-23 00:00:00+00:00,-0.012234274952954038,-0.0015577859103625123,0.0010409751306213843,0.0010642954223010035,-0.003189058424635325,-0.0014933797472808383,-0.010941278686686484,0.0005817329404310492,0.0011731496518926322,-0.010057628142326532,-0.00375782958785166,0.0012147061138493,0.0012438590244918226,-0.01599682565205449,-0.008054740142469773,-0.016237108021397665,0.001675070050423372,-0.0008023819007707544,-0.007294253439274813,0.002034030710823907,-0.009238500960153495,-0.005115650155459455,2.2470683092024046e-09,-0.001123271444262386,-0.014673273116856022,-0.004014292167197932,0.0,0.006486954918930251,-0.008438196886893175,-0.00977392976862144,-0.00509372463974796,-0.00500745179744263,0.001032608779658183,-0.007667411807509421,-0.010941278686686484,-0.010892124133239459,-0.00669517618376113,-0.0008909770277972668,0.002383414309985972,-0.00036455939070911825,-0.015770716592669487
2025-12-24 00:00:00+00:00,0.002262076104063482,-0.0017187632082571332,0.0011375094736981203,0.0012575246420753249,-0.00432264883328246,-0.0003621880926330738,-0.013128767611384616,0.0005817329404310492,0.0011731496518926322,-0.012430826876566478,-0.004055638463263999,0.0012147061138493,0.0012438590244918226,-0.018048572596176937,-0.010983610531931491,-0.016794700380888584,0.001675070050423372,-0.0005806128936054478,-0.00869467647189238,-0.0004871757842573943,-0.011504150242041494,-0.006004159087219267,1.848052377795284e-08,-0.000960716363236358,-0.01620015524374672,-0.004033073309234712,0.0,0.012442742053634395,-0.010909560248607751,-0.009018745874486596,-0.00600073255795437,-0.005089498678197788,0.001032608779658183,-0.007729600773924079,-0.013128767611384616,-0.013090497980318356,-0.02266152916762794,-0.0018946530517983053,-0.0007374709122676614,5.244516681912614e-05,-0.01862305775284767
2025-12-25 00:00:00+00:00,-0.004314857855627352,-0.008191386891016752,0.0005777117941535514,0.0010382964412654053,-0.0033619788964281035,0.00021996618905754462,-0.009768804153195105,0.0005817329404310492,0.0011731496518926322,-0.009460802143182175,-0.003949770074511789,0.0012147061138493,0.0012438590244918226,-0.01861360271968088,-0.01022094041542055,-0.017436101775950723,0.001675070050423372,-0.0009722573611341545,-0.006859929367368144,-0.002152084147370854,-0.008863966551402438,-0.004270127526680483,-3.416957383706176e-09,-0.001272238974612705,-0.013026491435803466,-0.016791217645684104,0.0,-0.0004564869885920859,-0.008740272462350738,-0.008250338573924744,-0.004282458779513691,-0.004897414930129391,0.001032608779658183,-0.009244446608684764,-0.009768804153195105,-0.009744234507743648,-0.014391183277562555,-0.0015272614730573245,0.005000441615013864,0.0003612716179990372,-0.018786683678627014
2025-12-26 00:00:00+00:00,0.0007641682813233075,-0.0016063309701794405,0.0007628163258735503,0.0011200019821470855,-0.0036228471644056126,-0.002160412175147379,-0.010545489408672306,0.0005817329404310492,0.0011731496518926322,-0.010303168667565091,-0.003797608890751249,0.0012147061138493,0.0012438590244918226,-0.01288813013671142,-0.011453827908393794,-0.010633943281655319,0.001675070050423372,-0.0008003410889170226,-0.007107068275984006,-0.0022796396557111065,-0.00968273389747803,-0.004437421710161334,6.517815620554757e-09,-0.0011498944306147507,-0.01112268391968376,-0.010929032709644113,0.0,0.0033059884673012556,-0.009462293514956517,-0.0111459935567846,-0.00443388506497076,-0.004859640124865171,0.001032608779658183,-0.012866382220352036,-0.010545489408672306,-0.010522329229315792,-0.0008978670283566496,-0.0017741359029414218,0.0022587912321437725,0.0002120840389885359,-0.015499450266361237
2025-12-27 00:00:00+00:00,0.005719219565875733,-0.0020673762306904504,0.0008415230707483566,0.0010450821788481944,-0.004305350771961279,0.00035689380497479196,-0.011744842989780992,0.0005817329404310492,0.0011731496518926322,-0.011423102342782737,-0.004171979094507628,0.0012147061138493,0.0012438590244918226,-0.01685352428325245,-0.011594702205080814,-0.01621659414944134,0.001675070050423372,-0.000915699000398007,-0.007463483289328979,-0.0031584790935730313,-0.010824555403456657,-0.00586775642016719,-1.1543068723085526e-09,-0.0012508547357086286,-0.0124850724126946,-0.021301907340819153,0.0,0.0033268443760352,-0.01141382560010875,-0.010371994140031041,-0.005866542681288843,-0.004554304056582742,0.001032608779658183,-0.01212586367583631,-0.011744842989780992,-0.011721218569602744,0.005922911543092466,-0.0015499034318863087,0.0001735359326868538,-0.0003996584814593973,-0.015364212915301323
2025-12-28 00:00:00+00:00,0.0003835125589102262,-0.0016063309701794405,0.0007253701374408855,0.0009511198548601848,-0.0035281585371289056,-0.002428448729654184,-0.00817935073806925,0.0005817329404310492,0.0011731496518926322,-0.00845528785583205,-0.003600903190015649,0.0012147061138493,0.0012438590244918226,-0.011891880249047394,-0.010979672897361095,-0.011570839315665007,0.001675070050423372,-0.0009767940609499703,-0.005587355304610924,-0.005356975491215484,-0.00828798250535891,-0.004373736193913944,-8.63918536708752e-09,-0.0013113843822782911,-0.011066864072153614,-0.016888704976511418,0.0,0.00502676678631157,-0.009684034250733085,-0.007563035966941159,-0.004391005481210191,-0.00375420445030633,0.001032608779658183,-0.014116043635636536,-0.00817935073806925,-0.008179043293956663,0.017722963574066893,-0.0009072025042456105,0.002304166961671072,-0.00024038861120700972,-0.009228933602571487
2025-12-29 00:00:00+00:00,-0.0079748888825808,-0.0015577859103625123,0.0010213123759995407,0.001028728892764385,-0.0034228743445746876,-0.004013484999823189,-0.008506482091711186,0.0005817329404310492,0.0011731496518926322,-0.008551759020512754,-0.003424890125627587,0.0012147061138493,0.0012438590244918226,-0.008908535834375224,-0.011025625858354364,-0.010152977932636484,0.001675070050423372,-0.0007798900138329401,-0.005646131256609205,-0.005542415174791581,-0.00833677256109275,-0.004780230221592645,-5.793285851041219e-10,-0.0011723611434639736,-0.009931661291608062,-0.008993523866651087,0.0,-0.011417052348367493,-0.009596193427161363,-0.008064210202257192,-0.004783816706090135,-0.0035333045516742884,0.001032608779658183,-0.016439311517140356,-0.008506482091711186,-0.008496606749809914,0.026023245580942978,-0.0007933265517013919,0.000643593692243853,0.0003748403764234354,-0.005395363084971905
2025-12-30 00:00:00+00:00,0.014718097808790631,-0.0015577859103625123,0.001156529238045793,0.0011806461515168265,-0.0033450827660976073,-0.004606597965177733,-0.008923210583412788,0.0005817329404310492,0.0011731496518926322,-0.00868472762548014,-0.003037251967879352,0.0012147061138493,0.0012438590244918226,-0.010366133037527751,-0.01130120197143087,-0.011249406671219644,0.001675070050423372,-0.000582852011698165,-0.005773953270669718,-0.006840472243993642,-0.008381301409576733,-0.004819933531155921,1.2046491804085235e-08,-0.0010290734480360442,-0.008920118911603266,-0.012816090815533806,0.0,0.005439773348722594,-0.009327890106687088,-0.007400739948067249,-0.004817799930071462,-0.0035620926331928616,0.001032608779658183,-0.016574267707494927,-0.008923210583412788,-0.008901390588247115,0.023204298595440792,-0.0014288728418208924,0.0011090924703641707,0.00028020977044107553,-0.008321407251060009
2025-12-31 00:00:00+00:00,-0.01047309934929963,-0.002320793028530149,0.0004917541846539647,0.0008171372977651564,-0.0030812290098740326,-0.0030591080247946915,-0.008585358875690799,0.0005817329404310492,0.0011731496518926322,-0.00839787242298164,-0.0029005024525320046,0.0012147061138493,0.0012438590244918226,-0.013289601425878357,-0.010439849836087383,-0.011309977891822264,0.001675070050423372,-0.0010858403435740627,-0.0060873142877354396,-0.008076071223834734,-0.008026264553448547,-0.0049109401349776375,-2.2232446994507882e-08,-0.0014288177735330976,-0.006600497737982292,-0.01136021082292653,0.0,-0.0010093074028459026,-0.008776073879281358,-0.00682124972713805,-0.004920068055775534,-0.0038118196361744167,0.001032608779658183,-0.016531101743967713,-0.008585358875690799,-0.008567117957314624,0.012892175399218062,-8.746217769266145e-07,0.003184448759396614,-0.0006045017678122377,-0.008539611473679543
2026-01-01 00:00:00+00:00,0.013880733660551314,-0.0015577859103625123,0.001208464380297046,0.0011943617237218454,-0.003399933095149357,-0.005004948484934806,-0.01060547349036894,0.0005817329404310492,0.0011731496518926322,-0.010002219383325406,-0.002861108056491478,0.0012147061138493,0.0012438590244918226,-0.007257917243579436,-0.011438630259078264,0.001625415810541245,0.001675070050423372,-0.0004144045991303358,-0.006926857731489553,-0.004505320697022395,-0.009438771278197255,-0.005739450759025248,1.5820138088429303e-08,-0.0009193753983129938,-0.007668076379588549,-0.024115469208452655,0.0,0.000769684692648265,-0.009549792085413641,-0.005798103325467476,-0.005715704140057475,-0.0037723483191476285,0.001032608779658183,-0.019759105517749925,-0.01060547349036894,-0.010567703952689817,0.012776558032061996,-0.000927499151954737,-0.0022311788669295545,-8.160207970675515e-06,-0.005803631152957678
2026-01-02 00:00:00+00:00,0.01357457013019392,-0.006269275180502097,0.000750441192187858,0.0008331585419155325,-0.003245131276619982,-0.006276841268306115,-0.010890533004772569,0.0005817329404310492,0.0011731496518926322,-0.010048373988710505,-0.0027488891879717567,0.0012147061138493,0.0012438590244918226,-0.010607021093433278,-0.01047092162521859,0.00010140061154296031,0.001675070050423372,-0.0009684412614170412,-0.007557709849718394,-0.00537283542757964,-0.009329027806797213,-0.006343566714179723,-2.0967558356232985e-08,-0.0013577337568211334,-0.005747575671245257,-0.01698886183303848,0.0,0.02505381895101519,-0.009235521165022085,-0.004620539427108798,-0.00633836039928655,-0.003880570010847447,0.001032608779658183,-0.016284017230169222,-0.010890533004772569,-0.010846486851719019,0.003460889711077692,0.0003820799150905176,0.0028946513066758703,0.00016268078660175433,-0.0025518115144222975
2026-01-03 00:00:00+00:00,0.007294409627148113,-0.0010888231375701242,0.0007322360615293737,0.0007895862351752709,-0.0033321289924853397,-0.0065060279114816915,-0.01121770643916633,0.0005817329404310492,0.0011731496518926322,-0.010633887408684914,-0.0023592293794141034,0.0012147061138493,0.0012438590244918226,-0.006620876129721915,-0.010853864621383446,0.0024846165538548147,0.001675070050423372,-0.0007925984222048044,-0.008236833726521633,-0.007364564704343106,-0.009888174926503986,-0.006729705690006126,-2.050513892015715e-08,-0.0012345175796504293,-0.0067068716600190165,-0.02553802073402396,0.0,0.0016582581946578915,-0.009597267069252473,-0.0056197211620325855,-0.006719289982255879,-0.0035671913791421946,0.001032608779658183,-0.020240008184801365,-0.01121770643916633,-0.011183489182848496,0.003938285058764116,0.001548737146058345,-0.0037419122147646935,-5.276154269218125e-05,-0.0015812902711331844
2026-01-04 00:00:00+00:00,0.008903689947606708,-0.0010888231375701242,0.0013342342758509438,0.0008899788156333677,-0.003445227260817951,-0.007928775075911294,-0.011240473877892256,0.0005817329404310492,0.0011731496518926322,-0.010744924061419796,-0.00248257482603378,0.0012147061138493,0.0012438590244918226,-0.006628879884512581,-0.010800006315366699,0.002724441931405523,0.001675070050423372,-0.0004881548126522972,-0.008370419608305224,-0.008974895099499761,-0.01002486690578964,-0.006888710510732826,-1.1018622458891514e-08,-0.001011006444405993,-0.007569115065681864,-0.023904194027387506,0.0,-0.012157348857975028,-0.009911511743836246,-0.007427766810925571,-0.006885012275035099,-0.0036107153561548834,0.001032608779658183,-0.019710847926793118,-0.011240473877892256,-0.011210508348684601,0.016639465705151794,0.0020566800092858624,-0.005430088440413382,-0.0005051197719900813,-0.002083664294332266
2026-01-05 00:00:00+00:00,0.026651498381363936,-0.0010888231375701242,0.001172838890579737,0.0008762968005339258,-0.003320471817303103,-0.007993874912907397,-0.010514283020899275,0.0005817329404310492,0.0011731496518926322,-0.010179112374685637,-0.0023899493779647187,0.0012147061138493,0.0012438590244918226,-0.005493138871413422,-0.010264776449023802,0.0012182381775857586,0.001675070050423372,-0.00041244321638345127,-0.00821932894081431,-0.007121928622937514,-0.00953720424873368,-0.00665368617245327,-1.3449511726548735e-08,-0.0009598729311761645,-0.007835951929550203,-0.02057361049575002,0.0,-0.0055642407456633295,-0.009636975840203664,-0.00248044156005049,-0.006665401108826901,-0.00337180423862342,0.001032608779658183,-0.018419623794412657,-0.010514283020899275,-0.010491160814815876,0.012365817921431465,0.002662042580195373,-0.004310827191350671,-0.00031750396214036414,-0.0008238686714321375
2026-01-06 00:00:00+00:00,-0.0016366097114985934,-0.0010888231375701242,0.000775294123582105,0.0005741192365842694,-0.0029142261784536336,-0.008572152044220805,-0.009616427321349034,0.0005817329404310492,0.0011731496518926322,-0.00934972555423048,-0.003122604116890381,0.0012147061138493,0.0012438590244918226,-0.005978902818951969,-0.008870114368955921,0.0013363961445665568,0.001675070050423372,-0.0006399782499588724,-0.008051878264926203,-0.008886247857209685,-0.008758369458160954,-0.006741010323182881,-4.025852007316644e-08,-0.0011445304975481463,-0.008454528384468925,-0.026787546516052505,0.0,-0.0022247440715093005,-0.008959940469716087,-0.005127230311761572,-0.006757372751096625,-0.003534519504844063,0.001032608779658183,-0.01829812649196793,-0.009616427321349034,-0.009595807517548719,0.013114890801035669,0.004783754253687547,-0.004209714751382963,-4.5121559788086074e-05,0.0006036288104951382
2026-01-07 00:00:00+00:00,-0.026168967250152164,-0.0017187632082571332,0.0016492351712343771,0.0010120281776941666,-0.0034825220840246935,-0.008054822124361429,-0.011562573118260182,0.0005817329404310492,0.0011731496518926322,-0.011068536362378218,-0.003548637014599018,0.0012147061138493,0.0012438590244918226,-0.009610829552540575,-0.010984204151110838,-0.0012915320184948196,0.001675070050423372,0.0002189947223190103,-0.008915705366717416,-0.008789034626971792,-0.010359598185845486,-0.007568455513616636,2.4721256153270588e-09,-0.0004844471865972366,-0.01279413429539149,-0.025370164251693594,0.0,-0.015326356943729465,-0.010324979211365727,-0.0057311399800530835,-0.007565139115974847,-0.004570837767387254,0.001032608779658183,-0.021580425111379233,-0.011562573118260182,-0.011531238992933844,0.0035213009374133464,0.004215540389053953,-0.01052507785798299,0.0001798917450521742,-0.0038246007170528173
2026-01-08 00:00:00+00:00,-0.003081466892755458,-0.0017187632082571332,0.0018551506773441364,0.0014862746600222793,-0.0034062209057748056,-0.009141680335540138,-0.01033586194286697,0.0005817329404310492,0.0011731496518926322,-0.009991184878479813,-0.003642911356154823,0.0012147061138493,0.0012438590244918226,-0.013805998627533862,-0.012927253237572404,-0.013102562785798277,0.001675070050423372,0.0006938394535342951,-0.007931440685154246,-1.618103366913536e-05,-0.009427355982585931,-0.005474920106992935,3.952961336040062e-08,-0.0001063185149678958,-0.010543456074371313,-0.026406658262518277,0.0,-0.0055816288527374275,-0.009418418732204122,-0.007081256392926102,-0.0054988387550311425,-0.004529065108188858,0.001032608779658183,-0.016391198276215546,-0.01033586194286697,-0.010309173656472655,-0.006015093889056288,0.0015275585493604868,-0.0019002042628808403,3.868777015014757e-05,-0.01206408441066742
2026-01-09 00:00:00+00:00,-0.005662930149506806,-0.01066691373605264,0.00038166430747711927,0.0011595960437473744,-0.004150389845110025,-0.008204005324806345,-0.01245939460817692,0.0005817329404310492,0.0011731496518926322,-0.01184829094445505,-0.0040582628902836775,0.0012147061138493,0.0012438590244918226,-0.020199055914731187,-0.012815493063037605,-0.01630163129657516,0.001675070050423372,-5.3427281590856524e-05,-0.009268322348452035,-0.0007321348191615494,-0.011062150628160225,-0.0064824828272934416,4.654777896462292e-09,-0.0006682444693240086,-0.011563093792987424,-0.036532793938485755,0.0,-0.008254815266351639,-0.010971964420781728,-0.011477339575786585,-0.006525538673389495,-0.005876589441072293,0.001032608779658183,-0.010166082904643185,-0.01245939460817692,-0.012425576036203602,-0.005634989041822592,0.0011195681187634306,-0.0007951622168169143,-9.161926035083923e-05,-0.019325872883200645
2026-01-10 00:00:00+00:00,-0.0013980466595047147,-0.0019214594123248226,0.00038983950523065235,0.001159186608656311,-0.004087754850290959,-0.0076092514114753235,-0.011545617094417246,0.0005817329404310492,0.0011731496518926322,-0.011146020712740415,-0.004079359172804596,0.0012147061138493,0.0012438590244918226,-0.015436396074792235,-0.012826848570354168,-0.012858557985454537,0.001675070050423372,-5.9155213442352306e-05,-0.008216094553214506,-0.0007324671989577134,-0.010574185143294114,-0.005825083268918307,8.554163599683307e-09,-0.0006627706739017469,-0.0129433629055276,-0.036554316768958824,0.0,-0.00855008920447761,-0.010853645180287985,-0.007510319055970923,-0.005849850538012987,-0.005322432607101512,0.001032608779658183,-0.013586997810745493,-0.011545617094417246,-0.011517842223491824,-0.012257483589927218,0.0005193213674642261,-0.005989923293626177,0.000465062781527692,-0.011773541569709778
2026-01-11 00:00:00+00:00,0.004865110901100422,-0.0036277443373295,0.0007406582428553502,0.0010869604040763601,-0.0039754118360901215,-0.009334680246495197,-0.010627694260169917,0.0005817329404310492,0.0011731496518926322,-0.010387142276052481,-0.0037492952149932608,0.0012147061138493,0.0012438590244918226,-0.012759678285721922,-0.01284618851422419,-0.011021689793819857,0.001675070050423372,-0.00020327669718156471,-0.007518985879809363,-0.002111030115694661,-0.0099399916991323,-0.005250666885042872,2.111836039375703e-09,-0.0007696662047038672,-0.01219788561398951,-0.041079538279613255,0.0,-0.02430184248917053,-0.010528586860929987,-0.007138088971478583,-0.00527894443725707,-0.004911450560906833,0.001032608779658183,-0.0131265695355615,-0.010627694260169917,-0.010606728756844399,-0.016795332462451556,0.0003494237002087078,-0.004752667798812121,0.00017914099206883805,-0.009191634133458138
2026-01-12 00:00:00+00:00,0.004016380962680088,-0.001883330434000101,0.0006680758019941857,0.0009712256942775299,-0.003944888090634642,-0.010609585558325184,-0.010493901479415924,0.0005817329404310492,0.0011731496518926322,-0.010236370734222889,-0.0038673210516133104,0.0012147061138493,0.0012438590244918226,-0.014948366903606885,-0.012637673983230057,-0.011429492891731487,0.001675070050423372,-0.000337790534125304,-0.00726078073203546,-0.0006663225508234122,-0.009814384427364828,-0.0053595927137723804,-7.349004960133243e-09,-0.0008725520500494355,-0.012323646094014751,-0.039619560414280684,0.0,-0.017388305362183512,-0.010546492140271585,-0.005909048587696769,-0.0053797469510316834,-0.004754583742035626,0.001032608779658183,-0.01429538266999003,-0.010493901479415924,-0.0104728558617015,-0.012449439209052903,0.0007485672071051459,-0.0061209755150613415,-0.0004478377407348688,-0.013256099075078964
2026-01-13 00:00:00+00:00,0.04428028503147807,-0.0018107484291612118,0.000897790109934841,0.0009699667744088965,-0.004177483795872105,-0.00990976151827238,-0.010794097604011742,0.0005817329404310492,0.0011731496518926322,-0.010454428636893078,-0.004141456209045026,0.0012147061138493,0.0012438590244918226,-0.010455343447986966,-0.011482402628803824,-0.00284994446966367,0.001675070050423372,-0.0002600636035090531,-0.00696995811835196,-0.004232572056406919,-0.010087949839824719,-0.006153162727227066,-6.066967372930776e-09,-0.0008135586844577603,-0.013919197344757953,-0.042757343029304645,0.0,-0.01872102159982406,-0.011360029725161782,-0.008693284307323442,-0.006158996071699458,-0.004491262205378865,0.001032608779658183,-0.017132690346918014,-0.010794097604011742,-0.010770689356075887,-0.012550840378587096,0.0010373290453597854,-0.00891527575767914,-0.0002284407222088447,-0.0027497466653585434
2026-01-14 00:00:00+00:00,0.016723797821878605,-0.000867293514961372,0.0003268975774838521,0.00028844556517107164,-0.0033783789093116377,-0.011023766395849085,-0.00877215259422447,0.0005817329404310492,0.0011731496518926322,-0.008602119667631754,-0.0034206539239455855,0.0012147061138493,0.0012438590244918226,-0.007853824111043505,-0.010825154979367963,-0.009149018828768507,0.001675070050423372,-0.0009823041200114346,-0.006533124939734333,0.0018351799330900368,-0.008289195052698664,-0.006011566591724432,-6.68877238041432e-08,-0.0013822983548301693,-0.012994101560633773,-0.03415023034459242,0.0,-0.02249890032307908,-0.009649904036906331,-0.013533547418467715,-0.006033370714345292,-0.003978845244188563,0.001032608779658183,-0.016426193894915342,-0.00877215259422447,-0.008760553612949825,0.004586977239808304,0.004862124862188653,-0.005695820470835602,-0.00033343687726805626,-0.007729900535196066
2026-01-15 00:00:00+00:00,-0.014320038274755476,-0.0035426848310628973,0.0015960016104244802,0.0006627721684277783,-0.0023977102269184536,-0.010217428486683203,-0.00789866850312464,0.02621205974953387,0.0011731496518926322,-0.007504295739945119,-0.003523944205511527,0.0012147061138493,0.0012438590244918226,-0.012214616850009411,-0.010937110199974256,-0.01987630097241581,0.001675070050423372,5.6016641650558086e-05,-0.006165076847305146,-0.00465695047125835,-0.007200048461567475,-0.005983025548349178,-2.526228293220356e-08,-0.0005912282752866815,-0.01604440520874297,-0.03322094393698499,0.0,-0.01999985440817836,-0.007791530747274136,-0.007681505395799043,-0.005961266003856621,-0.0024613878871977434,0.001032608779658183,-0.014628088467843999,-0.00789866850312464,-0.00786856760214142,-0.0035338479963459885,0.0059110635617932745,-0.011272730838543547,-0.0001381134755487068,-0.015529005788266659
2026-01-16 00:00:00+00:00,-0.00027287855188973253,-0.0012944923684539093,0.002391094336074178,0.001238624781401383,-0.003442651067157192,-0.009236703863149412,-0.011469048935096812,0.0005817329404310492,0.0011731496518926322,-0.01062440048905897,-0.0034975276807506315,0.0012147061138493,0.0012438590244918226,-0.005313941685603183,-0.010631421134308126,-0.0068755759736598525,0.001675070050423372,0.0008731429404704727,-0.008276011928160555,-0.0002614968046351516,-0.009903271034296876,-0.006904846860864977,2.163113776987302e-08,4.505623737927067e-05,-0.016917302585743296,-0.03180542070998823,0.0,-0.017779653154874845,-0.00974049816982778,-0.010145336928688964,-0.006895956690362475,-0.003407561223162556,0.001032608779658183,-0.01737189036914559,-0.011469048935096812,-0.011422613882596563,-0.015008542659809412,0.004121209556377215,-0.008885816058986747,-0.00015517922725827304,-0.0067038871347904205
2026-01-17 00:00:00+00:00,-0.0044610720579800756,-0.006823458271422804,0.0009534460917621028,0.0010786422896157453,-0.0036609607947591574,-0.008780608979385067,-0.011985323733083916,0.0005817329404310492,0.0011731496518926322,-0.01111511568478786,-0.0038432249748346884,0.0012147061138493,0.0012438590244918226,-0.010305003746780842,-0.010129484741861988,-0.009854011425861784,0.001675070050423372,0.00043797247742816126,-0.008878881220044066,0.0011398401680595988,-0.010286696553981348,-0.0068313297529949525,4.122302499354191e-10,-0.000274610162477984,-0.015192022721290634,-0.03313163799086883,0.0,-0.023254443844312436,-0.010009319936937872,-0.008062764496529122,-0.006849673714888496,-0.003990955493307673,0.001032608779658183,-0.014170988533436462,-0.011985323733083916,-0.011939909786943695,-0.023354967905376403,0.003732231583856505,-0.0016282752395257688,-0.00012378110720412394,-0.011455592699348927
2026-01-18 00:00:00+00:00,-0.015529993658125463,-0.0016063309701794405,0.0006707362602817172,0.0011279219028056853,-0.003833336437839188,-0.00638159625314785,-0.012496422964613237,0.0005817329404310492,0.0011731496518926322,-0.011659923304810214,-0.004107973122832593,0.0012147061138493,0.0012438590244918226,-0.008710167426556047,-0.011078047517616768,-0.0054897964192690985,0.001675070050423372,0.0004883963829822591,-0.009080672212756885,0.0021933830504661197,-0.010829410813260035,-0.0067265439146067365,6.738686053608944e-09,-0.00021859576679972292,-0.0157768514315238,-0.03806527295399966,0.0,-0.017445525846466952,-0.010347241251139927,-0.00912311360851229,-0.006735379370905967,-0.003998080957843797,0.001032608779658183,-0.014729115264560414,-0.012496422964613237,-0.012449544524202768,-0.019075127451656983,0.0030071908866267203,-0.004784450697966165,0.0004456603643738788,-0.008793299086391926
2026-01-19 00:00:00+00:00,-0.011610285761607386,-0.002320793028530149,0.0010625817483966389,0.0013218832018896327,-0.004261736468972658,-0.005666821458781406,-0.013033413767584674,0.0005817329404310492,0.0011731496518926322,-0.012296785562272438,-0.0037596917076445752,0.0012147061138493,0.0012438590244918226,-0.0064932934360430695,-0.012660802067355627,-0.0009325342398452738,0.001675070050423372,0.0006380451391780895,-0.009207782962604489,-0.0006909395768534209,-0.011482943550660468,-0.006280217811221701,2.34588881653508e-08,-8.51974982030157e-05,-0.015396145778953051,-0.0441505718118981,0.0,-0.005856781434226856,-0.011017616332539875,-0.005531532563479984,-0.006297391342615423,-0.00426224535600316,0.001032608779658183,-0.01152877345285395,-0.013033413767584674,-0.012990273686251335,-0.0019637920833383135,0.0013671737239701735,-0.004038693335328353,0.000385698434477888,-0.005166077055037022
2026-01-20 00:00:00+00:00,-0.04692425505482234,-0.011127848671397789,0.0006845817072444377,0.0012817332141274052,-0.004540225701308054,-0.005729506636291714,-0.012521045743402452,0.0005817329404310492,0.0011731496518926322,-0.012208935305639004,-0.003541066234351733,0.0012147061138493,0.0012438590244918226,-0.008320853815674765,-0.013982207867259351,-0.009075770752042934,0.001675070050423372,0.0003722380676816073,-0.009067467326300224,-0.002749471811905548,-0.011510637772559867,-0.005419070948042878,1.7537987062610227e-08,-0.00027220244771086755,-0.013320241888397874,-0.046075439555492884,0.0,-0.017769004023652894,-0.011346843773385141,-0.0029359041627046284,-0.005462341910950038,-0.004405223960744078,0.001032608779658183,-0.007876044236186845,-0.012521045743402452,-0.012496452473121221,-0.008020462289097443,0.0002189465994176352,-0.001812440918886468,-0.0001748301325719126,-0.006598536390811205
2026-01-21 00:00:00+00:00,0.011999327760149114,-0.009085972147421883,0.0011350343620580568,0.0018739018007170258,-0.005786917751803926,-0.005396049387214382,-0.01303897468486111,0.0005817329404310492,0.0011731496518926322,-0.0130686950759215,-0.0041751513735125536,0.0012147061138493,0.0012438590244918226,-0.009500302972696767,-0.01482030996919757,-0.01457108119857377,0.001675070050423372,0.0009043775687000988,-0.007992437633129661,-0.003117383676418868,-0.012682610746524487,-0.004911732354551742,7.08815974803656e-08,0.00016333219445741065,-0.012468971058866225,-0.039896117600401154,0.0,-0.0047631271892945425,-0.013831109011272909,-0.01321736613237415,-0.00495699644572236,-0.006616165039446864,0.001032608779658183,-0.004506661656828783,-0.01303897468486111,-0.013028565260417986,-0.004760180650257304,-0.003951439258551234,-0.004491662937330708,0.0006075049176210712,-0.015046508051455021
2026-01-22 00:00:00+00:00,0.0009560777691035582,-0.006712141082784429,-0.000501883197677252,0.000956716586311826,-0.00489497106657139,-0.005333474395200384,-0.00963796119989458,0.0005817329404310492,0.0011731496518926322,-0.009805800703885967,-0.0037081296790844056,0.0012147061138493,0.0012438590244918226,-0.009976334501024251,-0.013704651340076458,-0.00995676562600638,0.001675070050423372,-0.0007729598217647293,-0.0059432209510193335,0.0020499292137377326,-0.00970459696088211,-0.003858835531986361,-1.812551353452818e-08,-0.0011189348102380592,-0.008071760620483237,-0.03347500672163844,0.0,0.004880237294057486,-0.011846818503839467,0.0010028477725920755,-0.003930267832743944,-0.004760838605950075,0.001032608779658183,0.0067482640028944905,-0.00963796119989458,-0.00963855704238971,0.007090980124938948,-0.0025407963916203717,0.0002816934004730154,0.00021609959221535746,-0.013921486213803291
2026-01-23 00:00:00+00:00,0.000462901330921639,-0.0019214594123248226,0.00015690322606745004,0.0010197952825099156,-0.003762349957484693,-0.005386825500692822,-0.007271237377963108,0.0005817329404310492,0.0011731496518926322,-0.007539436793058542,-0.00352169849808406,0.0012147061138493,0.0012438590244918226,-0.008319047782448687,-0.01171964600387098,-0.005483464376444505,0.001675070050423372,-0.0004513356370843269,-0.004139240482243239,-0.0020132292598869545,-0.007676643688573607,-0.002836007069824657,-1.444233177494425e-09,-0.0008706699736205081,-0.007366231758703989,-0.02694209491614702,0.0,-0.005392926149933423,-0.009527061256498277,-0.00480888621277918,-0.0028507187893996814,-0.00446820070991241,0.001032608779658183,-0.015913925857365348,-0.007271237377963108,-0.0072680365606135455,0.014700004734740623,-0.002231772827439115,-0.0034928425513415366,0.00011498400639808892,-0.011464209295809269
2026-01-24 00:00:00+00:00,-0.0044021176235578,-0.0019214594123248226,0.0011545081629841599,0.0010366549021341618,-0.0040819926653357114,-0.0045607075812525814,-0.009522968471033212,0.0005817329404310492,0.0011731496518926322,-0.009259011632465737,-0.0038422542987899834,0.0012147061138493,0.0012438590244918226,-0.007982901516360167,-0.010249342228991407,-0.005384479770355711,0.001675070050423372,-0.00040668035263990987,-0.005633455085780432,-0.004717700878235839,-0.009043289751531543,-0.004413404058554944,-6.992397771909964e-10,-0.0008418622257266861,-0.007761777668631661,-0.027789072779877806,0.0,-0.013219581084668846,-0.01029381301424077,-0.00763339041664949,-0.0044238915964898845,-0.004733500597301836,0.001032608779658183,-0.011937168001741159,-0.009522968471033212,-0.009500982480605697,0.025183382986349128,-0.0019937085221295174,-0.0022440895361529874,-0.00040008747820508006,-0.012009775266051292
2026-01-25 00:00:00+00:00,-0.028900838361794357,-0.0019214594123248226,0.0009994370755630083,0.0011212570378096283,-0.0039697226012401655,-0.0056801747994042265,-0.00994469921345855,0.0005817329404310492,0.0011731496518926322,-0.009440056514415252,-0.0038477388754464613,0.0012147061138493,0.0012438590244918226,-0.009831594996148954,-0.009239117680230632,-0.002849408354065122,0.001675070050423372,-0.00029297233160541225,-0.005869312666266748,-0.003661181654450086,-0.009105304156703416,-0.0047638431049337165,6.649630179822452e-09,-0.0007563158133123693,-0.007007101676257782,-0.016970878842391693,0.0,0.0016211770034340561,-0.010008263671042388,-0.006633770908520893,-0.004765461772854972,-0.004633589075150044,0.001032608779658183,-0.012382924718621761,-0.00994469921345855,-0.009913011270759229,0.012370799551594654,-0.002207041630193478,-0.0011283356706999511,-6.893628328796808e-05,-0.012072797864675522
2026-01-26 00:00:00+00:00,0.019388940551312572,-0.0022652798045441264,0.0013056375312847119,0.0015472468758496165,-0.003958528482955501,-0.003565637572159669,-0.010108851936660564,0.0005817329404310492,0.0011731496518926322,-0.009499314163391885,-0.003491340238695378,0.0012147061138493,0.0012438590244918226,-0.0078042241191687775,-0.008365588628083148,-0.00874486564558592,0.001675070050423372,0.00014404190687500318,-0.005866097165213708,-0.0001818385190731257,-0.009108596080259991,-0.004118578527536139,4.365625549951346e-08,-0.0004133756271809119,-0.004547619488432117,-0.017069780022177676,0.0,-0.01557102200938753,-0.009543924537024526,-0.0006319191179941898,-0.004122085365554678,-0.004754768033901768,0.001032608779658183,-0.009956920328320773,-0.010108851936660564,-0.01007054330962021,0.002239874225691955,-0.004568558610822219,0.0009860118833712455,0.0008505595156904633,-0.010035584680736065
2026-01-27 00:00:00+00:00,0.009420276564581442,-0.010956953917510278,-0.00011188292849120037,0.0007875784374434126,-0.003998172273816558,-0.0034697969801571085,-0.011884082108428458,0.0005817329404310492,0.0011731496518926322,-0.010796387731979572,-0.003481495477914798,0.0012147061138493,0.0012438590244918226,-0.011700382478741127,-0.007262881390590529,-0.010088486540807724,0.001675070050423372,-0.001104195299866717,-0.007668415297764774,-0.0023266292280393866,-0.0099917597866007,-0.00579042547347365,-2.9287955172208058e-08,-0.0013790907828372667,-0.004792162009551709,-0.026525462334084055,0.0,-0.009445531977286419,-0.009717319996223996,-0.007094795604289318,-0.00580811814175725,-0.004436486033751278,0.001032608779658183,-0.001923980687002648,-0.011884082108428458,-0.011831930903602949,0.028500105659733585,-0.00244967368803459,0.004508266928506764,-0.00013454419407565865,-0.008493909612298012
2026-01-28 00:00:00+00:00,0.0009198645005419337,-0.0020673762306904504,0.0005351053352484275,0.0008537336031442921,-0.0028447330392310207,-0.004366891842485747,-0.009449217057920872,0.0005817329404310492,0.0011731496518926322,-0.008902531164917044,-0.0038437489987168754,0.0012147061138493,0.0012438590244918226,-0.016614037791458827,-0.004890879490737451,-0.01675891670599132,0.001675070050423372,-0.0006967298578715031,-0.006976563128327701,-0.005184636385399185,-0.008283338054811974,-0.00475924792013364,-1.4229870615167783e-08,-0.00107492679045329,-0.0032524825751931176,-0.021676498138797146,0.0,-0.03043730872961547,-0.007444685051875849,-0.011252791087243601,-0.004751853287849977,-0.004185272721297779,0.001032608779658183,-0.02222635102239054,-0.009449217057920872,-0.009408913517467974,0.003953627074488801,-0.001400002813698271,0.001084130036474713,-0.0005578867816691258,-0.018553661182522774
2026-01-29 00:00:00+00:00,-0.05322794950408394,-0.0015577859103625123,0.0014712541823755773,0.0010065080034658458,-0.004365573297686161,-0.005359350657940035,-0.013928934681140492,0.0005817329404310492,0.0011731496518926322,-0.013146570824553637,-0.0040096486054993765,0.0012147061138493,0.0012438590244918226,-0.017405203776568855,-0.007209924068242876,-0.015449435978714255,0.001675070050423372,-0.00039195910475342544,-0.009771615356763791,-0.001399637559056061,-0.01210370628626415,-0.007261110201285022,-1.3895249395545761e-09,-0.0008499461139273023,-0.006565649142078776,-0.020297111658017026,0.0,-0.029780523002545845,-0.011072130428401796,-0.010899509485120187,-0.007260277157011322,-0.005505002981294748,0.001032608779658183,-0.014571903906478055,-0.013928934681140492,-0.013885301677260896,0.0018426353260798164,-0.0011950923550609139,-0.003923539265608938,-0.0001932632296863801,-0.01843005232512951
2026-01-30 00:00:00+00:00,-0.005132847429548448,0.002445097548426288,0.002010942157334685,0.00194342537236405,-0.004681149853920983,-0.004237784699325288,-0.012661130633824631,0.0005817329404310492,0.0011731496518926322,-0.012260562665144043,-0.0027715106107623036,0.0012147061138493,0.0012438590244918226,-0.0021221591635415906,-0.01067163887320052,-0.00024577434030908395,0.001675070050423372,0.0006866300120869084,-0.008378001864312293,-0.0017025575118518477,-0.011522466217593562,-0.004793083649004137,8.040363397299188e-08,-7.968105032674089e-06,-0.0050814343414252085,-0.029590378275790433,0.0,-0.004724431020718451,-0.010892399450528847,-0.005079991160582783,-0.004816217348590512,-0.0018555387330597224,0.001032608779658183,-0.005992929127191496,-0.012661130633824631,-0.012631746448213048,0.016414906721452866,-0.0057979966984765844,-0.0004581720824469774,0.0012405525243774917,0.001802886719815433
2026-01-31 00:00:00+00:00,-0.06770691927198591,0.0007585374171072548,-8.15430596057523e-05,0.0012560135110281979,-0.004824330834614556,-0.002445819940874317,-0.011986993762520031,0.0005817329404310492,0.0011731496518926322,-0.011770208050573838,-0.0026100593280464603,0.0012147061138493,0.0012438590244918226,0.0013423018770823494,-0.011872533772307077,-0.0019060474690273481,0.001675070050423372,-0.0008283724659854386,-0.008605205129677898,0.004216595593641197,-0.011039071748253951,-0.004528631710929674,7.753559572165614e-09,-0.001168193244298621,-0.005334746738328556,-0.024169784344481655,0.0,-0.01539202875563785,-0.010922827649896211,0.000723220658384811,-0.004613656225265586,-0.0008762471027336139,0.001032608779658183,0.01409451063257478,-0.011986993762520031,-0.01197177324093258,0.012378954626775022,-0.005739455681114481,0.0041437980753907255,0.0003138170142822361,0.006919146049767733
2026-02-01 00:00:00+00:00,-0.02116684214721154,-0.0036277443373295,0.0008425391167829661,0.002222117378598262,-0.005018966940767665,-0.002536813731918176,-0.010403120735195732,-0.02441440594410795,0.0011731496518926322,-0.010764435465318384,-0.002088553106216743,0.0012147061138493,0.0012438590244918226,-0.009053026706888104,-0.011127089357227195,-0.012133487380318077,0.001675070050423372,0.00030378188773738657,-0.006785589493581689,-0.0027991760207234256,-0.010475588733274697,-0.0019323542281569983,1.0227489788405819e-07,-0.00027960697016915503,-0.004499436563059981,-0.012063672849980911,0.0,0.003117469707617186,-0.010593460740577333,0.0018469147701028648,-0.002004647698113784,-0.003290872882727416,0.001032608779658183,0.003335755298679379,-0.010403120735195732,-0.010402902809596763,0.042201791630470914,-0.011221133781970287,-0.00010372037615326833,0.0006760779467303024,-0.0020732141565531492
2026-02-02 00:00:00+00:00,0.022026908157821268,-0.007112994801676398,-0.00022904563610487818,0.001564959297376165,-0.004599850628530886,-0.0016046536999739028,-0.00916300288054937,-0.02441440594410795,0.0011731496518926322,-0.009453232410307443,-0.0021237403123529524,0.0012147061138493,0.0012438590244918226,-0.01755046220517208,-0.009878180282690807,-0.002813023552584373,0.001675070050423372,-0.0013293827860145768,-0.006504513434225562,0.00988906325576315,-0.009111882435148702,-0.0009015717921524967,3.197379072616968e-08,-0.0015353399614674856,-0.0022185963629925347,-0.0043242141947194,0.0,0.004618532822693894,-0.009183741375787622,0.007587112844485515,-0.001024085480774626,-0.003274697730429737,0.001032608779658183,0.020843398256117633,-0.00916300288054937,-0.009164068507546988,0.016131837844375194,-0.012101184875671868,0.0034694540407147487,0.000174823514697664,-0.012386486865580082
2026-02-03 00:00:00+00:00,-0.039600469374978076,-0.0036277443373295,-0.0013034604194435999,0.0007453291157657135,-0.005097582087030952,-0.0027264985948165644,-0.011597770576150745,0.0005817329404310492,0.0011731496518926322,-0.011591588650615416,-0.0024946968244399974,0.0012147061138493,0.0012438590244918226,-0.009384086448816295,-0.011823756635972541,-0.0036493755703620075,0.001675070050423372,-0.002408045356640187,-0.008046949582516325,-0.000425797491227797,-0.011026414468769882,-0.0037696003554951825,-3.327276232312215e-08,-0.002386580020688811,-0.010930156346874833,-0.0070970577331943615,0.0,0.011025419007464416,-0.011005507092542884,-0.002149410504544577,-0.0038580813538852746,-0.0013289061416948075,0.001032608779658183,0.00819203714592598,-0.011597770576150745,-0.011588826547920785,0.010314408640986247,-0.009082651733898701,0.0011675054949418894,6.520587534630806e-05,-0.00909256562590599
2026-02-04 00:00:00+00:00,-0.035170615941758854,0.003868796400647669,0.0015792550911091358,0.0016775667805769229,-0.004598418725102993,-0.0037160863499993003,-0.009534974286674134,0.0005817329404310492,0.0011731496518926322,-0.009634579076931698,-0.0023522286338706097,0.0012147061138493,0.0012438590244918226,0.016422464297152915,-0.011413004401176024,0.025333120198127636,0.001675070050423372,-0.0009254766779047685,-0.0058739947531421585,-0.002131287769974117,-0.009450145461834404,-0.0024794750966005393,5.981855544234804e-08,-0.0012649520368217537,-0.009578551523429275,-0.016647822473054377,0.0,0.007233015341842236,-0.009827943953604633,0.0035728221718353643,-0.00252973840542332,0.0024229497638356043,0.001032608779658183,-0.015973271914759446,-0.009534974286674134,-0.00952367410357008,-0.00545262524847271,-0.011782425619098574,-0.003971146810473048,0.0007850131735320787,0.02052280679345131
2026-02-05 00:00:00+00:00,-0.1523344080312441,-0.014214400429980274,0.0011399167322745506,0.0017284325828821718,-0.004799715351835702,-0.004140222305317232,-0.008335161948860654,-0.02441440594410795,0.0011731496518926322,-0.008736488013053607,-0.0046225173991592565,0.0012147061138493,0.0012438590244918226,-0.025462902236989316,-0.011949468899321468,-0.03882576758410602,0.001675070050423372,-0.001379581382513706,-0.005647898368589902,0.0006187901494981617,-0.008632244738086815,-0.0016769638525056738,5.312716844230181e-08,-0.0016300168712728436,-0.0072524625497618934,0.004398168619780483,0.0,0.016963618965203466,-0.009657701519000951,-0.006376159226612447,-0.0017989308726784493,-0.006253270670762481,0.001032608779658183,-0.0025577332003795267,-0.008335161948860654,-0.00834285401484163,0.03468684662417918,-0.013851542474809792,0.003743787812956549,0.00018794866716831393,-0.023797115311026573
2026-02-06 00:00:00+00:00,0.11800318143427369,-0.009085972147421883,0.0019468471616661304,0.0037179598743628086,-0.0048300922218822324,-0.004163109790961626,-0.004217131032284264,0.020526311156935685,0.0011731496518926322,-0.005568279193875312,-0.0027749816698208253,0.0012147061138493,0.0012438590244918226,0.000982302375748144,-0.0020879040627844537,0.01658543299371344,0.001675070050423372,0.0005210769262102843,-0.001744344948036778,-0.0007202595457351484,-0.006176408323054139,0.004903621339522204,2.3010926852862212e-07,-0.00014448332946948028,0.00789440682879849,0.007906820540129488,0.0,0.028513539716805855,-0.007420394204547702,-0.013560443072821395,0.004748085709480987,-0.004091985067413869,0.001032608779658183,0.0027045128013573954,-0.004217131032284264,-0.0042536507627899695,0.06195140338288519,-0.0261014531856742,0.004444522710754239,0.0022672640125360743,0.0016574029577896
2026-02-07 00:00:00+00:00,-0.018213402812749635,9.807505356406257e-05,-0.004929662368520072,-0.0005881941474857571,-0.005643644130231459,-0.004315918331272107,-0.012985586383396669,0.0005817329404310492,0.0011731496518926322,-0.012042209939292538,-0.004861291621178084,0.0012147061138493,0.0012438590244918226,0.005797756835359907,-0.018102562945117435,-0.005692367533568742,0.001675070050423372,-0.006368302810841442,-0.009592780356767272,-0.022820220895350303,-0.010833865205938186,-0.0031643376991206005,-1.7824970477420266e-07,-0.005499373797061224,-0.00608161241784291,0.001630674548930888,0.0,0.01743513829232806,-0.009610341099738505,-0.01994682684658253,-0.0033844966145521235,-0.003190924245021856,0.001032608779658183,-0.040763891907580785,-0.012985586383396669,-0.012960441848703931,-0.0015828013290302067,-0.013354854896489052,0.004315295993391675,-0.0013391609144335348,0.0035921111702919006
2026-02-08 00:00:00+00:00,0.014085235884746083,0.0015160538756203415,0.0004674021007002394,0.0011356601748066413,-0.00273035285692201,-0.00890436609404226,-0.006695723384716198,0.0005817329404310492,0.0011731496518926322,-0.006609361559262582,-0.004438360083255207,0.0012147061138493,0.0012438590244918226,-0.0018787946386591252,0.0047759301184695435,-0.0005847447420073904,0.001675070050423372,-0.0024184190130362992,-0.004329607237632914,0.003266345537248422,-0.006355768670024594,0.00021149619609861937,2.7512040645660818e-08,-0.0025139287729896154,-0.002036017305226695,0.002187768308171888,0.0,0.024743139359731284,-0.004078971807671156,-0.011020207171832191,0.00021385696544212913,-0.0041032778306421686,0.001032608779658183,0.0072903980861905035,-0.006695723384716198,-0.006667567322648466,-0.011837422252858637,-0.013784917042101026,0.004118042244687916,0.0003272910697251774,-0.0006871329387649894
2026-02-09 00:00:00+00:00,-0.002050715421969329,-0.006520254338998085,0.0027173934577372234,0.0008217747104072599,-0.004152370321023003,-0.010137204832491278,-0.01357583624587931,0.0005817329404310492,0.0011731496518926322,-0.011994998189176317,-0.005314395740243279,0.0012147061138493,0.0012438590244918226,-0.008415083444557216,-0.00010080195671793185,-0.00731234281981603,0.001675070050423372,-0.0030478107098748097,-0.009582901807073128,0.001448279486968579,-0.010541963839749771,-0.004133235571671294,-2.1276452599749973e-08,-0.0030663248856956926,-0.008921694498715358,-0.014534149078137907,0.0,-0.008433102302579149,-0.007172637043262122,-0.016978133207525812,-0.004211941495176579,-0.006880399121230495,0.001032608779658183,-0.00547890549635165,-0.01357583624587931,-0.013508251186812498,-0.09920352985089291,-0.011319935122869239,0.0020866959207296787,-0.0006899013060124304,-0.008883909322321415
2026-02-10 00:00:00+00:00,-0.019103237589897404,0.0014110396407409046,0.0008418478994849544,0.001052462924737896,-0.005009382437508223,-0.01054876330686675,-0.014737643328148385,0.0005817329404310492,0.0011731496518926322,-0.013533729598372329,-0.005418902442881669,0.0012147061138493,0.0012438590244918226,-0.013362127221930262,-0.007909850953652266,-0.017504709375384373,0.001675070050423372,-0.0024988543816917286,-0.009971415476121943,0.002857083793400608,-0.012143316327601787,-0.0052914482044345065,3.0976821108197328e-09,-0.0026894025631314378,-0.014463385859512361,0.00809756856197619,0.0,-0.0016467042141667288,-0.009494905449910123,-0.018006486456189727,-0.005353727197299995,-0.007893245619112695,0.001032608779658183,-0.001546172402093789,-0.014737643328148385,-0.01468865237955652,0.011215531065710231,-0.010500314001625675,0.00157086683200038,-5.580581325403955e-05,-0.014866854064166546
2026-02-11 00:00:00+00:00,-0.026543221212374846,0.004915489403526167,0.0014680298804357614,0.0013721650801282123,-0.0036415015632200974,-0.009973398603737796,-0.008864777137698013,0.0005817329404310492,0.0011731496518926322,-0.008616143808957009,-0.005250637126300376,0.0012147061138493,0.0012438590244918226,-0.004314134399627303,0.0020735241687548887,-0.00016351267189662473,0.001675070050423372,-0.0020947581237482638,-0.006664555109294921,0.002837007259020245,-0.007831667618506935,-0.0015550918965429074,2.8856456779635664e-08,-0.002416319978955528,-0.006391018348080462,-0.018047768337672358,0.0,-0.018259966120718014,-0.00606534154598639,-0.019303625864707137,-0.0016502131545999043,-0.005389023984826735,0.001032608779658183,-0.0009977144446958082,-0.008864777137698013,-0.008852275064241327,-0.04865168823762447,-0.011261587967033547,0.0053815205553140195,0.0007733984867996924,-0.0022255172953009605
2026-02-12 00:00:00+00:00,-0.011562368274834256,-0.0064997600914925785,0.0009147064351782037,0.00154121716394614,-0.003911002193102275,-0.009278084882170431,-0.009371551525600957,0.0005817329404310492,0.0011731496518926322,-0.00925230574847885,-0.005353406038284399,0.0012147061138493,0.0012438590244918226,-0.02225402068153708,0.004298635476242752,-0.028758302861671182,0.001675070050423372,-0.002084956069346333,-0.007031882968049985,0.0012202476977128563,-0.008397969220916759,-0.0010711798986163508,4.009498510981757e-08,-0.002438150962944974,-0.004784358671527364,0.018626803286756075,0.0,0.0005700385059356453,-0.0064831535519608,-0.017194049014759013,-0.0011805381388916274,-0.006617768625595844,0.001032608779658183,-7.08598896807678e-05,-0.009371551525600957,-0.00936505744681203,-0.023479188841874186,-0.012613632670522389,0.005052351788821175,0.0005280265169460563,-0.021983154118061066
2026-02-13 00:00:00+00:00,0.039033769357155634,-0.0006551168823607041,0.00015798109747727166,0.0013105268573259123,-0.00046354973501068876,-0.00830858329199421,-0.0023284219829699014,0.0005817329404310492,0.0011731496518926322,-0.0021977918679770524,-0.00273768509499144,0.0012147061138493,0.0012438590244918226,0.007244556500332791,0.010930064366828692,0.005912556676871029,0.001675070050423372,-0.0026041072025169143,-0.002682110022636387,0.0005034341306546846,-0.0017932371458488142,0.003017169665212587,1.7465630719470937e-08,-0.0028699500506998987,0.010962541609989222,-0.005941368185332779,0.0,-0.0010954562509899067,0.0008201693672547495,-0.0033368082050738075,0.00295002870692271,0.00038075037883494135,0.001032608779658183,0.0117288914874911,-0.0023284219829699014,-0.0022998269907291364,-0.07499383934031877,-0.012520937523076373,0.007773126060185435,-0.00026147527091602285,0.012386963702738285
2026-02-14 00:00:00+00:00,0.01312593306784926,-0.0066321972173537524,-0.000548273615505293,0.0004231947746265888,-0.005750877207533264,-0.012070978138785065,-0.01610088373198742,-0.021909720776729813,0.0011731496518926322,-0.015137154719724523,-0.0038745927242298077,0.0012147061138493,0.0012438590244918226,-0.01831850738830108,-0.011195536355916615,-0.016334700346961703,0.001675070050423372,-0.003642966660368785,-0.009341247749699069,-0.014203374648788309,-0.013891031175679462,-0.007900056691177191,-5.8962548621366295e-08,-0.003721491611264227,-0.016255474362790793,0.007924637390603919,0.0,-0.008366930086459794,-0.013430930594385566,-0.009525415656324237,-0.00792319352758172,-0.007096345268887694,0.001032608779658183,-0.016389804246033243,-0.01610088373198742,-0.016055838155867603,-0.08550691846263367,-0.007960918966737786,-0.005528858875044678,-0.0007144213551875112,-0.011855874210596085
2026-02-15 00:00:00+00:00,-0.014138040068878865,-0.00515569085062688,0.0012292718390762999,0.0007418434454563956,-0.0014995804888118542,-0.01457171610891703,-0.0006003515716199786,0.0005817329404310492,0.0011731496518926322,-0.0014195522652850987,-0.0022347690047488634,0.0012147061138493,0.0012438590244918226,-0.006335603733360035,-0.004653265962358448,-0.0030353056288930642,0.001675070050423372,-0.002618912054000333,0.0005116909830800115,0.0021627491205803546,-0.001966173112645099,-1.1983987271827791e-05,-1.982750497120378e-08,-0.0029867224010526883,-0.0038199073357987503,0.0005457430332161471,0.0,0.009811869432768908,-0.004075617834415127,-0.008238732518648012,-2.0521845694617975e-05,-0.0034109375927696443,0.001032608779658183,0.01966167059919236,-0.0006003515716199786,-0.000614665270534653,0.012443407945403204,-0.006095959489042122,0.0034614317899751847,0.00020437492478642127,0.0022495256271213293
2026-02-16 00:00:00+00:00,0.0007987824782489383,-0.0010888231375701242,0.002206699480253838,0.0012462175953148558,-0.002440608327300114,-0.013051262478380565,-0.0024690966166276123,0.0005817329404310492,0.0011731496518926322,-0.0031836256034085252,-0.0023695472571841404,0.0012147061138493,0.0012438590244918226,-0.004492100521536042,-0.0013275801139035464,0.0016117756887178455,0.001675070050423372,-0.0018290703184060675,-0.0003747398521911755,0.011287816663588265,-0.0036246906469533527,-0.0008004150550177227,2.135622878540744e-08,-0.002419300680815084,-0.0037957063155215948,0.019820842546900853,0.0,0.0027242592448388377,-0.006144032976809814,-0.008038206335130367,-0.0008301188080115538,-0.0033544674057291845,0.001032608779658183,0.026730589197438086,-0.0024690966166276123,-0.002484303960073729,0.011935755280960234,-0.006807623626346452,0.002884342058510473,0.0003166695554117638,0.0021675098687410355
2026-02-17 00:00:00+00:00,-0.01978887330028556,-0.0016063309701794405,0.0008648550262524443,0.0010615323320828573,-0.0022174466683846936,-0.01240518823338646,0.0004920384078157692,0.0005817329404310492,0.0011731496518926322,-0.0010613887768840414,-0.0023419156880400468,0.0012147061138493,0.0012438590244918226,0.002663597416348194,0.00443344491216082,0.01490437332923743,0.001675070050423372,-0.002192842346261159,0.0008747115997585777,0.0014874325436618533,-0.0018714300446629045,0.0007289667093057363,-1.2065708432373867e-09,-0.0027317046852992632,3.0219914770139794e-05,0.012007630038784214,0.0,0.005710447383811101,-0.00550258735386319,-0.007230092092694369,0.0006460538345807788,-0.0012710308595825911,0.001032608779658183,0.03312999949380808,0.0004920384078157692,0.00043859033649251635,0.07280805920383776,-0.006135088044978104,0.004958999531742728,-0.0004187481532564874,0.005808371119201183
2026-02-18 00:00:00+00:00,-0.01596363226021502,-0.000867293514961372,0.0009561709589701687,0.00138499164076664,-0.0017101620019074962,-0.010550931823612978,0.0016475961685440904,0.0005817329404310492,0.0011731496518926322,0.0001312548560074107,-0.0023972830364809134,0.0012147061138493,0.0012438590244918226,-0.0038200416035439697,0.004054050594195722,0.0038408007255417054,0.001675070050423372,-0.0017262687780714714,0.0019948002774998037,-0.00043803827230679134,-0.0008364497843649542,0.0018159859812824615,2.989213854220907e-08,-0.0023968024296507906,0.0028995354574179047,0.004686643866225641,0.0,-0.0014409589990000277,-0.004346462277047819,-0.002805142044862967,0.0017542984940199808,-0.0036953317775280364,0.001032608779658183,0.03040635898855082,0.0016475961685440904,0.0016006797455462168,-0.04603713450616803,-0.007343140119960038,0.005044970595364406,0.0002093142764643119,0.0021067350171506405
2026-02-19 00:00:00+00:00,0.007980125994704323,-0.01066691373605264,0.0007800879854312369,0.0013639191735448357,-0.0015513358416762127,-0.010382362126215492,0.0010245112514778417,0.0005817329404310492,0.0011731496518926322,-8.864227394494127e-05,-0.0024331359714127817,0.0012147061138493,0.0012438590244918226,-0.0019988218606535836,0.005146905864041916,0.005855068648114708,0.001675070050423372,-0.0019518366746602567,0.0018063687949841302,-0.00042745205143256756,-0.0009053096984133339,0.001929130614924311,2.411395705337327e-08,-0.0025940868475196055,0.0018952734891845794,0.013101366139147367,0.0,0.025190583315537557,-0.003923325922258712,-0.0009025679057129837,0.0018713909248791669,-0.003944421238131465,0.001032608779658183,0.03533721300142668,0.0010245112514778417,0.000994991338759955,0.012124120544634553,-0.008105968126036707,0.006024233250552017,0.0006789001437059738,0.003902768949046731
2026-02-20 00:00:00+00:00,0.01552899565663246,-0.009498657543933857,2.7817889202339657e-05,0.000955895376819351,-0.0013692674817836767,-0.01129187223932813,-0.006186209201513193,0.0005817329404310492,0.0011731496518926322,-0.004766088572963439,-0.002891505282951195,0.0012147061138493,0.0012438590244918226,-0.004273698272126144,0.0015205866460972497,-0.00010229095353059319,0.001675070050423372,-0.0025371327916339226,-0.002134548104345419,0.0013996550209786638,-0.004385112097527592,-0.0023334444766057562,-1.2054366393954297e-08,-0.0030752116838410615,-0.004880796162326595,0.000433803918850137,0.0,0.008258217301099074,-0.004289620926290623,-0.002252433917197302,-0.0022879999615326666,-0.0037643070957732185,0.001032608779658183,0.017740729343384005,-0.006186209201513193,-0.006114112764509527,0.0024073675567005967,-0.006683354789350461,0.0028931467398132208,-1.915510827288358e-06,-0.0035059177316725254
2026-02-21 00:00:00+00:00,-2.4354972344653447e-05,-0.0017187632082571332,0.0004659016223302422,0.0007730795320974972,-0.0029430779970252233,-0.011503758432005634,-0.009533387583012583,0.0005817329404310492,0.0011731496518926322,-0.00908636716920383,-0.0045447258076743565,0.0012147061138493,0.0012438590244918226,-0.01681329561583448,-0.0030825224634302615,-0.02447043800741835,0.001675070050423372,-0.0025294118022483048,-0.006124887880258891,-0.002424310392859116,-0.008413466008239199,-0.00465733912852366,-2.3457388920178346e-08,-0.0031075984957702474,-0.006514245107430931,0.003710994373831264,0.0,0.018638597539677566,-0.00814756159994791,-0.013719684496660127,-0.004650062281713429,-0.005067017896817958,0.001032608779658183,-0.01895177360815433,-0.009533387583012583,-0.009508730442261392,-0.04640819162535043,-0.004718838426964433,-0.0026902641456777836,-0.0006726333315505428,-0.02054358646273613
2026-02-22 00:00:00+00:00,-0.005076923598302585,-0.0017187632082571332,0.0013765263610169007,0.0010115999650385438,-0.002138875714135794,-0.010788939894638817,-0.005828990584330383,0.0005817329404310492,0.0011731496518926322,-0.005846551593839699,-0.004191864316674497,0.0012147061138493,0.0012438590244918226,-0.01797796009716527,-0.0045019403900195785,-0.02206115560814106,0.001675070050423372,-0.0019728513655348223,-0.003563388429298963,-0.001014788787551585,-0.005662404609435336,-0.0030079480749356314,3.675459936403058e-11,-0.0027146615272926056,-0.005001180062724597,-0.0005633770298464796,0.0,0.004089278321571583,-0.006425233353448552,-0.014263762968380354,-0.0030008282829533986,-0.0051671601999031865,0.001032608779658183,-0.016202466028704364,-0.005828990584330383,-0.005821957245193644,-0.0207783117558004,-0.004303879350863061,-0.0012515097128397092,-0.00014017193888271606,-0.02035124972462654
2026-02-23 00:00:00+00:00,-0.046012673136415216,-0.0016063309701794405,0.0013012016972677076,0.0011292944171151487,-0.0016326304261067592,-0.011504790626795878,-0.003703982830543723,0.0005817329404310492,0.0011731496518926322,-0.004061265927074067,-0.004007434064153667,0.0012147061138493,0.0012438590244918226,-0.0137843583171919,-0.004516613480152769,-0.020283993246781137,0.001675070050423372,-0.0017947052263362906,-0.0024581520842428066,-0.0012799768582487947,-0.0040655516137508485,-0.0016010688283327368,7.668962354046016e-09,-0.002605939658831602,-0.0032695014087098686,0.020144232360567556,0.0,-0.0007587091578769359,-0.005089712547863074,-0.011182007539286571,-0.0016124485344895575,-0.004453294160985869,0.001032608779658183,-0.013946458270349854,-0.003703982830543723,-0.003710592125359247,-0.05189072754624523,-0.004372554920056479,0.004719498613155176,0.0005034509466117498,-0.01493772491812706
2026-02-24 00:00:00+00:00,-0.00834051043719164,-0.003290935879896928,0.0015719903471764617,0.0018379005242813442,-0.0025608439134027746,-0.008819111275442453,-0.005708309997168811,0.0005817329404310492,0.0011731496518926322,-0.005938441287079752,-0.0034684017616225787,0.0012147061138493,0.0012438590244918226,-0.010158358104827375,-0.007458503039966811,-0.012447480846561772,0.001675070050423372,-0.000997107592320745,-0.0031285481392581116,-0.0010584685276546911,-0.005828274056707121,-0.001227497307204329,6.950459052745828e-08,-0.0020030818551948215,-0.0021336128898705948,0.016071999978900763,0.0,0.007000109418007196,-0.006499855104418348,-0.005163505046460437,-0.0012445629763761755,-0.00517673362975965,0.001032608779658183,-0.007905649109631747,-0.005708309997168811,-0.0057097532454652095,-0.03472741210814592,-0.008056161020968995,0.0054450668951790265,0.0008728436249310079,-0.014478816650807858
2026-02-25 00:00:00+00:00,0.05878816281009236,-0.006269275180502097,-3.87481993919202e-06,0.001296050850724519,-0.002150788726641419,-0.010486613378699132,-0.005131824299137285,0.0005817329404310492,0.0011731496518926322,-0.005119833729070672,-0.00345249688403971,0.0012147061138493,0.0012438590244918226,-0.0065166980704735615,-0.007095033435685707,-0.009841342518384174,0.001675070050423372,-0.00218399468591457,-0.0030811947558790098,-0.012800314772505919,-0.004912247211011816,-0.0008259712751497281,1.259888726679037e-08,-0.0029328638245225136,-0.0013361135420444144,-0.040745419558582595,0.0,0.01088172963740767,-0.005345265009730099,-0.0018447657428732967,-0.0008683860638713965,-0.004706610792847781,0.001032608779658183,0.004046535139690244,-0.005131824299137285,-0.0051255967006776084,-0.04161979595588553,-0.008081608688223487,0.0076815206508718484,-0.00024509486137525016,-0.007839011959731579
2026-02-26 00:00:00+00:00,-0.007478610812400532,-0.0034367037464532297,-0.001218755930537203,8.695433609579397e-05,-0.0015633862193476125,-0.0084579118903283,-0.006867073097137526,0.0005817329404310492,0.0011731496518926322,-0.0061160481773139186,-0.003035866100811372,0.0012147061138493,0.0012438590244918226,-0.009685839532295987,-0.0054382938267458335,-0.007569406788444631,0.001675070050423372,-0.00354018527181843,-0.004880526683393496,-0.0003481292984847234,-0.005473692935740657,-0.0034900078652634597,-8.880261326282834e-08,-0.0040192626135073795,-0.007685099905794773,0.02859157308405514,0.0,0.012978697424761753,-0.004711481857004908,-0.007696599602652725,-0.0034944540543255733,-0.0038042155880392125,0.001032608779658183,-0.0030790156361465548,-0.006867073097137526,-0.006832725967346539,0.024934499020818505,-0.0021668835354383934,0.004784657530327227,-0.0010691167003820112,-0.00638965517282486
2026-02-27 00:00:00+00:00,-0.02358034539975762,-0.004506987995811487,0.00204699902357803,0.0010451324407381838,-0.0018749334463886544,-0.008836505856168417,-0.008618011283776636,0.0005817329404310492,0.0011731496518926322,-0.007673619004975855,-0.0036796812265879547,0.0012147061138493,0.0012438590244918226,-0.013108444033165736,-0.009528531671764514,-0.01196766700526599,0.001675070050423372,-0.0015279489019448533,-0.005285156745817473,-0.010957462373133595,-0.006996414471150853,-0.004386278310683821,1.1296704016672265e-08,-0.002507943342003216,-0.011844382109647701,-0.008502407211618006,0.0,-0.0011408356740619323,-0.005732620957591417,-0.0057822647718797455,-0.004326303237955312,-0.00444105635624386,0.001032608779658183,-0.015122838531325471,-0.008618011283776636,-0.008568338401400349,-0.01697300091008781,-0.002637032032928432,-0.003081910594766414,0.00044734625715570075,-0.013023627921938896
2026-02-28 00:00:00+00:00,0.016768637200984315,-0.004496266454247714,0.0023544728237290067,0.0014469378813207953,-0.002825247212403904,-0.010514694339403824,-0.008895763244695452,0.0005817329404310492,0.0011731496518926322,-0.008393694611044167,-0.003734478972218632,0.0012147061138493,0.0012438590244918226,-0.013566827550766592,-0.010006119498418089,-0.010503031398936382,0.001675070050423372,-0.0011897669777614084,-0.005760266082705037,-0.001928127512785642,-0.007723388787095273,-0.003578475940496359,3.5619377669604546e-08,-0.0022699366703786694,-0.012172067893272695,0.0009668320525555901,0.0,0.008955643215188967,-0.007179726042624925,-0.0037793736453105606,-0.0035938707107113755,-0.004870358470843123,0.001032608779658183,0.00031094669298226997,-0.008895763244695452,-0.008873064694001417,-0.007984651341138892,-0.0044898852931433844,0.0029254792001764695,0.0005264364486023965,-0.01092559564858675
2026-03-01 00:00:00+00:00,-0.018952127255245088,-0.010208156071321096,-2.256693835318781e-05,0.0008183804043949191,-0.0023868529779274596,-0.00937242822332658,-0.006790658522978645,0.0005817329404310492,0.0011731496518926322,-0.0067122591443256685,-0.003271371710993167,0.0012147061138493,0.0012438590244918226,-0.00870075648221862,-0.008320361744152837,-0.008306411386149183,0.001675070050423372,-0.0021848361430265584,-0.005325354948563874,-0.00036973830534526246,-0.006215289220191834,-0.003135291199770426,-2.5329860875444865e-08,-0.0030569071071333553,-0.014529695456492131,-0.024381478448896116,0.0,-0.01247504952508373,-0.0061935513542789745,-0.007682182175719436,-0.0031908229900425387,-0.0034542178919232734,0.001032608779658183,0.007210079306512093,-0.006790658522978645,-0.006788215046570864,-0.010338568827893788,-0.0026097405642095304,0.0031940257267035707,-0.0005833398361350106,-0.011084702797234058
2026-03-02 00:00:00+00:00,0.0451739987422588,-0.001883330434000101,0.0010724394920184753,0.0013380127804730362,-0.002174495023767796,-0.006373877274395184,-0.0062799564073244855,0.0005817329404310492,0.0011731496518926322,-0.0062633001621477035,-0.0032856028121987105,0.0012147061138493,0.0012438590244918226,-0.005893356294010565,-0.009045987876757028,-0.005014072237370376,0.001675070050423372,-0.0012664447158350356,-0.004665822983034858,-0.0012080021912121883,-0.005917373940806155,-0.0025301755135586027,2.8628154069565426e-08,-0.002365707764459657,-0.014944628828024172,-0.014911543528873566,0.0,0.023724163660346676,-0.005683356363279145,-0.007025695554656129,-0.0025557087957587994,-0.0036121341402722473,0.001032608779658183,-0.003536888393223912,-0.0062799564073244855,-0.0062731274976300325,-0.005103807616187964,-0.004055615083368138,0.005926684065934447,0.0001262691165671015,-0.005915592424571514
2026-03-03 00:00:00+00:00,-0.007035921401254086,-0.009085972147421883,8.957278214895194e-05,0.00032299887479624663,-0.000848823478965151,-0.003289747032698832,-0.0038575874134776176,0.0005817329404310492,0.0011731496518926322,-0.0038105322392099393,-0.0032049099665151315,0.0012147061138493,0.0012438590244918226,-0.0031509947495068002,-0.004943793576062509,-0.008238185806012256,0.001675070050423372,-0.0026489146509582895,-0.004505610708653535,-0.0016149695641592332,-0.003419022424947708,-0.002386886339001672,-6.823767328967278e-08,-0.0034628125942806065,-0.017686287837416572,-0.01597415807884696,0.0,-0.03609080619982136,-0.002953324181595348,-0.0046731692011337716,-0.002448537282203106,-0.0024133564887910005,0.001032608779658183,-0.0069146185837501584,-0.0038575874134776176,-0.003850898493883332,-0.01440804082247446,0.000298735460658822,0.005171963086958125,-0.00037235663362800153,-0.007101386785507202
2026-03-04 00:00:00+00:00,0.06267011054362293,-0.004714908269674132,0.0015438150699194203,0.0010695012025513668,-0.0014739722663190827,-0.005503627473830493,-0.0076566878372387485,0.0005817329404310492,0.0011731496518926322,-0.007056359787158662,-0.0035513831613474232,0.0012147061138493,0.0012438590244918226,-0.011734033685869996,-0.009087302576239515,-0.006825554502399387,0.001675070050423372,-0.0010904604137991214,-0.0061177477530097064,-0.0017452235853811378,-0.006359611526880676,-0.004005368037191425,1.062802823525999e-08,-0.0022849534661375515,-0.02181505508221079,-0.014367556859996244,0.0,-0.018731435577027063,-0.004739153393165682,-0.005379330065574057,-0.003991739113458928,-0.0038222911206284996,0.001032608779658183,-0.0063946832807371574,-0.0076566878372387485,-0.007619376599476891,-0.006390186842571727,-0.00035035293171378084,0.0036344800939780183,0.00024061538800701499,-0.011668417602777481
2026-03-05 00:00:00+00:00,-0.026047184090687736,-0.0019214594123248226,0.0006206545648340696,-9.314957614827346e-06,-0.0027814646279093348,-0.0039670424381260585,-0.010547851101608503,-0.021909720776729813,0.0011731496518926322,-0.009668811877360396,-0.002476042393670781,0.0012147061138493,0.0012438590244918226,-0.008891733904761697,-0.006923156329176516,-0.01057168572041144,0.001675070050423372,-0.002433391039538435,-0.008421089891645583,-0.012156207335283387,-0.00867944494458733,-0.007817113586303607,-9.46665039691652e-08,-0.003355091531927812,-0.03425312138036121,0.009831502961371866,0.0,-0.011535445652215455,-0.008369042269575064,-0.0002631140906764662,-0.007858392598569408,-0.002618096087129698,0.001032608779658183,-0.01900732968243938,-0.010547851101608503,-0.010516812496794927,-0.004126918896048874,0.005223878524144506,-0.00567246127702309,-0.001316220146737379,-0.006400095298886299
2026-03-06 00:00:00+00:00,-0.03892676222985436,-0.0035426848310628973,0.0024676979930657395,0.0013463584677994675,-0.0011910958292065902,-0.003433248554237435,-0.0036484889519004197,0.0005817329404310492,0.0011731496518926322,-0.0039010639240933303,-0.0031813019724438165,0.0012147061138493,0.0012438590244918226,-0.006139655670463239,-0.012380625275958481,-0.0069169004507927834,0.001675070050423372,2.076698461905835e-05,-0.003399601841933261,-0.003904647137877132,-0.003906054157331129,-0.0027534321820188515,3.9345508184851496e-08,-0.0014754788277819841,-0.02706575701525322,-0.0021171993265885645,0.0,-0.010415066307454804,-0.0043809984060981366,-0.0014032814533735374,-0.002758072218972322,-0.002886654792407205,0.001032608779658183,-0.009500303459468977,-0.0036484889519004197,-0.00364741652872047,0.01811023758720716,0.002457475737263195,-0.0032350258059807044,0.00020547937292292318,-0.003990839701145887
2026-03-07 00:00:00+00:00,-0.012760002816373017,-0.01066691373605264,0.002316767505796016,0.001747289900693951,-0.0017846873723365675,-0.0020272395765661404,-0.004590965696220198,0.0005817329404310492,0.0011731496518926322,-0.004720053002003856,-0.002896224019045428,0.0012147061138493,0.0012438590244918226,-0.00805526271504608,-0.010100927663587268,-0.0137742244638799,0.001675070050423372,5.204909908584909e-05,-0.00423472020580278,-0.0040076073653612515,-0.004511935103335438,-0.0013648016547336212,5.880099429589336e-08,-0.0014435054597594643,-0.024326924927898383,-0.019132250603379083,0.0,-0.040390661616405844,-0.004627220519784838,0.0004731120404247448,-0.00144407675021703,-0.0037779137200718155,0.001032608779658183,0.0015457560316214456,-0.004590965696220198,-0.004589258490233733,-0.03087004330326891,-0.001203496266425983,0.004221358233482438,0.0009644459031914465,-0.006522766314446926
2026-03-08 00:00:00+00:00,-0.019556151272462685,-0.01099199326048218,-0.00021678495197992266,0.0013586079738434561,-0.002954494419185559,-0.0015222112635557058,-0.0077657544558864125,0.0005817329404310492,0.0011731496518926322,-0.007600109353380065,-0.0027629017044715426,0.0012147061138493,0.0012438590244918226,-0.007146133994632164,-0.010888068994034118,-0.006491554111973919,0.001675070050423372,-0.0008904465479186996,-0.005580660608338063,-0.0008999662239806365,-0.007132691685630331,-0.002542576144738349,1.9274748908060246e-08,-0.002156969031256395,-0.02613161882810927,-0.02413946041077139,0.0,-0.013279432249392296,-0.007201935681119593,0.00187723365317653,-0.0026174045683377296,-0.0034566390029708983,0.001032608779658183,0.017984549470305915,-0.0077657544558864125,-0.007756068573720914,-0.01344530182171182,-0.002226031834126341,0.0016022213860945479,0.0004335846226570794,-0.002734073903411627
2026-03-09 00:00:00+00:00,0.03621088313367338,-0.009498657543933857,0.0001655892733573815,0.0014211511468505617,-0.002069961389971713,-0.0016579331415932908,-0.004740942386117171,0.0005817329404310492,0.0011731496518926322,-0.004927069075558587,-0.002569134725550453,0.0012147061138493,0.0012438590244918226,-0.003170076200685631,-0.011116442997980132,-0.01039139637547384,0.001675070050423372,-0.0009020668027730494,-0.003248917470406691,-0.0047662049860491135,-0.004837379945366838,-6.753101962216675e-05,2.9540631274471707e-08,-0.0021604127901948544,-0.021465687597412866,-0.0014788221862724435,0.0,0.014509070095037147,-0.004990030757159099,-0.0022352685779861597,-0.00011991365201423007,-0.003344132249368962,0.001032608779658183,0.012685789503998955,-0.004740942386117171,-0.0047378038697745775,-0.033488124044447266,-0.003759277063214218,0.0033976977255611813,-1.938877557883245e-05,0.0004130029701627791
2026-03-10 00:00:00+00:00,0.0220430630536832,-0.01099199326048218,-0.0003791188561830469,0.00048589550811321326,-0.00311434134410984,-0.0031141204046613168,-0.009369841035286167,0.0005817329404310492,0.0011731496518926322,-0.008606265644554696,-0.003360059556080306,0.0012147061138493,0.0012438590244918226,-0.005090778798026308,-0.011836569167405284,-0.009520880053815602,0.001675070050423372,-0.0021699546712756757,-0.005706920791901908,-0.0010650163502203276,-0.007999429889107566,-0.004190973195988707,-5.469841113381335e-08,-0.0031539354537652997,-0.029344544354917842,-0.019383398051537024,0.0,-0.010652679484830766,-0.008163406447963295,-0.005439032530617044,-0.004218069292071016,-0.003863072675911352,0.001032608779658183,0.005351318471448619,-0.009369841035286167,-0.009337768620985384,-0.013249886133740237,-0.0002239790810375104,0.0012477709379327654,-0.0007787504612437601,-0.0018540777964517474
2026-03-11 00:00:00+00:00,0.003967140831024452,-0.005352211680094324,0.0008559467569834313,0.000599409558416744,-0.0013185019507809914,-0.004851495306929937,-0.00428837843510622,0.0005817329404310492,0.0011731496518926322,-0.00399677292035658,-0.00276630529606601,0.0012147061138493,0.0012438590244918226,-0.008352229680647224,-0.012255018094742292,-0.00944360927891083,0.001675070050423372,-0.0014590072833726708,-0.0026073799733561673,-0.0024127510987640047,-0.003935163193816695,-0.0020985594932140745,-3.329729558743111e-08,-0.00262936152575044,-0.02587135924848233,-0.021076664907131983,0.0,-0.006921596488138343,-0.004418186675576823,-0.005909110962570392,-0.0020875964722803387,-0.0024867317881005265,0.001032608779658183,-0.00045581948045473643,-0.00428837843510622,-0.004266807613061746,-0.006724939534637478,0.001745375079513365,0.0004515009867312753,-5.4112325026167696e-05,-0.007078229915350676
2026-03-12 00:00:00+00:00,0.00410208851035776,-0.0017187632082571332,0.0020230410089056962,0.0009206142957865702,-0.0032129588282618932,-0.005113119060403312,-0.007074340575825886,-0.021909720776729813,0.0011731496518926322,-0.007225168621523886,-0.004122384379936773,0.0012147061138493,0.0012438590244918226,-0.019472204713952068,-0.011999837584199912,-0.019175730300439203,0.001675070050423372,-0.0007938645674023803,-0.004121192775779171,-0.009420066116105826,-0.007121306740900782,-0.004308929075844954,-5.9926268392018756e-09,-0.002133912108273961,-0.022104921772858707,-0.003780374768249269,0.0,-0.03161936926929228,-0.008986154627290972,-0.01142289288424865,-0.00432467729208314,-0.007517947942274963,0.001032608779658183,-0.028602992157288523,-0.007074340575825886,-0.0070797947250997185,-0.013338723179468132,0.0019416078839935259,-0.009944447481166501,0.00013167501709432372,-0.019234739243984222
2026-03-13 00:00:00+00:00,0.006712861238543866,-0.0015577859103625123,0.001361009829664671,0.0009616851673084315,-0.0009972008707212995,-0.004486915663627545,0.00015851742762735578,0.0005817329404310492,0.0011731496518926322,-0.000601555435158955,-0.0030680158793770563,0.0012147061138493,0.0012438590244918226,-0.005571728622346377,-0.0072571126601389,-0.011548799892235374,0.001675070050423372,-0.0007060466546491284,-1.9356362494038146e-05,0.0008949414194127487,-0.0011442694096126733,-0.00040465852955413363,-6.196430035743106e-09,-0.0020726292046848727,-0.01659642293770544,-0.005424637818298038,0.0,-0.023826920117571017,-0.00370269421537258,-0.007223831595645114,-0.0004431733693209812,-0.002767440263879766,0.001032608779658183,0.004133369593592,0.00015851742762735578,0.00013303289929231178,-0.003927564424143038,0.00213241966248582,0.002384789056929231,-0.00036870529564936305,-0.0068061756901443005
2026-03-14 00:00:00+00:00,0.003465390532710444,-0.0015577859103625123,0.0009470812785583058,0.0009230488380609798,-0.000433846011021374,-0.003920865179198112,-0.001362474415786007,0.0005817329404310492,0.0011731496518926322,-0.0013177525407829377,-0.0032645301483878804,0.0012147061138493,0.0012438590244918226,0.0005945031084478894,-0.0031410882077314256,-0.006826609034748318,0.001675070050423372,-0.0006850213966487217,-0.0012316372602021574,0.0027329965446677594,-0.0014782329978027693,-0.0014602913453396846,-1.0140141171177675e-08,-0.002058555223559466,-0.016149720597819318,-0.012322784871044669,0.0,-0.005862677994530451,-0.002642248890081167,-0.006863872373911411,-0.0014711494853027198,-0.0018722928303767984,0.001032608779658183,0.00408970993071928,-0.001362474415786007,-0.0013491185777418939,-0.018868270966105473,0.0025372910707247716,0.005467531573932901,-0.00031364667478861463,-0.0020694234408438206
2026-03-15 00:00:00+00:00,0.021879197879023593,-0.0015577859103625123,0.0010580509855557278,0.0009727880588179036,-0.0011207253190016115,-0.004173965072463155,-0.004889480384546616,0.0005817329404310492,0.0011731496518926322,-0.00439899753861574,-0.003909696848117783,0.0012147061138493,0.0012438590244918226,-0.0063586532218877796,-0.002628755822429671,-0.007815463642406057,0.001675070050423372,-0.0005242638978941727,-0.0036439574694180775,0.0062255120878432916,-0.004122175752937972,-0.0032911955502558697,-5.234671363041343e-09,-0.0019347285546285065,-0.016709136696872053,-0.024414126174713512,0.0,-0.005581781767397813,-0.00429402322274099,-0.005439155807219527,-0.0032915739559822117,-0.004053005069408387,0.001032608779658183,0.003294246146239268,-0.004889480384546616,-0.004857079706638618,-0.0011049690588709848,0.0026190915629865966,0.005260308138133373,0.00023876453834503764,-0.010728700086474419
2026-03-16 00:00:00+00:00,0.02805680610892658,-0.0010888231375701242,0.0007335542483470957,0.000667900624942727,-0.0006561948290571291,-0.002899790984283187,-0.005378291694675255,0.0031093465277902345,0.0011731496518926322,-0.004461869202315978,-0.003192164993210351,0.0012147061138493,0.0012438590244918226,-0.008090904520864528,-0.0017789012914772038,-0.01864475227358149,0.001675070050423372,-0.0008193878168132329,-0.004186590449476191,0.002438275001706973,-0.004005243590751841,-0.004053824438163856,-3.3049694536657626e-08,-0.0021655391552339864,-0.017548212880573316,-0.01617444000969574,0.0,-0.031592622518913295,-0.0036017918004703944,-0.005196283977547975,-0.004040201768970511,-0.002107521238362215,0.001032608779658183,0.0012511603549019926,-0.005378291694675255,-0.005325978357928907,-0.02987799546563761,0.004322464750538368,0.006202683291609652,-0.00013819287643812572,-0.00736644770950079
2026-03-17 00:00:00+00:00,-0.012617278563277878,-0.0015577859103625123,0.000936635214072379,0.0005222102408499539,-0.0019348916923753188,-0.0030093866827268514,-0.00791477384584311,0.0005817329404310492,0.0011731496518926322,-0.007364409931107519,-0.004171547668342933,0.0012147061138493,0.0012438590244918226,-0.013322559147080274,-0.0026275740476058764,-0.007792327199315268,0.001675070050423372,-0.0006761310589915581,-0.006154423046517036,-0.0003142593545324182,-0.006807846668082128,-0.006202798905087338,-4.238134110323699e-08,-0.002061298891808505,-0.01781794250994229,-0.008240867861809057,0.0,-0.017663012959241282,-0.006936113405574309,-0.011182875391250638,-0.006200083415881616,-0.004554562761955134,0.001032608779658183,-0.01930551758897999,-0.00791477384584311,-0.007881714106835686,0.003350728256669464,0.006421610066845523,-0.0036825748596048913,-0.0007559800382548332,-0.011174771934747696
2026-03-18 00:00:00+00:00,-0.03688417423341761,-0.0022652798045441264,0.0021313348600905976,0.001190838161696509,-0.0018109941552732732,-0.003026499497687125,-0.005688948884107365,0.0005817329404310492,0.0011731496518926322,-0.005568731696278902,-0.004866441736346928,0.0012147061138493,0.0012438590244918226,-0.016678396589489438,-0.005783093304104925,-0.01810732797974634,0.001675070050423372,0.0004504112068364208,-0.004110860867178169,-0.0020122112616350833,-0.005424983223215348,-0.004175157313662393,1.9059003264487728e-08,-0.001186784779735106,-0.014465170916176124,-0.026844240023792754,0.0,-0.009579868703045464,-0.006361334391227989,-0.012425386093219635,-0.004172779245704821,-0.0051383033398356886,0.001032608779658183,-0.0094952242241463,-0.005688948884107365,-0.005671514926376198,0.0014511935149852297,0.004737214258008534,-0.004118139379450889,-4.0216602091192044e-05,-0.014042967930436134
2026-03-19 00:00:00+00:00,-0.018884161047628467,-0.008950561564344118,0.0018423159092684838,0.001691733659448274,-0.002470700046749692,-0.0017380558865425525,-0.0048671386670722325,0.0005817329404310492,0.0011731496518926322,-0.00557960944411056,-0.0036167712227992946,0.0012147061138493,0.0012438590244918226,-0.007850159335919973,-0.010139232106096144,-0.003861651396298402,0.001675070050423372,0.0007977811497372755,-0.004132254922839451,0.0045382173079548185,-0.005582690738590718,-0.0017035017895392114,5.5715526414701344e-08,-0.0008945801359594441,-0.01311024891528702,-0.028895099129987452,0.0,-0.002450446507944709,-0.00674418652588075,-0.001306258577117368,-0.0017717671300636973,-0.00423250095722694,0.001032608779658183,0.004052082289214028,-0.0048671386670722325,-0.004888035366296267,-0.003678444616004396,0.001055264910270004,0.003980855636907303,0.0008981339848546099,-0.006254435982555151
2026-03-20 00:00:00+00:00,0.008684431647449031,-0.010956953917510278,0.00020530520117915865,0.001454743136009948,-0.002676400979674537,-0.001895900217796881,-0.005400899316743134,0.0005817329404310492,0.0011731496518926322,-0.005866872626328437,-0.003107652473644525,0.0012147061138493,0.0012438590244918226,-0.005043406397839961,-0.011347700718134023,-0.0022642565837414476,0.001675070050423372,2.1512108885346493e-05,-0.0041050512933793835,0.002183589083141677,-0.005810864088791448,-0.001381069554959181,2.8525608541940528e-08,-0.0014653258713508421,-0.01280414092344696,-0.01812118323103398,0.0,-0.004307805572236534,-0.006926105496967327,0.0009614642510527754,-0.0014578934556270058,-0.0035105809671447954,0.001032608779658183,0.009968914770923971,-0.005400899316743134,-0.005413429440768558,0.005885439262238936,-0.0007087886661772291,0.003690562916302842,0.0005698756901608704,-0.0007985393749549985
2026-03-21 00:00:00+00:00,-0.026016105631017084,-0.011636779387309837,-0.00039576377054406555,0.0009562359465224945,-0.0024165003933523926,-0.00144504273997044,-0.0062345054377434365,0.0005817329404310492,0.0011731496518926322,-0.006165741872698548,-0.003764949990192589,0.0012147061138493,0.0012438590244918226,-0.006508600944651905,-0.012169270454032302,-0.006031136804452036,0.001675070050423372,-0.0007471742652800373,-0.004022192513235337,0.0008077501355447367,-0.005967922525683402,-0.0020965360105086542,-1.3118251374066858e-08,-0.002044544787054292,-0.014293709358983742,-0.016963053885826883,0.0,0.009668885655150238,-0.0066947871372211015,-0.004086459910098466,-0.002126959712326771,-0.004440016152309838,0.001032608779658183,0.002137486668895657,-0.0062345054377434365,-0.006225053557143279,-0.020379474650488325,0.00012180103092369203,0.003266461134308972,-0.00042762130772189266,-0.006241853814572096
2026-03-22 00:00:00+00:00,-0.012688120086085775,-0.0019214594123248226,0.001124443944680848,0.001476157381831133,-0.0024096390597270847,-0.0012237286820724821,-0.006352290890888977,0.0005817329404310492,0.0011731496518926322,-0.006138849802650802,-0.0034531377158567235,0.0012147061138493,0.0012438590244918226,-0.007387743574842116,-0.01306436935791041,-0.006229201444812909,0.001675070050423372,2.1346139179811985e-05,-0.003279516086162632,-0.0033161133545181495,-0.006011536794179523,-0.0014501945458224312,3.9298685194921745e-08,-0.0014408820305167325,-0.01436220247252122,0.004421325491260078,0.0,0.0022258311075542157,-0.006478682639251599,-0.004382874761743931,-0.0014450850634001354,-0.003912670887715979,0.001032608779658183,-0.004061410898182948,-0.006352290890888977,-0.006331982287759526,0.00635283080704213,-0.0021905442378613764,0.002938143214066132,0.00013596530512316463,-0.008179002441465855
2026-03-23 00:00:00+00:00,0.04425119303469849,-0.010956953917510278,0.0007602917205647241,0.0013207955665388597,-0.0029656665794932074,-0.0021142908379322986,-0.008059250999360716,0.0005817329404310492,0.0011731496518926322,-0.007375286718260315,-0.0039034648285068336,0.0012147061138493,0.0012438590244918226,-0.012745120844845652,-0.012643843409661435,-0.017815973909305997,0.001675070050423372,-0.0005049117785258517,-0.003962064658083204,-0.0032383408447840462,-0.007044261518566199,-0.0025042317322861397,1.9166137121828797e-08,-0.001836792956991573,-0.013155399228521795,-0.009027502318483897,0.0,0.0018004608438424486,-0.007621521025110375,-0.009402945698594971,-0.0025103070861260107,-0.006010576625808827,0.001032608779658183,0.003104633380515429,-0.008059250999360716,-0.008024776174159266,-0.01613018109503834,-0.0031194112222043065,0.0015487654059886584,0.0005168110435143092,-0.012601546011865139
2026-03-24 00:00:00+00:00,-0.005613991531696172,-0.008191386891016752,-0.000648782282666903,0.00033629083286539096,-0.0028610350628051028,-0.002959959973527914,-0.0074196760293945814,0.0005817329404310492,0.0011731496518926322,-0.007019109767456319,-0.00446929240921921,0.0012147061138493,0.0012438590244918226,-0.015007361828101983,-0.01092967891640877,-0.015714469672443485,0.001675070050423372,-0.0017470542842890069,-0.004266716085761136,-0.00011451630539443056,-0.006701230051477396,-0.0037426382989134395,-6.684374120879966e-08,-0.0028020094675795804,-0.015738622673168404,0.002880901830931342,0.0,0.004766139793997827,-0.007768123130279109,-0.009096546092280092,-0.0037581773733348645,-0.005294455055784689,0.001032608779658183,-0.0036724111887009112,-0.0074196760293945814,-0.007403936500095066,0.004340628003176259,0.00107049910636094,0.0026955614532340653,-0.00040907232106413005,-0.01799190603196621
2026-03-25 00:00:00+00:00,0.011168924480813303,-0.004662589265267126,0.0016299820590541263,0.001047233187440674,-0.001725051123761648,-0.0008118831373036739,-0.003929619563729325,0.0005817329404310492,0.0011731496518926322,-0.0040573298269244345,-0.0038167446129334787,0.0012147061138493,0.0012438590244918226,-0.013497778474878482,-0.011178512885027227,-0.012488148154013102,0.001675070050423372,-0.00026912717861371505,-0.0020263134944066012,0.0006119737635130528,-0.004159523729739063,-0.0018287728750753028,8.480130375687622e-09,-0.0016700128762945354,-0.014645493848361568,-0.0009691161903085787,0.0,-0.007531361722217788,-0.005226247811741889,-0.007123693125260677,-0.001806458132824657,-0.004060506214263457,0.001032608779658183,-0.013718430233749296,-0.003929619563729325,-0.0039260807153283,-0.006410114674892635,0.00047892170034122164,0.0009691797672749013,-0.00026017585186188796,-0.01796053908765316
2026-03-26 00:00:00+00:00,-0.03595291880741591,-0.003290935879896928,0.0015037602025519642,0.0008591895350229342,-0.0012422558196069564,-0.0029639126897376936,-0.004265370966905929,0.0005817329404310492,0.0011731496518926322,-0.003952926742939139,-0.0030437886184727946,0.0012147061138493,0.0012438590244918226,-0.002129107519570766,-0.007444125247531427,-0.002491546143102723,0.001675070050423372,-0.0006025055546743374,-0.0030258425023718893,-0.0008073627041672816,-0.0037303758330118056,-0.002281920365998176,-1.68712386283687e-08,-0.0019313054932847962,-0.01118045313053529,-0.004042573480657166,0.0,0.003457158279946773,-0.004044876922934997,-0.007454875916787751,-0.0022883002153258848,-0.0025210868046759765,0.001032608779658183,-0.0069946925229811465,-0.004265370966905929,-0.004246337722472019,0.00402989924405162,0.0014242193536800711,0.007437055502460306,-0.00046157546903025093,-0.0026685099583119154
2026-03-27 00:00:00+00:00,-0.03631346968520788,-0.0019214594123248226,0.001616877985126487,0.0016312106936975086,-0.0020124650696269836,-0.002101257684229366,-0.007530688956954295,0.0005817329404310492,0.0011731496518926322,-0.006768009867322436,-0.0036417843093423307,0.0012147061138493,0.0012438590244918226,-0.006170795457789461,-0.008883588892329423,-0.005620447559058161,0.001675070050423372,0.00044248041961303386,-0.004383972490247568,-0.0035781377222772596,-0.006229360549861339,-0.0026915717036940247,5.430876193202039e-08,-0.0011115736205908888,-0.008579951695771151,-0.0016216753860086256,0.0,0.005996151292722187,-0.00542424077239677,-0.004208539106543599,-0.002665749449972417,-0.0039446067231498445,0.001032608779658183,-0.008360588568840836,-0.007530688956954295,-0.0074886836366755746,-0.009603006615449031,-0.001882301351551828,0.008093337751159045,0.0008902386281661734,-0.004709498956799507
2026-03-28 00:00:00+00:00,-0.0002816215791394683,-0.010425977668912855,0.001009819754462895,0.0017415152167419995,-0.0032717443115795357,-0.0036072339943803195,-0.010243629691453815,0.0005817329404310492,0.0011731496518926322,-0.009297959882963485,-0.003271055840740483,0.0012147061138493,0.0012438590244918226,-0.010853190888005015,-0.011136384793647968,-0.009973216149882377,0.001675070050423372,6.421442912341035e-05,-0.005887089896565908,0.0013107951155737821,-0.008508790303280729,-0.003204042027384506,5.485349952039087e-08,-0.0013815163879815628,-0.00757459653804449,-0.010470746370130323,0.0,0.03298944018639001,-0.007666435425765446,-0.0033656511255849846,-0.003218482942218919,-0.004805426749267715,0.001032608779658183,0.014064031381595071,-0.010243629691453815,-0.010199993563412358,-0.01563401811835626,-0.004928233880521459,0.005615260282043668,0.0008980151483495291,-0.008961544372141361
2026-03-29 00:00:00+00:00,-0.005515409833700247,-0.010425977668912855,-0.0005792529563491918,0.0011466676657277456,-0.002322725388832126,-0.0029583526809938347,-0.007676726956437383,0.0005817329404310492,0.0011731496518926322,-0.006968579283945539,-0.0032600955424224114,0.0012147061138493,0.0012438590244918226,-0.010994897960061962,-0.009172786577049175,-0.01158837817736262,0.001675070050423372,-0.0010525212338308165,-0.00470010438154957,-0.007339931851686158,-0.006358575097517923,-0.0018957326402559878,4.254872010278632e-10,-0.0022302311345079318,-0.005089861641136383,0.0026175401169482035,0.0,-0.005958091746582584,-0.005464989608613677,-0.0017366717203441623,-0.0019167336736537945,-0.004383126153692591,0.001032608779658183,0.007080066871872031,-0.007676726956437383,-0.00763986367536844,0.014287880352193182,-0.004517509286525645,0.007194292901360011,-0.000281250260611543,-0.008936271071434021
2026-03-30 00:00:00+00:00,0.011105181731210223,-0.0006584773512036892,0.00023531328069985248,0.001154945247316117,-0.0025440959604125825,-0.004564688085905542,-0.008715942316843545,0.0005817329404310492,0.0011731496518926322,-0.008131438598349375,-0.0029707459849541195,0.0012147061138493,0.0012438590244918226,-0.010438698314809421,-0.008983770576822665,-0.011290723609318296,0.001675070050423372,-0.0009545984389358608,-0.005383634708006908,-0.009708355728226968,-0.00744773748189548,-0.002320635595646661,8.331319634180545e-09,-0.002154382100533425,-0.005670611735513734,-0.00502877163371411,0.0,-0.021596062760226124,-0.006114363800160255,-0.004360558308213838,-0.002316864910621372,-0.004304026470967948,0.001032608779658183,-0.0033186774815577216,-0.008715942316843545,-0.008680964120556486,0.011595643648494717,-0.004606074704054666,0.0073356978619729726,-0.00023189626159414445,-0.008493410423398018
2026-03-31 00:00:00+00:00,0.022856210162577995,0.00039709169141132926,0.0005893572675956746,0.0008748065886097366,-0.0037495030071838364,-0.0054452772420213735,-0.009931607705214226,0.0005817329404310492,0.0011731496518926322,-0.00983237717271361,-0.0038289834236114903,0.0012147061138493,0.0012438590244918226,-0.005717062888186243,-0.010184340619907232,-0.005525269784728127,0.001675070050423372,-0.0013036969874509197,-0.006193463125865677,-0.00721006192919599,-0.0092311332830116,-0.004164049358470224,-1.677495298224585e-08,-0.002433242038755168,-0.009133583425994242,0.013288930953268127,0.0,-0.02072240542482223,-0.009318625897788996,-0.005916865125286926,-0.004186009935675329,-0.003933082815595667,0.001032608779658183,-0.01162058695698689,-0.009931607705214226,-0.009923900416123364,0.012132906862924614,-0.0032166179421380544,0.002523241632389789,0.00012064693750524214,-0.0003981001500505954
2026-04-01 00:00:00+00:00,-0.0022706442540201266,-0.0010888231375701242,0.0006205275738699939,0.0006381424817520516,-0.002139991385732906,-0.0062400478209158495,-0.004209129924379375,0.0005817329404310492,0.0011731496518926322,-0.004815551088734614,-0.0033131167369726804,0.0012147061138493,0.0012438590244918226,-0.009998865090912442,-0.008507144426265833,-0.007625488608469683,0.001675070050423372,-0.0013748368514487908,-0.0031111185577229685,0.0031529279582459776,-0.004809712011126265,-0.0019848972906100133,-3.452554153682286e-08,-0.0025036062527981073,-0.008594324964257848,0.011655227979477571,0.0,-0.01779797796501304,-0.005878177784824603,-0.009006763413396068,-0.00201625391135423,-0.004117514382157973,0.001032608779658183,-0.008960288895285497,-0.004209129924379375,-0.004228712080016531,0.01219604173454083,-0.0009106198635374672,0.007201565825845873,-4.842828886708617e-05,-0.008280974812805653
2026-04-02 00:00:00+00:00,-0.01763414922887563,-0.0017187632082571332,0.0016281061845366627,0.0010313989075101926,-0.002339607861000625,-0.005895460257709387,-0.005667012556135245,0.0005817329404310492,0.0011731496518926322,-0.005841398239966488,-0.0037203440358392005,0.0012147061138493,0.0012438590244918226,-0.012827810855247018,-0.009114148835725956,-0.01065386918700276,0.001675070050423372,-0.0005909344633785452,-0.0035920257802138484,-0.002627438465924561,-0.005696261309972564,-0.003149659983947996,3.4298768269991342e-09,-0.001909405700779132,-0.011115744311029432,-0.002939527779905748,0.0,0.0006657257068952104,-0.006604857157728511,-0.009741986655358477,-0.003153568483928352,-0.005077995651992848,0.001032608779658183,-0.017912521175963106,-0.005667012556135245,-0.005669493565893016,0.008429179710070952,-0.0010312172425040345,0.004651321365467002,-0.0002765966903783834,-0.0099177910014987
2026-04-03 00:00:00+00:00,0.0006356502125015595,-0.001883330434000101,0.0016193509822351117,0.0013444618592363922,-0.001309991230843583,-0.003690364224477777,-0.0031579502726554005,0.0005817329404310492,0.0011731496518926322,-0.0032933694620124326,-0.003735724407630101,0.0012147061138493,0.0012438590244918226,-0.0025106761559898797,-0.0065563533901276776,-0.0020880623838989195,0.001675070050423372,-0.00027646478588572165,-0.0021850447736104063,-0.004297868864921904,-0.0032865461605875905,-0.001320563342443161,2.663732168173283e-08,-0.0016652784698170109,-0.00733035873764226,-0.014963664498886746,0.0,0.0050819637730418355,-0.0039636556198638494,-0.008921068699586632,-0.0013373644752578831,-0.00400804757632463,0.001032608779658183,-0.013572544371991012,-0.0031579502726554005,-0.0031546421961255256,0.017502258298531446,-0.002500138509362816,0.00855842623457177,-3.874258617919679e-05,-0.006108458153903484
2026-04-04 00:00:00+00:00,0.00535554449552933,-0.01066691373605264,0.0004792652484866708,0.001077553356859726,-0.001238023492061896,-0.003988706598440816,-0.0043808391002526145,0.0005817329404310492,0.0011731496518926322,-0.00422207607049013,-0.003959514245856398,0.0012147061138493,0.0012438590244918226,-0.009668063404550656,-0.004286421980505906,-0.012906386402836756,0.001675070050423372,-0.000808530963425369,-0.0032397567929480374,-0.007802098199319214,-0.003949960527403005,-0.002006219315849705,-9.601421879779082e-10,-0.0020718612210366416,-0.004374863386426085,-0.006456972652578526,0.0,0.007986797065696105,-0.003928281861288461,-0.00830708816078103,-0.0020213718899838454,-0.004836281422202072,0.001032608779658183,-0.012189561646972385,-0.0043808391002526145,-0.0043638055534698204,0.007309741264055496,-0.0022230550537023046,0.008092118703644834,0.00030935242810237185,-0.017748316749930382
2026-04-05 00:00:00+00:00,0.024824828794848486,-0.0017187632082571332,0.0004545092658053022,0.0009616567977214466,-0.0018592221441479664,-0.0045030933780992235,-0.008055307757458934,0.0005817329404310492,0.0011731496518926322,-0.007218395751578799,-0.003878473269631597,0.0012147061138493,0.0012438590244918226,-0.013458641110695408,-0.004733279271563846,-0.009651731315184446,0.001675070050423372,-0.0008827085635374488,-0.005168233638940369,-0.0018997867333097175,-0.006532628382824814,-0.004201119074470696,-8.089834580005117e-09,-0.0021301869382011063,-0.006437369260399244,-0.0004956484495866498,0.0,-0.0016837244324960548,-0.005712542508107182,-0.010146594622002169,-0.004177552488095689,-0.0051271167932348295,0.001032608779658183,-0.010540314025870497,-0.008055307757458934,-0.008010904599469721,0.0036659716035228745,-0.0015529791239851328,0.006505226212546365,0.00023654081654100878,-0.013852722942829132
2026-04-06 00:00:00+00:00,-0.001771166793332668,-0.0010888231375701242,0.0005968713624444726,0.0006165518187457428,-0.0014617959576029476,-0.00562511024812805,-0.00764108315337863,0.0005817329404310492,0.0011731496518926322,-0.006720485994602195,-0.0032708791985627157,0.0012147061138493,0.0012438590244918226,-0.010132407151680624,-0.0044678813310952276,-0.005168391575290485,0.001675070050423372,-0.001172630532416008,-0.005243371916844106,0.00048194892058329693,-0.006008546647833201,-0.004635439542011108,-3.7499230387538773e-08,-0.0023636734264389503,-0.007797798973580012,-0.010378569131783578,0.0,-0.0016631415412604387,-0.005110753995786798,-0.006595413460639923,-0.004608572166944399,-0.0044846346552807744,0.001032608779658183,-0.010274758204583552,-0.00764108315337863,-0.007594050439782866,-0.00661303011202484,0.0007799961941029227,0.005917577224338062,-0.0007073409990905333,-0.00971962045878172
2026-04-07 00:00:00+00:00,0.04376925008865129,-0.0020673762306904504,0.0015412424453463197,0.0010200324909865075,-0.0020567882181630223,-0.006724694740936911,-0.00796485868755184,0.0005817329404310492,0.0011731496518926322,-0.007674351927404511,-0.003920798198673338,0.0012147061138493,0.0012438590244918226,-0.017195280186887648,-0.008185909613355092,-0.013711489928453436,0.001675070050423372,-0.0003515006323944192,-0.005817066954025885,-0.002056989301599377,-0.007063220170911149,-0.004497336116069536,2.6753852466754324e-09,-0.001735562039238303,-0.009159176985798524,-0.013738968424368165,0.0,-0.021283504125497052,-0.006436518097651559,-0.013271217986264428,-0.004482426466804742,-0.005764519803929893,0.001032608779658183,-0.018964754094569332,-0.00796485868755184,-0.007943714545327406,-0.009343398618224693,0.0005540356740191576,-0.0006897797630811223,-0.0003211409320993397,-0.017899086698889732
2026-04-08 00:00:00+00:00,-0.01142638659290185,-0.0006983128861057797,0.0006290050233536228,0.0003038509673896621,-0.002155461663272063,-0.007950206088287587,-0.007205579362947753,0.0005817329404310492,0.0011731496518926322,-0.007133502084564296,-0.003905906728492262,0.0012147061138493,0.0012438590244918226,-0.012082408768338672,-0.006514248817741172,-0.012060606088405276,0.001675070050423372,-0.0012148938073970328,-0.005906084784736943,-0.00024118761974001112,-0.006592237189455152,-0.005336354194729385,-6.611576530701768e-08,-0.002412087456701073,-0.011985280135046052,-0.02276752621074867,0.0,-0.020054030565469536,-0.006973088311176396,-0.00799101917190934,-0.0053622088141944985,-0.005796120444244868,0.001032608779658183,-0.010825013097538293,-0.007205579362947753,-0.007203077335940179,-0.006729105077267317,0.004376377587399017,0.00023254392665723975,-0.0003795472038952141,-0.012569840997457504
2026-04-09 00:00:00+00:00,0.009020473987913391,-0.003219437839705839,0.001943638272849682,0.0011412127737544051,-0.0015492278923222103,-0.007129613453210098,-0.0038293566022471574,0.0005817329404310492,0.0011731496518926322,-0.0045368386838397735,-0.0031494444772539334,0.0012147061138493,0.0012438590244918226,-0.011088998713977519,-0.012170835314556587,-0.011752384045965705,0.001675070050423372,0.0003549877632984533,-0.003524660890334192,-0.006758130484740587,-0.004551016264697604,-0.0028460491031277345,1.7260061824231343e-08,-0.0011997552526157307,-0.012943782010360309,-0.010171649445085895,0.0,0.0019088813465307436,-0.005491496208046554,-0.004721587362974193,-0.002854601383000992,-0.004239074666050265,0.001032608779658183,-0.01751269358095979,-0.0038293566022471574,-0.003850093839802505,0.006549224516027838,0.0029782358198228035,-0.002569615639679025,0.000484699349707185,-0.009701956994831562
2026-04-10 00:00:00+00:00,0.0167360714535274,-0.006195464611411041,0.0014119732239403114,0.0009082307630803782,-0.001230441429407039,-0.006358846282609543,-0.00413109704926202,0.0005817329404310492,0.0011731496518926322,-0.0043455495888992226,-0.004089868370638028,0.0012147061138493,0.0012438590244918226,-0.00893086582694847,-0.010154536007250489,-0.009594962173960607,0.001675070050423372,-0.0001316881061441677,-0.004058979171904108,-0.0019988488250296914,-0.004134257824765927,-0.0029632441639243614,-1.3625877315348589e-08,-0.001567905856001417,-0.013391708506630788,-0.027611850110531414,0.0,-0.010132882812708776,-0.004731259346134045,-0.006229331650512561,-0.002998908818587205,-0.004836683022826774,0.001032608779658183,-0.01247492609794648,-0.00413109704926202,-0.004135129513685929,-0.024347910012683507,0.003512411644025576,0.0044334301144232785,-0.0004383384325112871,-0.012575940228998661
2026-04-11 00:00:00+00:00,0.0010302658186933655,-0.0006983128861057797,0.0005600863775345085,0.0007462197192741895,-0.0013688641781540983,-0.006358426846649928,-0.006823920297770123,0.0005817329404310492,0.0011731496518926322,-0.006354484526416914,-0.003616144999551399,0.0012147061138493,0.0012438590244918226,-0.006245803996729523,-0.010408535744965754,-0.005081639123945296,0.001675070050423372,-0.00019030835907329902,-0.005684227995231016,-0.007899751630610432,-0.005793519953679479,-0.004780853462200681,-2.528074283247861e-08,-0.0016041033908056335,-0.0172943821069975,-0.01471041198093492,0.0,-0.0027640080773495127,-0.005475780706236024,-0.008206483480455601,-0.004779324037434234,-0.003110574219160134,0.001032608779658183,-0.014587689483206738,-0.006823920297770123,-0.006798424662038555,-0.020215259044347244,0.004681826007019491,0.0001969407730593233,-0.000591531040070592,-0.008857952430844307
2026-04-12 00:00:00+00:00,-0.03200195641601056,-0.001313416746575291,0.0014046438509445482,0.00099012813592891,-0.0015464051030328295,-0.005170650448937558,-0.007322399488805664,0.0005817329404310492,0.0011731496518926322,-0.006827829438360641,-0.0037122873953949636,0.0012147061138493,0.0012438590244918226,-0.007286981884215297,-0.011168598087402979,-0.004841813746394588,0.001675070050423372,0.0003050559808119857,-0.005838451305803219,-0.003648891724251186,-0.006266926273435379,-0.004719878472459513,-1.556308859562705e-09,-0.0012114509798770712,-0.019072375207856363,-0.006199900151320551,0.0,-0.010926758312667947,-0.00584574895871685,-0.008816484764222964,-0.0047117223586452175,-0.0032301918040207934,0.001032608779658183,-0.014452494931769548,-0.007322399488805664,-0.007293881959674018,-0.01819135531505901,0.004358528950399181,-0.0019223058782874723,0.0002616502062657844,-0.0089256064966321
2026-04-13 00:00:00+00:00,0.051392257782232775,-0.0017187632082571332,0.0018040350679987241,0.0015820253508702865,-0.0025644619686918495,-0.004770417173572924,-0.009098918954761257,0.0005817329404310492,0.0011731496518926322,-0.008452823308998339,-0.004767113513700855,0.0012147061138493,0.0012438590244918226,-0.012039512323866528,-0.012373424662431475,-0.008067600913617898,0.001675070050423372,0.0009601417518627642,-0.0060401386190837535,-0.004503636604404915,-0.00785125607156236,-0.0043356226803994025,4.83406470408454e-08,-0.0006819436045315541,-0.019014584949173997,-0.013213871666122057,0.0,0.0004953176688391451,-0.007556639112247325,-0.0062836050313535285,-0.004334149204684248,-0.005854347729090637,0.001032608779658183,-0.009604072198414646,-0.009098918954761257,-0.009065713429084847,-0.028791068249177678,0.0011419371015973724,-0.0010519577836768028,0.0008322730120227106,-0.012060008943080902
2026-04-14 00:00:00+00:00,-0.004076670658996306,-0.005352211680094324,-0.0006056734302047869,0.00025070813980322356,-0.0017442454820533262,-0.003878741898274201,-0.00650791912826138,0.0031093465277902345,0.0011731496518926322,-0.0061312462553934554,-0.003039008755085329,0.0012147061138493,0.0012438590244918226,-0.0055082826381457626,-0.009480432206563447,-0.007864259683788252,0.001675070050423372,-0.0010209013833719638,-0.005601675422638716,-0.004729920581397445,-0.005631854214860139,-0.004123571268912216,-7.763065212884612e-08,-0.0021999203844700332,-0.01829487706271619,-0.015913776612083506,0.0,-0.0011405719738959677,-0.005833521980690887,-0.006148335821948478,-0.004171789099692637,-0.0009778717654887364,0.001032608779658183,-0.0150824108305082,-0.00650791912826138,-0.006492239001534604,-0.015606564287829042,0.0055865751072838405,0.003523144702549208,-0.0010574294084957359,-0.008946211077272892
2026-04-15 00:00:00+00:00,0.008369504683727769,-0.004496266454247714,0.0013513256096909462,0.001009666945474151,-0.002626331963492816,-0.005027570873213177,-0.007727303977721529,0.0005817329404310492,0.0011731496518926322,-0.007741811222246019,-0.00432786393322862,0.0012147061138493,0.0012438590244918226,-0.012102236169758472,-0.011910893132971202,-0.016002883966156702,0.001675070050423372,0.0005992788351960598,-0.005434969774660587,-0.0048282594552057165,-0.007483120826272948,-0.0049300865577393774,6.157909737680711e-09,-0.0009406269963587732,-0.02357255002622444,-0.022684232319434745,0.0,-0.005287852909014399,-0.008235527199019637,-0.0108075475591538,-0.004920750952696529,-0.004970979882261397,0.001032608779658183,-0.026970142559966076,-0.007727303977721529,-0.00772076279572613,-0.005617015958098751,0.004731509474342917,-0.01633779126460391,-0.0003155652903856776,-0.009977458044886589
2026-04-16 00:00:00+00:00,0.004628724487071523,-0.0018107484291612118,0.0017296322819399434,0.0009014912116536098,-0.0014850312192512707,-0.00501204319794183,-0.003528659379741752,0.0005817329404310492,0.0011731496518926322,-0.0038642968834036165,-0.003333033726204788,0.0012147061138493,0.0012438590244918226,-0.007635110537661275,-0.009261942401614093,-0.006744188319020819,0.001675070050423372,0.00034318463872118343,-0.003367092934006517,-0.0009190571527841239,-0.00391452269223648,-0.002533668128886159,-1.2642571434184902e-08,-0.0011262655083417172,-0.02047415980875495,-0.032261306723842365,0.0,-0.008724000219395563,-0.005281883825050654,-0.006886857899460441,-0.0025775738738831027,-0.0029910260622735534,0.001032608779658183,-0.00755953523032705,-0.003528659379741752,-0.003537263017261489,0.0011440178992925467,0.005053016016577864,0.002839820242814343,0.00012060055161100536,-0.007113251835107803
2026-04-17 00:00:00+00:00,0.02593729657840349,-0.001313416746575291,0.0009035369352621111,0.0009501922310877132,-0.0019106760008181316,-0.003750326952633124,-0.006327795591501369,0.0031093465277902345,0.0011731496518926322,-0.00603940083380195,-0.002927245770952901,0.0012147061138493,0.0012438590244918226,-0.005864345759040242,-0.009416638966877935,-0.006663483689733506,0.001675070050423372,0.0004903263267941327,-0.004721126128488653,-0.000241750802767141,-0.005767963567043815,-0.004050663529166327,-6.9919519063432745e-09,-0.0009935446059721187,-0.021898581301631626,-0.028658922272709744,0.0,-0.008835739776812871,-0.006418838127849397,-0.007299099515468078,-0.004061663262433677,-0.0014846975497372183,0.001032608779658183,-0.008081271579435464,-0.006327795591501369,-0.006310264189347296,-0.023278563841400854,0.005015189654964992,-0.00017832856183402977,0.00028920318977299075,-0.005886266008019447
2026-04-18 00:00:00+00:00,-0.018327445076504745,-0.000867293514961372,0.0007225561261104298,0.0005961790618153752,-0.001975301545482729,-0.005704868646319517,-0.0068719325098593265,0.0031093465277902345,0.0011731496518926322,-0.006425661026514291,-0.002742118836781576,0.0012147061138493,0.0012438590244918226,-0.008540508421019135,-0.007934041143718793,-0.006958574334739917,0.001675070050423372,0.00011907569914271221,-0.005293667997724899,0.0017036329825129133,-0.006055537473510076,-0.004995146813458614,-3.917966928668193e-08,-0.0012661930848132386,-0.024154546926543185,-0.03399952506948516,0.0,-0.00458484627558647,-0.00675790458884651,-0.008480861837238058,-0.005009924400816432,-0.002306215082082848,0.001032608779658183,-0.01257592741049631,-0.0068719325098593265,-0.0068507569976053815,0.001076379085580651,0.006865576468792055,-0.00200416622674539,-0.0006606561738546901,-0.011646043509244919
2026-04-19 00:00:00+00:00,-0.025002336494923227,-0.0022652798045441264,0.0018296119098859555,0.0012974502903358007,-0.0018194593877438351,-0.0038226461179046126,-0.0062866692548251574,0.0031093465277902345,0.0011731496518926322,-0.005858091423892363,-0.002842967019999369,0.0012147061138493,0.0012438590244918226,-0.006165700216528211,-0.00984190688928128,-0.008262187057110496,0.001675070050423372,0.0012498314637046093,-0.0043420911062944205,-0.0004186384760468211,-0.0056223626178341,-0.003734389035475132,2.7684516012982385e-08,-0.00037075952727505523,-0.023191312586436964,-0.01233967232906685,0.0,-0.01205127622045644,-0.006070791726259926,-0.0062820087603955,-0.003725221283365164,-0.0010076130795355254,0.001032608779658183,-0.0053415945581154305,-0.0062866692548251574,-0.00626005286412743,-0.009226993264513548,0.004636811787639001,-0.0028322861859513522,-0.00010334048013760366,-0.008099080994725227
2026-04-20 00:00:00+00:00,0.026932597272258718,-0.009498657543933857,0.0014809935632572797,0.001505057504793477,-0.001594431315965501,-0.0043973669142563804,-0.005595165592111579,0.0005817329404310492,0.0011731496518926322,-0.005177269957014675,-0.003923686076648756,0.0012147061138493,0.0012438590244918226,-0.011176962677988485,-0.010889955350728377,-0.011546466392838949,0.001675070050423372,0.0011675684924039587,-0.0041710218256067935,-0.003047169744923258,-0.004898022842597554,-0.002040765479905702,3.7767394545085153e-08,-0.00040023432046076834,-0.018151770177462292,-0.0143688407433163,0.0,-0.016939040138406438,-0.0048317505728094085,-0.0017797635006570865,-0.0020671218451901686,-0.004497412114548795,0.001032608779658183,-0.009334609368539583,-0.005595165592111579,-0.005566499282481034,-0.005283126990733668,0.002014761320900782,0.005110678647309888,0.0006566779540762013,-0.010625745169818401
2026-04-21 00:00:00+00:00,0.006309747501946461,-0.0067389667344747006,-0.0004473442668793048,0.0006542291548584081,-0.003312480039414806,-0.004647541711314552,-0.010848405445168168,0.0031093465277902345,0.0011731496518926322,-0.009837923445632724,-0.003973281935163245,0.0012147061138493,0.0012438590244918226,-0.005860654026352024,-0.006779083035468635,-0.01258639879111006,0.001675070050423372,-0.00015637531246781577,-0.006985832247521962,-0.0015819257112296716,-0.009102907673101492,-0.006252681603388229,-4.068305692328522e-08,-0.0013971929150855544,-0.02139206187021027,-0.026304967288176717,0.0,-0.016720658763919063,-0.009410132291426065,-0.005433206256988423,-0.006267917274545037,-0.0024228183373860308,0.001032608779658183,-0.00991695403591652,-0.010848405445168168,-0.010804229079040065,-0.015408232508898612,0.004218593621686064,0.00022912590969534276,-1.1277194293057846e-05,-0.006992207374423742
2026-04-22 00:00:00+00:00,0.023944952373343042,-0.003219437839705839,0.0008216776089242603,0.0008883716375820143,-0.001852812591932635,-0.0036030207069026455,-0.004782643608876333,0.0005817329404310492,0.0011731496518926322,-0.004967683044602163,-0.004066479643598493,0.0012147061138493,0.0012438590244918226,-0.008090196929051193,-0.010106637872496821,-0.008340000726431538,0.001675070050423372,0.0005085215435300938,-0.0034361122124218486,0.0035472075659893983,-0.004989160544790458,-0.0028159256795212456,-9.531268219120648e-09,-0.0008681121913518552,-0.01991859049090001,-0.021308352368505694,0.0,-0.007673600406239621,-0.006086192579141834,-0.008346737647106906,-0.002818337703416635,-0.003942231965449897,0.001032608779658183,-0.008634260614940973,-0.004782643608876333,-0.004778774006961585,-0.002779314391672788,0.00440327304601603,-0.0017632980619439378,-0.00037734345040796313,-0.011328088119626045
2026-04-23 00:00:00+00:00,0.0008417038623189654,-0.001313416746575291,0.0011729919269359535,0.0006215495740663922,-0.0020807510781884943,-0.003083692609499988,-0.006482553950852489,0.0005817329404310492,0.0011731496518926322,-0.006229596827203159,-0.0032492124285682686,0.0012147061138493,0.0012438590244918226,-0.005159776096456859,-0.009225275262357398,-0.00024204476205208535,0.001675070050423372,0.0002423036392507072,-0.004832283284042747,0.001150019236027031,-0.005959076436012102,-0.0043796302066649445,-3.6170131778590076e-08,-0.0010624878231162427,-0.020694528473756583,-0.03083084743985709,0.0,-0.027732822514569034,-0.006784720133784972,-0.007114900405853055,-0.004392137091870521,-0.002786696839735314,0.001032608779658183,-0.00954914158703511,-0.006482553950852489,-0.00646576681411608,0.006269623368923265,0.006131553005121704,0.0004921231086372704,-0.000794889867208326,-0.0045911832712590694
2026-04-24 00:00:00+00:00,-0.01044985540070087,-0.0019468314482496871,0.0014986956120256923,0.0009764917066070605,-0.002022645729229047,-0.003791931101248438,-0.006211131159243812,0.0005817329404310492,0.0011731496518926322,-0.006043823428331278,-0.0034861727732195973,0.0012147061138493,0.0012438590244918226,-0.007236055084753732,-0.010539223791451387,-0.0063851738270527415,0.001675070050423372,0.000941052443724999,-0.004489964561011198,0.002057773069674477,-0.005852740103847128,-0.004047329430795633,-1.271493133003787e-09,-0.0005049077596925855,-0.020891096902123558,-0.03285998810556918,0.0,-0.002292352620548278,-0.006642762650060941,-0.008800255632445388,-0.00404567161369333,-0.0031644079322788628,0.001032608779658183,-0.010200575225565332,-0.006211131159243812,-0.0061948940864185505,-0.006185145987360722,0.005663339755924949,-0.0014629911312198504,0.00022903272991037227,-0.008127626031637192
2026-04-25 00:00:00+00:00,0.002021098580042846,-0.0016063309701794405,0.0015833122704976502,0.0012154771808878676,-0.0028847045939720843,-0.00308241797866787,-0.007452313810316891,0.0005817329404310492,0.0011731496518926322,-0.007323049447773061,-0.0045380846888335635,0.0012147061138493,0.0012438590244918226,-0.01195236103887278,-0.010713293907336068,-0.011263125099978998,0.001675070050423372,0.0011595705702927006,-0.004799221865221654,0.0010665669578882827,-0.007098410140707583,-0.004293582062708996,1.5785058593564827e-08,-0.0003089873968633583,-0.019917334841786694,-0.02023438911577247,0.0,-0.0029960649452158918,-0.008378057826696973,-0.010945745634102343,-0.004307276821371855,-0.005144320075487124,0.001032608779658183,-0.010411613747530113,-0.007452313810316891,-0.0074418879619841515,-0.027782094803861117,0.0042377385618392206,0.0003934241932927084,0.0005819942842055781,-0.012361747212707996
2026-04-26 00:00:00+00:00,0.013381225028139099,-0.006712141082784429,0.000666100190505239,0.0010366989574351387,-0.0018257183376100853,-0.0036030966611468895,-0.00433788341583033,0.0005817329404310492,0.0011731496518926322,-0.004416985669388892,-0.00411176475548092,0.0012147061138493,0.0012438590244918226,-0.01126027877150499,-0.0101184196601875,-0.009266157314741483,0.001675070050423372,0.0007706834061327328,-0.0030689404448521252,0.0015059110413831224,-0.0044399659959035165,-0.002484308573869718,-3.052951669246795e-09,-0.0005794026697696353,-0.016491794736173886,-0.02404658280139963,0.0,-0.00726953017937592,-0.005830593971973155,-0.00813251983616896,-0.0025070733866621084,-0.00432057967977008,0.001032608779658183,-0.006508307079874371,-0.00433788341583033,-0.004332676566836519,-0.0011899876557085118,0.004041368548469182,0.002782611192779451,-0.0002644691933948451,-0.01154282595962286
2026-04-27 00:00:00+00:00,-0.016547994707933,-0.0012944923684539093,0.0004946462653025222,0.0008203308295584007,-0.0013133956873969616,-0.0028770245549163197,-0.006010448535135507,0.0031093465277902345,0.0011731496518926322,-0.005261395773772634,-0.0035843373519661263,0.0012147061138493,0.0012438590244918226,-0.00962217666180631,-0.009793614855965969,-0.01718382880488288,0.001675070050423372,0.0005370215642024334,-0.004014290441632321,-0.005311058730477214,-0.004928709731585635,-0.0036884650672995333,-2.0213052565054568e-08,-0.0007361800490794934,-0.016591152534932332,-0.012543921307153812,0.0,-0.007959642822054738,-0.005072028657772688,-0.007615640759923818,-0.00366450785128657,-0.0009533259110022463,0.001032608779658183,-0.0073933253519527006,-0.006010448535135507,-0.005966585482200845,-0.005850782500549861,0.004867237903888555,0.003375470742163014,-0.0006330638757123808,-0.0054467166773974895
2026-04-28 00:00:00+00:00,-0.013218654490737336,-0.0019214594123248226,0.0014901988743282063,0.0012975929787799728,-0.0030299413562504584,-0.002106887166533651,-0.010187547564259984,0.0005817329404310492,0.0011731496518926322,-0.009538413766900056,-0.004622422165456187,0.0012147061138493,0.0012438590244918226,-0.016913764071575573,-0.012487431979375532,-0.014795263581093343,0.001675070050423372,0.0012407742429854096,-0.006508029474333809,-0.0037428183548345838,-0.008912963664803288,-0.005188091960231222,2.4996591463377626e-08,-0.00016626755106585733,-0.018597313433234914,-0.03176806007932668,0.0,-0.001261103104776994,-0.008769781370051506,-0.011334074891383607,-0.0051659211954569375,-0.0055626501610665565,0.001032608779658183,-0.018000269996870627,-0.010187547564259984,-0.010150439231114616,-0.01074041638686188,0.0029726406399671916,-0.003665165268424806,0.00047757786418500814,-0.01259654015302658
2026-04-29 00:00:00+00:00,-0.007553459041741206,-0.011636779387309837,0.0010587312675516298,0.0013056716868911668,-0.0028043666887308215,-0.0027208422221664612,-0.00832751910283204,0.0005817329404310492,0.0011731496518926322,-0.007898000436024327,-0.003965533464244526,0.0012147061138493,0.0012438590244918226,-0.012094995652786796,-0.01275153695502126,-0.011731271181184753,0.001675070050423372,0.0009723934553615976,-0.005258438491139432,-0.0028049752188327934,-0.007486515018017079,-0.0037004906189832473,1.9967515640928468e-08,-0.000341923672836586,-0.014537017502426584,-0.022742467843529873,0.0,-0.012073323087058366,-0.007867645773277646,-0.005908034995598087,-0.003707538763374601,-0.004883385326168615,0.001032608779658183,-0.00936880699891401,-0.00832751910283204,-0.008301009102245752,-0.028654279825296045,0.0015401310486461161,0.0014941976297829734,0.0006483299574178147,-0.01189349964261055
2026-04-30 00:00:00+00:00,0.006946186875135041,-0.009085972147421883,0.0004138147685438171,0.001210894895542212,-0.003215388866533099,-0.0019066089082177724,-0.008353052055351109,0.0005817329404310492,0.0011731496518926322,-0.008095980869236297,-0.00435991069960544,0.0012147061138493,0.0012438590244918226,-0.017198506907593468,-0.01139261061796209,-0.011104049648839202,0.001675070050423372,0.0006751815528680538,-0.004839299930708307,-0.004545270239620652,-0.007813937118479627,-0.003847829932372296,1.1409930777972477e-08,-0.000540992774661575,-0.012991483782995491,-0.03411389630855907,0.0,-0.001479008791848634,-0.008848995435356619,-0.007618309398018259,-0.003853684188239873,-0.005560124064949957,0.001032608779658183,-0.010301883649958736,-0.008353052055351109,-0.008334195555177358,0.009543595376720511,0.0007354547755335514,0.0005915294698080734,-8.176855761732327e-05,-0.015994615852832794
2026-05-01 00:00:00+00:00,0.024271509894035148,-0.0036277443373295,0.00035186048948178004,0.0009527374482093913,-0.002561643575776351,-0.003642061309485051,-0.006127496180505758,0.0005817329404310492,0.0011731496518926322,-0.006114493715840561,-0.003967579707284086,0.0012147061138493,0.0012438590244918226,-0.008152144295350355,-0.010585375740627618,-0.003326953738343238,0.001675070050423372,0.0002794658011069373,-0.0035483708692016698,-0.0040899491883939956,-0.006046589435857451,-0.0029334675455596855,-1.0492565039044166e-08,-0.0008250599831658434,-0.010484203399637905,-0.031210418599663767,0.0,0.020727625611250373,-0.007393136620751927,-0.005480191613875046,-0.002938894813433285,-0.004284905187237697,0.001032608779658183,-0.013094957864872329,-0.006127496180505758,-0.0061180872595477664,0.010895006504015911,0.0012845348685834492,0.0013197578368958837,-0.0005401146557169056,-0.008439982309937477
2026-05-02 00:00:00+00:00,0.0060987365147830985,-0.0010888231375701242,0.000469906067975839,0.0006247112713447538,-0.0021814405591051296,-0.0029335128999142357,-0.00563473278632745,0.0005817329404310492,0.0011731496518926322,-0.005794224955918502,-0.00354695873297158,0.0012147061138493,0.0012438590244918226,-0.012260019526028227,-0.01012217723606054,-0.01296199779690552,0.001675070050423372,1.3960402416302031e-06,-0.004087585607201528,-0.0010586657921902282,-0.005677878277224953,-0.003312879834752768,-3.666341719110733e-08,-0.0010289319875358416,-0.009472600512265096,-0.029250797675017752,0.0,-0.007908013733642829,-0.006696467915717453,-0.010701595570179868,-0.003323204106203321,-0.004465739304232746,0.001032608779658183,-0.017222608019584196,-0.00563473278632745,-0.0056328437201656305,0.0036246340934176034,0.0033175712832020257,0.0035722258512695393,-0.00019096228641402035,-0.010942710563540459
2026-05-03 00:00:00+00:00,-0.0015143369624652792,-0.0020673762306904504,0.0014293226266869166,0.0008879582304068052,-0.0023191220763213163,-0.005817775057289457,-0.00736703716091863,0.0005817329404310492,0.0011731496518926322,-0.007093631808279673,-0.0034963381279842836,0.0012147061138493,0.0012438590244918226,-0.013392910971678216,-0.010984828148125996,-0.011084767183249878,0.001675070050423372,0.000615960167754892,-0.004957802021918712,-0.0038557298934034407,-0.006769038525293541,-0.004496774856939105,-9.212520524215506e-09,-0.0005439166573246723,-0.010794995430513668,-0.017074874333844105,0.0,-0.012527528255101573,-0.0072576584835395055,-0.009963728452060965,-0.004477214990995082,-0.004549511675080561,0.001032608779658183,-0.019825378405369527,-0.00736703716091863,-0.00734640388540969,0.0046364335421562874,0.003563286227300764,-0.0003743358852251928,0.0003149118632155279,-0.011457323096692562
2026-05-04 00:00:00+00:00,0.016287676864907397,-0.0010888231375701242,0.0015455242300897265,0.001052319347975349,-0.0026518827997428765,-0.005519202393115971,-0.009156738719743554,0.0005817329404310492,0.0011731496518926322,-0.0083628122022028,-0.003987741082575807,0.0012147061138493,0.0012438590244918226,-0.012243732979671636,-0.010764150474067244,-0.005631982925729318,0.001675070050423372,0.0008302423279111792,-0.005807363742663612,-0.0032399966776903706,-0.007800241196704767,-0.005515342176554637,2.2874715455145633e-09,-0.00036072270581755106,-0.011196008297359212,-0.015214558354772936,0.0,0.013517531708303908,-0.008029871872696716,-0.010460182716723367,-0.005491266012615424,-0.004164053312567693,0.001032608779658183,-0.018329920734739165,-0.009156738719743554,-0.00911786560892461,-0.013528980249102441,0.0031138455987677494,-0.0003882849959040435,-0.00017050151047115492,-0.006677926052361727
2026-05-05 00:00:00+00:00,0.013675043806523846,-0.0012944923684539093,0.0007143648215865841,0.0007732558100413938,-0.001935528012113232,-0.00454770750553667,-0.007110149994411033,0.0005817329404310492,0.0011731496518926322,-0.006645945435312652,-0.003138669896349689,0.0012147061138493,0.0012438590244918226,-0.009439687582613243,-0.009470762492039818,-0.01257580759880641,0.001675070050423372,0.0004489785431278648,-0.005452302787250597,-0.0035599269525793016,-0.006188404632089676,-0.004718918570063945,-2.460339487697638e-08,-0.0006362966966459993,-0.009792033084885786,-0.006672221494304477,0.0,0.0038450728870827603,-0.0063577674653915416,-0.006270664496642099,-0.004719831246755679,-0.00399775473144825,0.001032608779658183,-0.017285213541960963,-0.007110149994411033,-0.007083618390336851,0.006879208982108953,0.004278852337107939,0.003826434134639632,-0.0006750110546036581,-0.0034261932596564293
2026-05-06 00:00:00+00:00,0.006165248057273587,-0.000867293514961372,0.0009640879229791475,0.0007798006598046952,-0.0018310128800241039,-0.0039077431746737425,-0.007877425881807548,0.0005817329404310492,0.0011731496518926322,-0.007273132882195156,-0.003224350527792256,0.0012147061138493,0.0012438590244918226,-0.00652834700102288,-0.007749266140357114,-0.0020747096554379644,0.001675070050423372,0.0006557957351347454,-0.00619486632590356,-0.006143253206154306,-0.006696021465525547,-0.005460892253247346,-2.0656914401229187e-08,-0.00045997170592038117,-0.01067652402374479,-0.01749980797514199,0.0,-0.01618581394734877,-0.006371410287847554,-0.004769005264126303,-0.005446169978459366,-0.0033775399454680703,0.001032608779658183,-0.01765813293170277,-0.007877425881807548,-0.007841673139738738,0.008144798645681444,0.005109704850230058,0.0003731940153859925,-4.4263183431425546e-05,0.0016220357501879334
2026-05-07 00:00:00+00:00,-0.017561908350902655,-0.0010888231375701242,0.0014050125893290656,0.0009077658381003939,-0.00206068896029703,-0.00617100854667354,-0.008469518540352858,0.0005817329404310492,0.0011731496518926322,-0.00802071662218503,-0.002755634780077436,0.0012147061138493,0.0012438590244918226,-0.00715613303038029,-0.0077875837121217754,-0.0030960493577685986,0.001675070050423372,0.0009392333295554778,-0.006962424406606849,-0.0062761179925178,-0.007383913314788804,-0.005661338552493238,-9.312964621699393e-09,-0.00022224899981004853,-0.011000195897359382,-0.017187796304564722,0.0,-0.004442554026080443,-0.006913514380525582,-0.002814822470302127,-0.005658516015348235,-0.0036036682318886,0.001032608779658183,-0.018577962458666858,-0.008469518540352858,-0.008439309486248704,-0.0018604690862535828,0.005202778483442387,-0.0011154680822118325,0.00030963806143269323,-0.0005057587986811996
2026-05-08 00:00:00+00:00,0.002206954893020807,-0.0016063309701794405,0.0016006433488888632,0.0013265520675812897,-0.002801492186215394,-0.004252946485628772,-0.010053808666398656,0.0005817329404310492,0.0011731496518926322,-0.009556687566690127,-0.003640193530098188,0.0012147061138493,0.0012438590244918226,-0.010380493418507164,-0.011214726062083383,-0.008031202444424365,0.001675070050423372,0.0014450724982069119,-0.007632432947090371,-0.004012660949715131,-0.008832840063369415,-0.005513424208224023,2.6528178764806398e-08,0.00019747032025740907,-0.010940012321554851,-0.03730961361358122,0.0,-0.015368932894183378,-0.008213116550496478,-0.008489276937611371,-0.00551884688611567,-0.004767024389219604,0.001032608779658183,-0.017658668291054745,-0.010053808666398656,-0.01002253134177397,-0.017668732555453905,0.00318881413995307,0.0006611882503235829,0.00010079411061347798,-0.008317181840538979
2026-05-09 00:00:00+00:00,0.005938447031187621,-0.010208156071321096,0.0006278955022963821,0.001048546157713242,-0.0032615994670678805,-0.005181794578462372,-0.010428059593521746,0.0005817329404310492,0.0011731496518926322,-0.009935266339262352,-0.0040188428336130665,0.0012147061138493,0.0012438590244918226,-0.015952569860937793,-0.011391111362878731,-0.010548371778433693,0.001675070050423372,0.0008350206683580552,-0.007596994684460437,-0.003685900646032852,-0.009245290457119602,-0.005830695426852907,-3.3336817750750924e-09,-0.00024285958530612106,-0.011243157702932754,-0.04149462868980736,0.0,-0.0040871621629241465,-0.009291263648736031,-0.01021974414488629,-0.005853188875267882,-0.0051784866731845415,0.001032608779658183,-0.01306472810382065,-0.010428059593521746,-0.010401248656346633,-0.01014740673939409,0.003101667668788024,0.0012330237022692416,-0.00043033111199086704,-0.010919859632849693
2026-05-10 00:00:00+00:00,0.018115146956791506,-0.0016063309701794405,0.0004780912163537168,0.0009478776068261035,-0.002685046032104587,-0.005241529520681373,-0.007896522334880297,0.0005817329404310492,0.0011731496518926322,-0.007821859480171008,-0.0034735574309948712,0.0012147061138493,0.0012438590244918226,-0.008798514036217743,-0.011531870213627612,-0.0031786671568490923,0.001675070050423372,0.0007420180160870871,-0.005976260129944799,-0.004073555523136349,-0.007474492598090936,-0.004587739849807191,-8.970344467229552e-09,-0.00028916441268478366,-0.011555452585263058,-0.027897672077691848,0.0,-0.009400908653903665,-0.008051002920681697,-0.008526202160236302,-0.004605000012429027,-0.00407885335654258,0.001032608779658183,-0.01642839404585194,-0.007896522334880297,-0.0078838160363658,0.007016993362392884,0.0033523020064221004,-0.0017056335604302723,7.383059827503757e-05,-0.001978208776563406
2026-05-11 00:00:00+00:00,-0.005011785219489084,-0.001313416746575291,0.0007548663377793033,0.0007282341312374512,-0.002416887180601398,-0.005239654012938475,-0.0069242975478495785,0.0005817329404310492,0.0011731496518926322,-0.007085971756795582,-0.0030587918298067797,0.0012147061138493,0.0012438590244918226,-0.006183148428323549,-0.010784260677458078,0.00050751605379262,0.001675070050423372,0.0005464278540419087,-0.005820120927182083,-0.004058304354240952,-0.006823040640590983,-0.004435252394836911,-2.7363901367039034e-08,-0.00042234755757242226,-0.011626815443654778,-0.02978483834217455,0.0,-0.007766634086324551,-0.0075532524180817115,-0.005215103099056059,-0.004462640372109416,-0.0037360681522556685,0.001032608779658183,-0.01689378543218857,-0.0069242975478495785,-0.006921400130377528,0.010493166293458757,0.004657866252912011,-0.0020802061083244057,0.00011023810713162163,0.0024765310809016228
2026-05-12 00:00:00+00:00,-0.015422747705667206,-0.001313416746575291,0.0014716512304917748,0.0010899449520992905,-0.0028501451380170822,-0.005493833548379465,-0.008468847871949774,0.0005817329404310492,0.0011731496518926322,-0.008335060465644955,-0.00361738522474913,0.0012147061138493,0.0012438590244918226,-0.011239165225924904,-0.012554018018176833,-0.009180896549897755,0.001675070050423372,0.001172637224629014,-0.005991156518759715,-0.005753207782879154,-0.007984188324657427,-0.004963012089778625,7.570525539790651e-09,8.229668197401452e-05,-0.013307756711713449,-0.020661993890668293,0.0,-0.013808363780985567,-0.008640117026194301,-0.007671457011494993,-0.004959000013976613,-0.004868961446262574,0.001032608779658183,-0.020072071504900216,-0.008468847871949774,-0.008453690221536735,-0.010145271990264083,0.0038022339979846076,-0.009337504110146427,-0.00010122224288267034,-0.0067592160776257515
2026-05-13 00:00:00+00:00,-0.015028018231236118,-0.003290935879896928,0.001428396612021125,0.0013149424482461808,-0.0030486720085988045,-0.006325916197682949,-0.008526740965672703,0.0005817329404310492,0.0011731496518926322,-0.008246036439350773,-0.003963996902182622,0.0012147061138493,0.0012438590244918226,-0.015023081006954727,-0.013506105162286324,-0.01101484650358497,0.001675070050423372,0.001298852297930253,-0.0055131243473903,-0.0028746949129838293,-0.007913888366511438,-0.00441735997341597,2.3296887974311176e-08,0.00020910886841285503,-0.012359916385523846,-0.022365964463606544,0.0,-0.0006346720275107241,-0.008778952048315159,-0.008758043729068417,-0.004420734304504663,-0.004691716397484867,0.001032608779658183,-0.015812056134164663,-0.008526740965672703,-0.00850752831080787,-0.022244397094207682,0.0021013771737651396,-0.002193489406978248,-0.00015173130262446932,-0.00557639030739665
2026-05-14 00:00:00+00:00,0.02213214369882266,-0.01099199326048218,0.0007333643213723976,0.0013386317247311814,-0.0030379247456199755,-0.006419386515198034,-0.008369857442260986,0.0005817329404310492,0.0011731496518926322,-0.00794488633002714,-0.003850668380878292,0.0012147061138493,0.0012438590244918226,-0.01139759429745702,-0.013599956344914168,-0.01951891369716486,0.001675070050423372,0.0010802760347221607,-0.0049879614902673,-0.004257712690362462,-0.007631809007926724,-0.0039097159999861445,2.2700652024809642e-08,7.38566543834196e-05,-0.01007654081472243,-0.025363647236282243,0.0,0.002947855500325545,-0.008502015415836681,-0.003545248739002945,-0.003910604860457478,-0.004870995940608453,0.001032608779658183,-0.014555653447687921,-0.008369857442260986,-0.008344751049901424,-0.007119851449108049,0.0005858871536042507,2.293645356434156e-05,0.00042249255166026956,-0.008296542800962925
2026-05-15 00:00:00+00:00,-0.02480277513696727,-0.009498657543933857,-0.0001031303242208753,0.0007129998364480952,-0.0022958960370888268,-0.004966986457641154,-0.007412530249197506,0.0005817329404310492,0.0011731496518926322,-0.006880237446753955,-0.004059435753007633,0.0012147061138493,0.0012438590244918226,-0.0163082782980847,-0.011983432858630415,-0.01580146301994603,0.001675070050423372,0.0001522428068447823,-0.004976984178925031,-0.005022515940777551,-0.006501808201556947,-0.003933735250115698,-3.3431740931177956e-08,-0.0006210163206343822,-0.008269901802881594,-0.026241439361320236,0.0,-0.013019362088801004,-0.00692666036556382,-0.009374001020094128,-0.003934534009315297,-0.00458063573805491,0.001032608779658183,-0.016632475253378756,-0.007412530249197506,-0.0073823975647247155,-0.0011205734624152408,0.0024914836339185458,0.0023770861124331596,6.398265650986446e-05,-0.014862782321870327
2026-05-16 00:00:00+00:00,-0.011886390842574812,-0.001883330434000101,0.0014569833928492098,0.0014227945455456516,-0.0030176219489220597,-0.006789916852435853,-0.00954921727192189,0.0005817329404310492,0.0011731496518926322,-0.008993463875132755,-0.0035846815067026782,0.0012147061138493,0.0012438590244918226,-0.008482996135169046,-0.01288259278600198,-0.006950953331181783,0.001675070050423372,0.0012738912360141796,-0.005838722201291481,-0.003124555815984522,-0.008502037456379945,-0.004192117843921396,3.746585441888328e-08,0.00026730344975511855,-0.009806798983652788,-0.02786953024909105,0.0,-0.012227900838717052,-0.00832638929614482,-0.005013744979052609,-0.004163123824199404,-0.004515106645380082,0.001032608779658183,-0.022160367345575513,-0.00954921727192189,-0.009513822422533824,-0.007359179554299768,7.685229133180651e-05,-0.006069007127236318,0.00019410050254897726,-0.011048677377402782
2026-05-17 00:00:00+00:00,-0.009026576797854347,-0.011127848671397789,0.0010484475854937532,0.0013000259682897162,-0.003441894397352467,-0.0067746052026230845,-0.010121971587089922,0.0005817329404310492,0.0011731496518926322,-0.00950414858316695,-0.003607432931303205,0.0012147061138493,0.0012438590244918226,-0.013057423673182801,-0.013021427530537963,-0.01079865447880385,0.001675070050423372,0.000739456845591846,-0.0063556682495909365,-0.0024639366232926986,-0.008906038790164704,-0.004187092879888383,1.7955079201215085e-08,-0.0001198203092709349,-0.007198090674496883,-0.02835439003102679,0.0,-0.008168344778931611,-0.008906105588562526,-0.0037278991953871806,-0.004199154983776935,-0.0049402260293194,0.001032608779658183,-0.009746424079039211,-0.010121971587089922,-0.010089389582555107,-0.014105288774225686,-0.0009816614943550135,0.0011310547510769906,-0.00020049882606087976,-0.01827399991452694
2026-05-18 00:00:00+00:00,-0.006155853649120857,-0.008950561564344118,0.0002958332093686506,0.0012350611670269161,-0.003637541806734595,-0.006726019538001166,-0.010069646001494601,0.0005817329404310492,0.0011731496518926322,-0.009507003558161909,-0.004234523886553912,0.0012147061138493,0.0012438590244918226,-0.02221688832062741,-0.012134257568488576,-0.02550708447584819,0.001675070050423372,0.00051079132820675,-0.005834739888014681,-0.0035488078035336777,-0.009015479201056614,-0.004344337959062487,1.3635149898050258e-08,-0.0002719233506791596,-0.007545326670683496,-0.031037288752627283,0.0,0.0036033373736652037,-0.009437285779673416,-0.005734338748444196,-0.004342589451588864,-0.006214190335116425,0.001032608779658183,-0.013876912073763107,-0.010069646001494601,-0.010038847068545123,-0.00466442842604483,-0.0016935763794648916,-0.0004881832311984392,0.0003407724163224657,-0.028267422690987587
2026-05-19 00:00:00+00:00,-0.002644879999712302,-0.0036277443373295,0.00057146981854815,0.0011777138008153719,-0.003120042541190835,-0.0070264775356225564,-0.008010924622684282,0.0005817329404310492,0.0011731496518926322,-0.00780521611340538,-0.0038262670561950837,0.0012147061138493,0.0012438590244918226,-0.016263246006576578,-0.011001843211969118,-0.022078853328275867,0.001675070050423372,0.00033068584734330386,-0.0049368109399255886,-0.0029734629996476967,-0.007511954305905005,-0.003320055128092624,9.298762648768388e-09,-0.00039315351628488315,-0.005729806142626368,-0.027654709705771063,0.0,-0.012162993913658089,-0.008107316928285995,-0.003793561927655765,-0.0033317531177315127,-0.005433624046998,0.001032608779658183,-0.017886417937543968,-0.008010924622684282,-0.007993364135261175,0.010943827768061678,-0.0020885860801593617,-0.0006088413390113701,0.000502435046886518,-0.018792912364006042
2026-05-20 00:00:00+00:00,0.00916773478361499,-0.0034367037464532297,0.0006292821934843139,0.001110560188234176,-0.002878387332759063,-0.0071199978265134006,-0.007814807955055899,0.0005817329404310492,0.0011731496518926322,-0.007630159185687249,-0.0038611247660809175,0.0012147061138493,0.0012438590244918226,-0.01618701516949286,-0.009937460328914108,-0.023298544607651493,0.001675070050423372,0.00017767958317449484,-0.005113561366509225,-0.007406093796356042,-0.007282196216461934,-0.0032601134798764496,3.9952450237024095e-09,-0.0004980550854298826,-0.003084688535293594,-0.025606506476249853,0.0,-0.01037477226556209,-0.007530865656444235,-0.00709337060892352,-0.0032709521316550694,-0.0056730558419922136,0.001032608779658183,-0.022142867169665972,-0.007814807955055899,-0.00779728295378195,0.014552281761704547,-0.002138088821402502,0.0001654263166489618,-0.00014205951125667582,-0.017987048253417015
2026-05-21 00:00:00+00:00,0.0010503232153258324,-0.0015577859103625123,0.0005595977294319573,0.0009016014759076233,-0.00277519930482772,-0.006117931481946929,-0.00851054585289317,0.0005817329404310492,0.0011731496518926322,-0.008173759676829394,-0.003910462730548947,0.0012147061138493,0.0012438590244918226,-0.015025197326974805,-0.008699203933730129,-0.020372012416814765,0.001675070050423372,-9.062726772413043e-05,-0.005890006495659747,-0.004109319907846591,-0.007656464697306666,-0.0040074959730084705,-1.3848342916844558e-08,-0.0006979535175481999,-0.0015375428321196837,-0.028829190393016384,0.0,0.0005736475288191657,-0.0074521084688643074,-0.008151257115701086,-0.004013244726868486,-0.004878484650269984,0.001032608779658183,-0.023229593359632712,-0.00851054585289317,-0.008487268664771884,0.006476470240197223,-0.0011383182321639427,0.0012612515209421363,-0.0005471089304407428,-0.015718111768364906
2026-05-22 00:00:00+00:00,-0.026806340702622222,-0.0015577859103625123,0.0010099499824164219,0.001010761309298551,-0.003425386948759243,-0.006643409654781024,-0.010685407912407317,0.0005817329404310492,0.0011731496518926322,-0.010012941582793637,-0.003991228999372049,0.0012147061138493,0.0012438590244918226,-0.017458351450393317,-0.008442825401451486,-0.01582921451088383,0.001675070050423372,0.00016368372249075946,-0.0066307896194110535,-0.007320142373577519,-0.00934910438483272,-0.00576757407387503,-1.5865904146039611e-09,-0.0004960249923637861,-0.004500062482537318,-0.021651479125954404,0.0,0.0026696896496499695,-0.00932934702462785,-0.009941251610947178,-0.005746146850353761,-0.005297645394464989,0.001032608779658183,-0.02385679893942906,-0.010685407912407317,-0.01065021768527336,0.002754697207368779,-0.0009450154651520784,-0.004096623608233273,0.00015457204808377867,-0.01718503050506115
2026-05-23 00:00:00+00:00,0.015577503022418782,-0.001313416746575291,0.0015604266589262074,0.001496889385657578,-0.0025283065889254567,-0.0053598645839076624,-0.007162268107446472,0.0005817329404310492,0.0011731496518926322,-0.006897189792254122,-0.004004757523755695,0.0012147061138493,0.0012438590244918226,-0.014959099233862096,-0.008643280641733104,-0.016137191035988537,0.001675070050423372,0.0007161992993971467,-0.004309538191881117,-0.008497783874149798,-0.006602153155869043,-0.002975098311769936,4.0492393438285035e-08,-5.54474090552759e-05,-0.0003510694768288035,-0.020837563891111716,0.0,-0.0006435555458586034,-0.006814172634954277,-0.007252877392788125,-0.002964786845883475,-0.005442522229137661,0.001032608779658183,-0.029265174960970947,-0.007162268107446472,-0.007139049229199255,0.004910078647891955,-0.003232895497287573,0.0008810464834952548,0.0008268224362240062,-0.018776308745145798
2026-05-24 00:00:00+00:00,0.004005847400394558,-0.009274810906757275,0.00010769621768386476,0.0008452791230727618,-0.0028462824041653326,-0.004200828013444935,-0.009284102494784688,0.0005817329404310492,0.0011731496518926322,-0.008638668502700227,-0.0038296917184716364,0.0012147061138493,0.0012438590244918226,-0.015078661557541255,-0.007863159822680965,-0.020214657097786852,0.001675070050423372,-0.0004094259535722955,-0.006242160855431906,-0.01042735862082086,-0.007945369398200917,-0.004551974115009921,-2.3530581927388994e-08,-0.0009145400725589781,0.0016965653795214274,-0.026895642882015205,0.0,-0.004847005554692051,-0.0075895671849440845,-0.00874468553249087,-0.0045611231288641765,-0.004913693329086641,0.001032608779658183,-0.015686302969515016,-0.009284102494784688,-0.009251159897033753,0.0137943763700419,-0.001569301581541367,0.0026702580049842405,-0.0003878609929159893,-0.016129523515701294
2026-05-25 00:00:00+00:00,0.0038740181286947006,-0.0012944923684539093,0.0005924929511077176,0.0009531454392100501,-0.00272253474931464,-0.004927623867277414,-0.009064264251593231,0.0005817329404310492,0.0011731496518926322,-0.008700998861523597,-0.0036430285653390616,0.0012147061138493,0.0012438590244918226,-0.012449106608065363,-0.007783674179000806,-0.009440665655452643,0.001675070050423372,-3.2414163204208535e-05,-0.006281415176941465,-0.0017858679811693387,-0.008083913312955597,-0.0046046786897484615,-6.05107963735918e-09,-0.000619709481398445,0.00041556696211661806,-0.024060448299612344,0.0,-0.006500264512693303,-0.007550765321573425,-0.010512297335565366,-0.00459059467635662,-0.00462930510213636,0.001032608779658183,-0.026322032853412933,-0.009064264251593231,-0.00903870271242035,0.006146666699629681,-0.0010764425142307198,-0.002243639539503976,-0.0004836187835604022,-0.014403794892132282
2026-05-26 00:00:00+00:00,-0.018996541405032374,-0.001313416746575291,0.0012324572909280936,0.0009699354829025659,-0.002772676046445844,-0.0061851800905710335,-0.0092238338321039,0.0005817329404310492,0.0011731496518926322,-0.008838151942280357,-0.003745644431630506,0.0012147061138493,0.0012438590244918226,-0.012734487062634577,-0.008198541020528817,-0.015085320526765226,0.001675070050423372,2.7572990878965697e-05,-0.0063630829431553515,-0.00419174842339911,-0.008183975803540746,-0.004722608209990387,-5.851918061239303e-09,-0.0005716040741354789,0.0009408956330113677,-0.02644230405087407,0.0,-0.009195566502426495,-0.007748019085428921,-0.010621645271252025,-0.004712917852616372,-0.004748410630296041,0.001032608779658183,-0.023791628494336123,-0.0092238338321039,-0.00919940506219081,-0.011125422872248953,-0.0006388407660815912,-0.0011806940314991535,7.795582681247026e-05,-0.016394788399338722
2026-05-27 00:00:00+00:00,-0.01972531072410888,-0.0015577859103625123,0.001379129642743609,0.0013592204458880866,-0.002992812508021754,-0.007363771008337523,-0.009642315673053549,0.0005817329404310492,0.0011731496518926322,-0.009208700128609183,-0.0037335955041991327,0.0012147061138493,0.0012438590244918226,-0.010628569477959923,-0.010207303515528359,-0.015711615244413186,0.001675070050423372,0.000513848196241895,-0.0063322409660700706,0.0006658436940007741,-0.008560980898261697,-0.004333487153828152,2.8695271936385325e-08,-0.00018579526007656,0.00026135887446124446,-0.029806054065792547,0.0,-0.0014841720046044633,-0.008043342040631138,-0.0059418094976559895,-0.0043224116946024,-0.00465475553797177,0.001032608779658183,-0.024183258094293905,-0.009642315673053549,-0.009614928256888438,-0.01479120758602705,-0.0022629815327053046,-0.0009932391566105135,0.0007140307317765604,-0.014486532658338547
2026-05-28 00:00:00+00:00,-0.010929802661886256,-0.009498657543933857,0.0009233475592624074,0.0014240963543655208,-0.0034732531812837614,-0.007607248596317982,-0.010344174808592652,0.0005817329404310492,0.0011731496518926322,-0.00983229885007728,-0.003933878353271182,0.0012147061138493,0.0012438590244918226,-0.019653769695130812,-0.011404179400944637,-0.023792221297780396,0.001675070050423372,0.00031331668069078944,-0.0064873627003151375,-0.006781550731498791,-0.00915812284532513,-0.004305667621443043,2.979616908760363e-08,-0.0003247731980522417,-0.00021297799883427358,-0.029460335089839237,0.0,0.0006012750535916165,-0.008886997568325828,-0.004677677953849472,-0.004311686231941553,-0.00574194399415051,0.001032608779658183,-0.015196612578497753,-0.010344174808592652,-0.010316439368797461,-0.013493807930132393,-0.003807921483889441,-0.0002926422105451541,0.0001948448203830111,-0.02375887893140316
2026-05-29 00:00:00+00:00,-0.0022330998228099475,-0.008191386891016752,0.0002882007392765655,0.0012840141634691937,-0.00340077454822579,-0.007739030070197888,-0.008809826673815017,0.0005817329404310492,0.0011731496518926322,-0.008845159015049339,-0.0032389494529216846,0.0012147061138493,0.0012438590244918226,-0.0204095553101792,-0.011437351967554096,-0.025898176367681332,0.001675070050423372,-9.39003996052179e-05,-0.005943890480280167,-0.006668999186174758,-0.008383053525320448,-0.00334264937018837,1.6510091072063915e-08,-0.0006256747455299916,0.00022697771478604899,-0.025759993580062132,0.0,-0.005968102458026987,-0.008537114923725529,-0.00582700051428502,-0.0033738255812299656,-0.005462927822026586,0.001032608779658183,-0.016880368032578183,-0.008809826673815017,-0.008804779642286438,-0.004455367163193077,-0.004438188628702684,-0.0009982525564995381,-0.0002247880960037918,-0.026844697073101997
2026-05-30 00:00:00+00:00,0.005197039654902369,-0.007471695750240169,0.0003047282140825851,0.0011179398346345072,-0.002463296815743153,-0.007947063232907815,-0.007123777486580422,0.0005817329404310492,0.0011731496518926322,-0.00707341737580131,-0.0032864229473480388,0.0012147061138493,0.0012438590244918226,-0.01671230685161915,-0.010172031041962121,-0.023175587670052553,0.001675070050423372,-0.0003938024634582149,-0.005052036925262578,-0.010799635957147214,-0.006698181399853994,-0.0026041193326785906,3.373241241888536e-09,-0.0008519403294915406,0.0018620701582668477,-0.021030676209285434,0.0,-0.008667819912157003,-0.006531521129510796,-0.0041863650994307024,-0.0026217678983310767,-0.005696364622343517,0.001032608779658183,-0.028546772466879956,-0.007123777486580422,-0.007110612919702887,-0.002239890761175614,-0.004243430997119351,0.0008551816839563433,0.0001618614143428232,-0.022343112155795097
2026-05-31 00:00:00+00:00,-0.0023775625144768497,-0.001313416746575291,0.0005369434929738694,0.0009697901861800522,-0.0032500778393579092,-0.008096370634716027,-0.009992602392888222,0.0005817329404310492,0.0011731496518926322,-0.009559965267813175,-0.0034380044983382007,0.0012147061138493,0.0012438590244918226,-0.01536885358992581,-0.009257615069909042,-0.013828826504920434,0.001675070050423372,-0.0005588165506242859,-0.006481232705656186,-0.008115266561371156,-0.008923433640037611,-0.004744693868131231,-7.850397665265518e-09,-0.0009817255680317771,-0.000934486307838656,-0.019669659448748104,0.0,0.015432832019110866,-0.008699011066337753,-0.00664026956611749,-0.004741945329065367,-0.00513306121563371,0.001032608779658183,-0.022180929963669688,-0.009992602392888222,-0.009966871316572536,-0.014712691603106513,-0.00340866173259871,-0.0034207560534596604,0.0003239177894069911,-0.0154423201456666
2026-06-01 00:00:00+00:00,-0.03119538630329366,-0.001313416746575291,0.0009957473654436295,0.0010779722026132152,-0.0028432720166410162,-0.008788833451637786,-0.008235700900675935,0.0005817329404310492,0.0011731496518926322,-0.008015490456423451,-0.0031386948596719205,0.0012147061138493,0.0012438590244918226,-0.008184494547576528,-0.008485159976347583,-0.0011771401149265474,0.001675070050423372,-0.000341189509175166,-0.0052590687927416505,-0.007943987930962024,-0.007604189373924964,-0.004006651202936999,3.5914222706878718e-09,-0.0008175716084366513,-0.0015452522208503918,-0.019801429556424294,0.0,0.013314190830469669,-0.007832334798245324,-0.004774098996827136,-0.004000853626661754,-0.004481975454726744,0.001032608779658183,-0.026050094675651878,-0.008235700900675935,-0.008217812539342987,-0.015737750574487976,-0.0033177503124662104,-0.004671638044815926,-8.590877868996927e-05,-0.010142098180949688
2026-06-02 00:00:00+00:00,-0.0669138485252585,-0.0006584773512036892,0.0014832762290003306,0.001580233177224339,-0.003110936884221715,-0.007586989715529112,-0.008046144830810426,0.0005817329404310492,0.0011731496518926322,-0.007913153023526607,-0.0034229207175074695,0.0012147061138493,0.0012438590244918226,-0.015432572181191968,-0.008884563388066001,-0.021224046940857808,0.001675070050423372,0.00020669839313747218,-0.004898061168954575,-0.007123758704963151,-0.007596509424701778,-0.0033194079362586426,4.712228829362175e-08,-0.00038958379585984915,-0.0010619810216360632,-0.018170070813767238,0.0,0.0025822464783150055,-0.008005534849373847,-0.0005168418447163284,-0.003328357615810247,-0.0053152069867520215,0.001032608779658183,-0.023095788154500023,-0.008046144830810426,-0.008031454260965395,-0.004366353742667577,-0.005783984765309394,-0.0015818860905032965,8.768730288366555e-05,-0.01933835633099079
2026-06-03 00:00:00+00:00,-0.04115222229019189,-0.01444863865247243,0.00134636122342796,0.002252458340388311,-0.003362064893540611,-0.00722617189435194,-0.007145915316704572,-0.02441440594410795,0.0011731496518926322,-0.0071681731322334385,-0.0025574424985284135,0.0012147061138493,0.0012438590244918226,-0.0098566158986906,-0.008730964871148293,-0.00975392684646364,0.001675070050423372,0.0005574110676640487,-0.0037237613244051455,0.004355532230141539,-0.006998923535384887,-0.0006910923533910611,1.0107698145134236e-07,-9.808958750667784e-05,0.004391326607094102,-0.019123748800533365,0.0,0.015238620980370633,-0.007354172996755752,0.006232270674138592,-0.0007302858369262148,-0.0038334635469993413,0.001032608779658183,-0.0058740947610279644,-0.007145915316704572,-0.007136973492120292,0.006239823864009774,-0.01119157228643672,-0.0001224322417344246,0.0012024714310872042,-0.007102389354258776
2026-06-04 00:00:00+00:00,-0.003329681148652952,-0.0064997600914925785,-0.0004110175751145754,0.0019072498899090752,-0.003745119993207856,-0.0065877828084940065,-0.007841941422725793,-0.02441440594410795,0.0011731496518926322,-0.007842661506772226,-0.0014907966292442747,0.0012147061138493,0.0012438590244918226,0.004419630265443947,-0.007297157580830134,-0.0028052962353688057,0.001675070050423372,-0.0006974207894199225,-0.00427102150181928,0.007025239566022238,-0.007537912518381116,-0.00018301761898041786,6.216276382531305e-08,-0.0010474506554238872,0.007783136805647101,-0.024827884083250373,0.0,0.01956449821055337,-0.007614805643093832,0.00817150582168025,-0.00025433624813063146,-5.199681810407912e-05,0.001032608779658183,0.011792312651882379,-0.007841941422725793,-0.007834618505252418,0.0032349576966269615,-0.013842061451497812,0.0002633198120443917,0.0011209337609798808,0.014191302470862865
2026-06-05 00:00:00+00:00,-0.04617254262517534,-0.014214400429980274,-0.0012639186001479302,0.0012206173142460266,-0.0036617206816997195,-0.007537175025610283,-0.008460501506864955,-0.02441440594410795,0.0011731496518926322,-0.008366070941047337,-0.002018158757848433,0.0012147061138493,0.0012438590244918226,-0.00874725836807671,-0.006314387035410219,0.0027633568667890115,0.001675070050423372,-0.001905102421119409,-0.004897752013425308,0.009921714049648816,-0.007938751204074874,-0.0010054642097942434,5.029754390761809e-09,-0.0019831642078624867,0.006653694495615779,-0.01891396310158227,0.0,0.01838287778637567,-0.007592471564320982,-0.003013199303365176,-0.0010604144285620704,-0.0034985683944901195,0.001032608779658183,0.007121407422268444,-0.008460501506864955,-0.008448615882216567,0.008868116571043218,-0.012912475540036607,0.0010149058886483988,-3.9480875541286764e-05,-0.0061849188059568405
2026-06-06 00:00:00+00:00,-0.0009073630490981088,0.007749834234874237,0.0007629185103035977,0.0018529321273229847,-0.003763363345145274,-0.008181491849894995,-0.00833510747911555,-0.02441440594410795,0.0011731496518926322,-0.008255707686863106,-0.0011839197408819667,0.0012147061138493,0.0012438590244918226,-0.000885939671743336,-0.006780492538322205,-0.010501991525354696,0.001675070050423372,-0.001089812598038975,-0.004099497079360274,-0.0018234688830112203,-0.00798129562954548,-0.0004846623976476308,6.974607735799054e-08,-0.001366538258137595,0.004829766570376948,-0.013350824902027152,0.0,0.0037010802089413944,-0.007643954562640684,0.004828986421627273,-0.0005101650832163226,-7.615740638760961e-06,0.001032608779658183,-0.00593714165335167,-0.00833510747911555,-0.008318449028039286,0.005435365010437808,-0.015854817347972006,-0.0040503905857186915,0.0002764132353210158,0.014067912474274635
2026-06-07 00:00:00+00:00,0.03823145611862522,-0.008095767994196536,-9.715646080677093e-05,0.0011722949991310907,-0.00398374370903877,-0.00941842497901868,-0.008430241793935315,-0.02441440594410795,0.0011731496518926322,-0.008443778917835053,-0.002099724236876284,0.0012147061138493,0.0012438590244918226,-0.007302387886868171,-0.008314067842666202,0.0016335441142064308,0.001675070050423372,-0.002421673605583763,-0.004954293593094464,0.01061336835606022,-0.008042365740564647,-0.001389564178727405,1.3707257551232033e-09,-0.0024179562476120964,0.0040274887664721246,-0.0051549479063259206,0.0,0.006666100118425743,-0.008072175371867774,-0.0023408384160295854,-0.0014648339718375258,-0.001115609965918015,0.001032608779658183,0.007813071453391817,-0.008430241793935315,-0.008426431843521535,0.011917205549822625,-0.014532923330213002,0.0008376140655894106,0.0001555026788420122,-0.0059927674010396
2026-06-08 00:00:00+00:00,-0.0023577871836018005,0.005572637868054883,-0.0007222527084520211,0.0004181138418581367,-0.0032328032130356952,-0.008024432408788544,-0.0075076471552436045,0.0005817329404310492,0.0011731496518926322,-0.007507744585048417,-0.001085234340072891,0.0012147061138493,0.0012438590244918226,0.015262755714101281,-0.003144121279364798,0.025481728943093536,0.001675070050423372,-0.003150470305524067,-0.00509907394389118,0.0038983944195318206,-0.0070657268738962735,-0.0026946349919731065,-5.775063627311283e-08,-0.0030239529788680386,6.211046277403859e-05,-0.0014837829847427582,0.0,-0.0033615426437476393,-0.0068656238419418265,-0.0003264308178248282,-0.0027478853450967206,0.005260963621343134,0.001032608779658183,0.007576847186929891,-0.0075076471552436045,-0.007505768787212269,0.00715235970579897,-0.009865902195100034,0.002243784595381205,-0.00014698392551260042,0.02144978940486908
2026-06-09 00:00:00+00:00,-0.023199274917764967,-0.0002760560393845515,0.0016949849179366456,0.0010031752787658854,-0.002250691104235155,-0.008670740017686352,-0.005352965849927588,0.0005817329404310492,0.0011731496518926322,-0.005577840270144071,-0.0017819393392894715,0.0012147061138493,0.0012438590244918226,-0.0020219710892341687,0.003138439839407609,0.0029715713803067263,0.001675070050423372,-0.0018581754323427901,-0.003935423388287895,-0.003807926790003027,-0.005303299053578011,-0.0018728846561520884,3.561474670732423e-09,-0.002073281726532983,-0.0005048385678360281,0.004883353571451586,0.0,0.015768757356244716,-0.004837634732995344,-0.002185166211082792,-0.0018950352708619212,0.0009320521397584536,0.001032608779658183,-0.0005009233668935038,-0.005352965849927588,-0.0053549884352302925,-0.008894727145520052,-0.00920206103295297,-8.687580335870089e-05,-0.00012332443807849813,-0.006382410414516926
2026-06-10 00:00:00+00:00,-0.0031600860854066326,0.00791125766768375,0.002028701360178047,0.0014348262042232836,-0.0014764025754542705,-0.007473879966685462,-0.004568909814694612,0.0005817329404310492,0.0011731496518926322,-0.0044855441833953815,-0.0022386836016199288,0.0012147061138493,0.0012438590244918226,0.0017600131036240177,0.008263290115003654,0.008838100182224426,0.001675070050423372,-0.0013823310141454215,-0.0037862488983345893,-0.00551158611820165,-0.004069362855022738,-0.0009832642026848396,3.504373857765586e-08,-0.001736952108959855,0.004088720295153576,0.0087547351101034,0.0,0.02097741592994789,-0.002878170831417745,-0.006037700471865542,-0.0010204905929137274,0.002045185393225102,0.001032608779658183,0.013438077655652416,-0.004568909814694612,-0.004555149578328699,0.008495936356096974,-0.010440491368908678,0.007859818717111899,-8.986804717636687e-05,0.008622088469564915
2026-06-11 00:00:00+00:00,0.03378866852406581,-0.002320793028530149,0.0004285732018982634,0.0011539822147446225,-0.0019413634701314904,-0.007400849894108722,-0.008415755359449436,0.0005817329404310492,0.0011731496518926322,-0.0075385557354521295,-0.002370557553599874,0.0012147061138493,0.0012438590244918226,0.00016854063427289198,0.0068791572282005595,0.007676634818510341,0.001675070050423372,-0.0019702527727698538,-0.0063162105839948395,-0.006652166643040486,-0.006530818460958961,-0.003126052375441466,4.773530903889878e-09,-0.002214685384727133,0.002747889293405213,0.001332597136096261,0.0,0.014431433964872687,-0.004163772964564208,0.0006289186232751055,-0.0031519314276030087,0.0002740471545754418,0.001032608779658183,0.020382629176113144,-0.008415755359449436,-0.008371256143885961,-0.023968401449465746,-0.00979679245743336,0.008414488533636858,0.00021722070253638037,0.0020081407856196165
2026-06-12 00:00:00+00:00,-0.0002809578478881747,0.002095566197604257,-0.0002194625704626807,0.0004908235402926247,-0.0023791708597240514,-0.008693046044631279,-0.011041134039960637,0.0005817329404310492,0.0011731496518926322,-0.009799246632949326,-0.0026593961925776032,0.0012147061138493,0.0012438590244918226,-0.005643319183849556,0.0032820104740836496,-0.010438917423302833,0.001675070050423372,-0.0026738580670837564,-0.007927788706387736,-0.006621630109890375,-0.008467270950197385,-0.005594034457931071,-5.1039565462929204e-08,-0.0027946685968238683,-0.003958403681074231,0.005251808345130594,0.0,-0.009333226223508328,-0.005839663191728168,-0.007536084272734941,-0.005590749350930445,-0.0017749164223267203,0.001032608779658183,0.007967505821879712,-0.011041134039960637,-0.010986581302153662,-0.023203743839135798,-0.0059417000804443424,0.004308720126072098,-7.144021565963499e-05,-0.001466700341552496
2026-06-13 00:00:00+00:00,0.013724722455693339,0.002096955545093648,0.0015229493650831356,0.0009778448499551508,-0.0009416005422423226,-0.01049787969143002,-0.006318261519960748,0.0005817329404310492,0.0011731496518926322,-0.0058026621629713405,-0.002730448752978782,0.0012147061138493,0.0012438590244918226,-0.0012523747040720113,0.0010377574454654979,0.004083047722395792,0.001675070050423372,-0.001571963949787758,-0.00480744094057734,-0.004095599304595007,-0.005048762510667174,-0.0028441794159846335,4.2432546365489543e-10,-0.0019818467829182396,-0.0007557453289127305,0.0031787049133681225,0.0,-0.014496820705922557,-0.0029250278016854227,-0.004177590960472863,-0.002811925457381945,-0.0017196850831630698,0.001032608779658183,-0.01573191203097006,-0.006318261519960748,-0.006282299956845811,-0.038590398390011146,-0.005441269791978701,0.004675691540568251,-0.00018357816503389301,-0.004520553629845381
2026-06-14 00:00:00+00:00,0.01981248475454045,0.002095566197604257,0.0013534016318180611,0.0008065743106957617,-0.002059371603074901,-0.010308326935535912,-0.008967162147870647,0.0005817329404310492,0.0011731496518926322,-0.008483933115766354,-0.0028026257824293977,0.0012147061138493,0.0012438590244918226,-0.0031236826906935592,-0.002391381006775778,0.002554105893462378,0.001675070050423372,-0.0017612735594756401,-0.006831164130630127,-0.0019316188090037724,-0.007473725832443577,-0.004433635460354894,-2.0731919292416023e-08,-0.0021607784910919747,-0.0066948972789595065,-0.004416398767617116,0.0,-0.030256310700256556,-0.005657516683753529,-0.005385371110899962,-0.0044382994768823415,-0.002221880358111027,0.001032608779658183,0.001164261235717794,-0.008967162147870647,-0.00894058742028212,-0.04006091096136821,-0.0037462215415011023,0.002269256604533958,-0.0006796139639622112,-0.00014050997560843825
2026-06-15 00:00:00+00:00,0.00877432914288434,0.0008756913118866346,0.0008332841211502657,0.0006804391959884745,-0.002656219500662964,-0.012149190694076027,-0.007631606623627212,0.0005817329404310492,0.0011731496518926322,-0.007973675176228472,-0.002916092293122703,0.0012147061138493,0.0012438590244918226,-0.0019820896865314786,-0.0074643753202611445,0.0006787754359975653,0.001675070050423372,-0.0016739567145016565,-0.005718698415998343,-0.001076087961956637,-0.007419752181889428,-0.004588629014288152,-2.9927837985610495e-08,-0.0021229830957718576,-0.011266908181771439,-0.01030368963609901,0.0,-0.013905968274064012,-0.007577310070305945,-0.0054040038637276095,-0.004607949873297748,-0.0030792058913709426,0.001032608779658183,-0.0057517860559558615,-0.007631606623627212,-0.007642836610737478,-0.0013671277501007576,-0.0016626121686236194,-0.00775981039081697,-0.00015237458415029437,-0.0013296009274199605
2026-06-16 00:00:00+00:00,-0.010446052081716672,-0.0006584773512036892,0.0014328718696712214,0.000850203339547281,-0.0013891180440919072,-0.013494445202584662,-0.0019459712149948278,0.0005817329404310492,0.0011731496518926322,-0.0031310598181316174,-0.0029726207996439245,0.0012147061138493,0.0012438590244918226,-0.005953183847957437,-0.008485002486774487,-5.9943532801640994e-05,0.001675070050423372,-0.001181884228797614,-0.00224807278726588,-0.0051230943168089306,-0.003300344253533381,-0.0017036775976218563,-1.325413379049678e-08,-0.001768993395282692,-0.011018976660069625,-0.011490004999225433,0.0,-0.016029065810217093,-0.004848338344043182,-0.005591382980438612,-0.0017391891332481913,-0.0036191983670394202,0.001032608779658183,-0.006366533579171803,-0.0019459712149948278,-0.001988687035525287,-0.025979215930021022,-0.0007396992749877969,-0.005452042502831815,0.00030703350535432605,-0.00619608024135232
2026-06-17 00:00:00+00:00,-0.01818545153086326,-0.001313416746575291,0.0016595394490419297,0.0011983671012728648,-0.0007866486070554055,-0.012056503506237937,-0.0019876282654510374,0.0005817329404310492,0.0011731496518926322,-0.0026084222197333426,-0.003710304832165569,0.0012147061138493,0.0012438590244918226,-0.013144815981086258,-0.009096823350769185,-0.017843021245077313,0.001675070050423372,-0.0006589361511899483,-0.0018578659441724483,-0.0006845803588557667,-0.002678163541213572,-0.0011020971830128178,1.5779294315620973e-08,-0.0013797537419240058,-0.011115126512932302,-0.009985715498619274,0.0,-0.011487556843633652,-0.003574355506134078,-0.0077747407017614316,-0.0011120859006286,-0.0049155169432504335,0.001032608779658183,-0.010016995843549615,-0.0019876282654510374,-0.002003776046051073,-0.02470022990615614,-0.0015985779765317896,-0.0030030767950120153,-1.6562501521377726e-06,-0.017702506855130196
2026-06-18 00:00:00+00:00,-0.023909926460339292,-0.007778182931524315,0.0011722035829087988,0.0013763275339950837,-0.0014968834198075668,-0.011349264857284753,-0.0054977273529698235,0.0005817329404310492,0.0011731496518926322,-0.005358284026657791,-0.003838479710280638,0.0012147061138493,0.0012438590244918226,-0.013923329664296963,-0.01089067576845904,-0.011230754160391836,0.001675070050423372,-0.0005891542428066998,-0.003580436245979823,-0.002584980033764167,-0.0050081903660776335,-0.002080865248876565,2.7470111518823614e-08,-0.0013298183823113874,-0.012896532110661631,-0.010902358057786546,0.0,-0.002867398911575605,-0.004996665261161531,-0.006112751195444775,-0.002079743744528912,-0.004933986516104322,0.001032608779658183,-0.007553235211780701,-0.0054977273529698235,-0.005484386188246926,-0.03719246211143109,-0.003066078781619378,-0.0023349757983895693,-0.00015547683276118107,-0.014966879040002823
2026-06-19 00:00:00+00:00,0.010192701301455998,-0.010425977668912855,0.000715771815682553,0.0014972180157534715,-0.002632096015874981,-0.011051782068058543,-0.0070539058507440655,0.0005817329404310492,0.0011731496518926322,-0.007009952780610173,-0.004259661788115792,0.0012147061138493,0.0012438590244918226,-0.015587361864353869,-0.010087865592021348,-0.02220942011241134,0.001675070050423372,-0.0006611114899879311,-0.003893064880739944,-0.008188919492990929,-0.006714767590944289,-0.0025423606634675695,3.611725141183797e-08,-0.0013843837356297684,-0.012998266318477747,0.0018766695079460022,0.0,0.002329563802633902,-0.007403086615142253,-0.005537496337264655,-0.002552868380724374,-0.005905492778334473,0.001032608779658183,-0.0034544585875616717,-0.0070539058507440655,-0.007046952660629723,-0.01932803497061222,-0.00491013372284829,-0.0054544042769959725,0.0005531809952259437,-0.017560847103595734
2026-06-20 00:00:00+00:00,0.010938237795629746,-0.010208156071321096,-0.000138370041219715,0.0009364458303830743,-0.001549369855011402,-0.011838970840833647,-0.004935662353814916,0.0005817329404310492,0.0011731496518926322,-0.004668912908039351,-0.004094217431765207,0.0012147061138493,0.0012438590244918226,-0.010274896951495832,-0.009259987144753715,-0.008791323509637738,0.001675070050423372,-0.0015687903292800343,-0.002654735969284278,-0.003840931857516082,-0.004478588929401375,-0.0018585614197916094,-1.5396560471003795e-08,-0.002093762818402567,-0.010773457004025945,-0.0033174869697696215,0.0,0.0066115160245540875,-0.00511078854662666,-0.0036488187994220566,-0.0018602715166694652,-0.004926974439625481,0.001032608779658183,-0.011249234720839675,-0.004935662353814916,-0.0049195769083465206,-0.022011117585335645,-0.003574495375636529,-0.0030482913399733362,0.00030950792138639827,-0.0131198326125741
2026-06-21 00:00:00+00:00,-0.015722925304368474,-0.0016063309701794405,0.0004250485355992593,0.0008481397696216437,-0.0016192940169003334,-0.011529285128314458,-0.005680244653235538,0.0005817329404310492,0.0011731496518926322,-0.005298092547152792,-0.004750812269523673,0.0012147061138493,0.0012438590244918226,-0.016414192190107046,-0.009155779308664824,-0.012393055035644834,0.001675070050423372,-0.001445973034339687,-0.0029317396148535783,-0.005235534142122774,-0.005074951800063941,-0.0028520465493796585,-1.652280978703402e-08,-0.002017888439644011,-0.011182466869496938,-0.005181510279988949,0.0,0.007672459329725424,-0.00560336424093337,-0.013349605384869446,-0.002822893404190588,-0.005493186780221247,0.001032608779658183,-0.01647702245232186,-0.005680244653235538,-0.005657790066137213,-0.0314892097518851,-0.0022910549716147663,-0.011625258298408624,-0.0003471542016058038,-0.016522526741027832
2026-06-22 00:00:00+00:00,0.011236353825625045,-0.0015577859103625123,0.0015948506257688966,0.0012873845415916879,-0.002068695854207352,-0.01181514852063093,-0.005212401413858204,0.0005817329404310492,0.0011731496518926322,-0.005346782103856604,-0.0044457823371665695,0.0012147061138493,0.0012438590244918226,-0.024578452105807592,-0.009090183409828704,-0.027700238197537516,0.001675070050423372,-0.0007577333819952514,-0.002649866230510894,-0.01073223656071977,-0.00529907854317503,-0.0022780772048832947,2.3750285293999696e-08,-0.0015018948460419068,-0.009389660189983048,-0.010624461595686379,0.0,0.0010771077740614596,-0.00638311914540053,-0.012830788657515637,-0.0022669494489749005,-0.005952265855863549,0.001032608779658183,-0.02459352734948428,-0.005212401413858204,-0.005211955708115026,-0.02387624264780052,-0.0034794773801910812,-0.012184076054912387,-0.00022892591048595534,-0.025843890383839607
2026-06-23 00:00:00+00:00,-0.020283188961853327,-0.006823458271422804,0.0006105653987482785,0.0008904628146526195,-0.0017952219667164652,-0.011927083277373006,-0.004125917249939189,0.0005817329404310492,0.0011731496518926322,-0.004277651712694194,-0.004151968923246311,0.0012147061138493,0.0012438590244918226,-0.018445788125257347,-0.006678099485499554,-0.019259896390970636,0.001675070050423372,-0.0014093201859175508,-0.0022236620370551822,-0.007366845308901576,-0.004270866992922123,-0.002225281311714709,-1.6973071836901e-08,-0.0020191252823096306,-0.007465176948250116,0.00021979421770999233,0.0,-0.0021848789199963563,-0.005756396438819216,-0.011117861168066873,-0.002237045496025858,-0.0052529432663891845,0.001032608779658183,-0.016062011990753,-0.004125917249939189,-0.004130883115419122,-0.016174621745326894,-0.0021780717730186167,-0.0026808270905875602,3.549624148391217e-06,-0.020983941853046417
2026-06-24 00:00:00+00:00,-0.027057191161738103,-0.0009700806867514139,0.0011443065740564613,0.001370266481639414,-0.0013076847453123179,-0.011129956174662534,-0.003818563580450413,0.0005817329404310492,0.0011731496518926322,-0.0036662253084399623,-0.0037181398610365408,0.0012147061138493,0.0012438590244918226,-0.01301502457433428,-0.007985142395843402,-0.01821940565082921,0.001675070050423372,-0.0006486871559037155,-0.0015244436386644723,-0.010037271904361149,-0.0036750829436850508,-0.001619206979654766,3.063880527065521e-08,-0.0014408920872490683,-0.005664390213678729,0.007104455404779386,0.0,0.00036277548419250203,-0.004534548902444181,-0.009464796475718117,-0.0015918115764515812,-0.004708662623039925,0.001032608779658183,-0.030032213434728686,-0.003818563580450413,-0.0038048498505135102,-0.012324503121763879,-0.003779870063488398,-0.0033212063805619003,0.0007855847200666233,-0.01649654284119606
2026-06-25 00:00:00+00:00,-0.021099038117307956,-0.009498657543933857,0.0011731558486973942,0.0015496583711335843,-0.0014990890675187591,-0.011157365031593598,-0.005133407288201594,0.0005817329404310492,0.0011731496518926322,-0.004550844084668293,-0.003865481958709426,0.0012147061138493,0.0012438590244918226,-0.014688611446621645,-0.007702589715673565,-0.022346914041556476,0.001675070050423372,-0.0007008528137628645,-0.0022729894285160343,-0.01077139462953851,-0.004305564631112178,-0.0015106638371063601,4.08713667354732e-08,-0.0014838532295602391,-0.002612250117781646,-0.0010225141067821742,0.0,-0.016624902415656943,-0.004447178332155221,-0.006941529473144012,-0.0014962604593818044,-0.006217065600747121,0.001032608779658183,-0.02335768327293687,-0.005133407288201594,-0.0051023968351769505,-0.019917058184112102,-0.005839179891061153,0.0007214265308353148,0.00027552048318035816,-0.027367662638425827
2026-06-26 00:00:00+00:00,0.004923319949423188,-0.008950561564344118,0.0002849019171320764,0.0014730470360639991,-0.0016786498493094873,-0.011696009619567163,-0.006061839079994199,0.0005817329404310492,0.0011731496518926322,-0.005519711465751645,-0.003686492865291667,0.0012147061138493,0.0012438590244918226,-0.014572113256326048,-0.0070895616246563434,-0.024716801425939766,0.001675070050423372,-0.0010980663848592087,-0.0033072744431633006,-0.013516028046931325,-0.005090701898999451,-0.0013007140805129797,3.1871275396611054e-08,-0.001791656278621545,0.0005511140362389542,0.00047555970218128097,0.0,-0.017018108988415544,-0.0044835476381807175,-0.007028435725257883,-0.0012986417395605514,-0.0062939817179030935,0.001032608779658183,-0.0231067122872452,-0.006061839079994199,-0.0060310986165066725,0.0013310482812921237,-0.007189298467384313,0.0007648865703387918,-0.00011070134750745808,-0.02291128784418106
2026-06-27 00:00:00+00:00,-0.0012726617432665677,-0.01017151594472845,-0.00017460806002801525,0.0010223525538906838,-0.0023296132990396467,-0.012390575136401778,-0.008638687791798855,0.0005817329404310492,0.0011731496518926322,-0.0077794636467480695,-0.003873140874348934,0.0012147061138493,0.0012438590244918226,-0.018124453995150277,-0.006084178101918943,-0.028328093809967505,0.001675070050423372,-0.0018139145963438352,-0.005022120168447351,-0.010122856217707215,-0.007065690439633571,-0.0033135252116401432,-7.436886662048892e-09,-0.002357175227231778,-0.0006184178674243134,-0.004068880783992777,0.0,-0.026855772042127017,-0.006185728307081695,-0.006166988533779664,-0.0033058029710916065,-0.006360431797814018,0.001032608779658183,-0.01550741163075836,-0.008638687791798855,-0.008597767707930496,0.008468112500356274,-0.00611816218163931,-0.0004249580128972328,9.355861589988024e-05,-0.024825096130371094
2026-06-28 00:00:00+00:00,-0.006825999438799357,-0.000867293514961372,0.0005827574034876634,0.0010663695042861692,-0.002182122103155732,-0.012025653242491389,-0.007281363261922052,0.0005817329404310492,0.0011731496518926322,-0.006831653516179093,-0.003671335826265934,0.0012147061138493,0.0012438590244918226,-0.015185559294800493,-0.005253050954006111,-0.01834330326864734,0.001675070050423372,-0.0016022221633118505,-0.004132588729499568,-0.008893453148873302,-0.0063575307312923384,-0.0029827644131454733,1.922412451449418e-09,-0.002214918936502386,-0.0014152775003000483,-0.009426801147254396,0.0,-0.02149657476642159,-0.0060085770331785235,-0.0034629811195797428,-0.0029663737893338114,-0.006158912236919436,0.001032608779658183,-0.02608891501718731,-0.007281363261922052,-0.007255862334092242,-0.0015900382442015728,-0.005689844774432759,-0.00327361587097163,0.0004679437734687042,-0.022048702463507652
2026-06-29 00:00:00+00:00,0.010128530181905404,0.00039709169141132926,0.0010869491367497416,0.0011662850130832719,-0.0016433653131152429,-0.009899593146562281,-0.005101006431519137,0.0005817329404310492,0.0011731496518926322,-0.0050863512915585865,-0.0032782687744113913,0.0012147061138493,0.0012438590244918226,-0.015175775594105372,-0.003948346044534061,-0.021206901746247904,0.001675070050423372,-0.0014508991114752234,-0.003302645013777331,-0.009463251871202219,-0.004796054832847419,-0.0017091352440405643,1.0311035580912176e-08,-0.0021193130598362586,0.00020274117464125598,-0.0168845033599832,0.0,-0.027404482084641878,-0.00460185130652198,-0.000368140895936368,-0.001714154675102766,-0.005509735727426286,0.001032608779658183,-0.026631727270151256,-0.005101006431519137,-0.005092718679808365,-0.007646209501376965,-0.005790639573242009,0.0012849301331924919,-5.105129171312228e-05,-0.019739096984267235
2026-06-30 00:00:00+00:00,-0.02661583028543113,-0.002264023185987127,0.0005588271751525144,0.0008928641997191004,-0.0021936533145227527,-0.01121113126438664,-0.006578628541793103,0.0005817329404310492,0.0011731496518926322,-0.006534539809496012,-0.0035024370686995774,0.0012147061138493,0.0012438590244918226,-0.020425883647614492,-0.0029927070387306847,-0.026827626367292984,0.001675070050423372,-0.0018034551578605118,-0.0045414622416162925,-0.009130324611135459,-0.006084723070455665,-0.0032682868919073323,-1.529966553448503e-08,-0.0024141589784907325,-0.0013678432423813065,-0.01891333916771159,0.0,-0.01099324457521416,-0.006067800018683069,-0.006045784804757455,-0.0032859395204928067,-0.005943874971274207,0.001032608779658183,-0.020256604257454097,-0.006578628541793103,-0.0065742562704818154,-0.000806011646295468,-0.004382791668162908,0.0007267215043473547,-0.0006039266317774405,-0.023158205673098564
2026-07-01 00:00:00+00:00,0.024374798891813043,0.0033546671255306275,0.001412428776377226,0.0014777524294675864,-0.0014888611641605655,-0.007877620074610455,-0.003981629053240425,0.0005817329404310492,0.0011731496518926322,-0.004242771954969409,-0.003389602772254665,0.0012147061138493,0.0012438590244918226,-0.007570717353969992,-0.002992898684987974,-0.011666938895176312,0.001675070050423372,-0.0009324007268478596,-0.0026407989100859144,-0.008199643811608006,-0.004114733566547115,-0.0011961561279575164,4.02045969849496e-08,-0.0017574144494396648,0.0003742098520090277,-0.0063160861005543585,0.0,0.020107078920843822,-0.004202065453527111,0.0006050369796712839,-0.0012032798960535575,-0.003605697438546146,0.001032608779658183,-0.027619147521799683,-0.003981629053240425,-0.003983736941619271,-0.0003817615742687799,-0.006349728632752853,0.0017640955328563949,0.0005632919858911123,-0.01140469592064619
2026-07-02 00:00:00+00:00,0.024390944087578248,-0.008095767994196536,0.00014945294436504895,0.000693827077517037,-0.0011671249593863692,-0.0061778054864845226,-0.004994153741216758,0.0005817329404310492,0.0011731496518926322,-0.004697528782379233,-0.0035921834440827667,0.0012147061138493,0.0012438590244918226,-0.011957965440221359,-0.0011309981247607445,-0.01682602251473333,0.001675070050423372,-0.0021591652586927523,-0.003923877575982712,-0.011988168623508032,-0.004194586682431375,-0.002456984085492447,-3.6819363558038276e-08,-0.0027259926618530272,0.0020589570160935563,-0.014388237902518437,0.0,0.01682669840543621,-0.003638369920673842,-0.00331749287064037,-0.0024802233500794447,-0.005072767502026029,0.001032608779658183,-0.014099130586464162,-0.004994153741216758,-0.004978867062358995,0.014224295055258811,-0.003632260668395728,0.0026963166045914384,8.844644092675935e-05,-0.020806418731808662
2026-07-03 00:00:00+00:00,0.017075359747082075,-0.0019468314482496871,0.0004298244762090529,0.0005877438709994056,-0.0007075743413549166,-0.009155151303851049,-0.006107266445503808,0.0005817329404310492,0.0011731496518926322,-0.005365238579257335,-0.0031827164984634406,0.0012147061138493,0.0012438590244918226,-0.007927538420856322,0.0009941237763335924,-0.006779359908394463,0.001675070050423372,-0.0018540038531504877,-0.004587531648266606,-0.001834382253380976,-0.004671188508141696,-0.0038381927418318406,-3.68438684006378e-08,-0.0025198337166703055,0.0006803934744630285,-0.011138361119330753,0.0,-8.892996084491249e-05,-0.0032458631036380056,-0.004643694142094513,-0.0038027609863382672,-0.004799995007825662,0.001032608779658183,-0.022012411777988572,-0.006107266445503808,-0.006068566663477521,0.0031938488887841934,-0.0011537404241429967,0.003833622296322439,-0.0005474994944876244,-0.011445138603448868
2026-07-04 00:00:00+00:00,0.00866191238317171,-0.0018107484291612118,0.0016047230383508186,0.0006972206526772707,-0.0012613192648885754,-0.009640706095572884,-0.007717188550008572,0.0005817329404310492,0.0011731496518926322,-0.0069599539528590855,-0.0028608350503677438,0.0012147061138493,0.0012438590244918226,-0.004919028130280347,-8.503008854291024e-05,-0.002288241751308976,0.001675070050423372,-0.0013700923672512744,-0.005682920495765985,0.0008266453618007865,-0.006114778871387183,-0.005013245573116164,-2.5793291058562318e-08,-0.0021762585706550652,-0.0017503299948722173,-0.01034129480441676,0.0,0.004260786741735211,-0.004759182580984579,-0.0020806940356000382,-0.004978680643825999,-0.00431647310287863,0.001032608779658183,-0.01838415677747511,-0.007717188550008572,-0.007681333294926091,-0.018317094002777663,0.00045843426962609843,-0.0021984798642945866,-0.0007614796470907237,-0.006511836778372526
2026-07-05 00:00:00+00:00,0.007258275090508803,-0.0006551168823607041,0.001598828052406874,0.0008543707413900052,-0.0011355919477981907,-0.0085302571653519,-0.006199695264455885,0.0005817329404310492,0.0011731496518926322,-0.005910687898845455,-0.0031642924697209353,0.0012147061138493,0.0012438590244918226,-0.006810074664445734,-0.002184693407617558,-0.007857573646794394,0.001675070050423372,-0.0009571240587202823,-0.005122301451199296,0.0005504850264889852,-0.005275224491654888,-0.004240902053225019,-1.3084315853006956e-08,-0.0018775789233096418,-0.003077973395378623,-0.011530291096703647,0.0,-0.009273528554567255,-0.004481093659884781,-0.006799430530906687,-0.004232025039038995,-0.004263701473083849,0.001032608779658183,-0.016252361875012555,-0.006199695264455885,-0.0061835877291123815,-0.024406593208307185,0.0011837843450399586,-0.0014725517023464127,-3.32207446440691e-06,-0.007671873085200787
2026-07-06 00:00:00+00:00,0.0070115176898397635,-0.0006983128861057797,0.0013006904787382326,0.0008993345507319909,-0.0009259429904166661,-0.005692679329908844,-0.00554279158363929,0.0005817329404310492,0.0011731496518926322,-0.0052995908780413764,-0.00359547967218402,0.0012147061138493,0.0012438590244918226,-0.011076948501840654,-0.004148195916656718,-0.01179563515437574,0.001675070050423372,-0.0007893933854390411,-0.0048099686971502745,-0.002764120183580917,-0.004733209519738012,-0.0038703157922999566,-1.0964027907789387e-08,-0.0017600458172850608,-0.004153735437294068,-0.02382941367650126,0.0,-0.01810294831014378,-0.004093375064255094,-0.008315390900993175,-0.003868960415587038,-0.004484223029683118,0.001032608779658183,-0.015136350665013064,-0.00554279158363929,-0.005528056146392332,-0.0412989735584825,0.0017208130974161538,-0.0019415792413086845,0.0003641965585572393,-0.013194321654736996
2026-07-07 00:00:00+00:00,-0.010961031808966126,-0.0006551168823607041,0.0011029712258391938,0.0009095791844789326,-0.0013780365901894134,-0.0055945658073241564,-0.0057991246462303,0.0005817329404310492,0.0011731496518926322,-0.0058615636970129215,-0.00390109642790668,0.0012147061138493,0.0012438590244918226,-0.012518509134126141,-0.006422790313247093,-0.01285999171540515,0.001675070050423372,-0.0006726543688646558,-0.005102898489917148,0.0034603811276799528,-0.005365963000950787,-0.003968001266204393,-1.0591286070393835e-08,-0.0016772202235966205,-0.006299971262472727,-0.027077727288887087,0.0,-0.005206821153622627,-0.0051749795099622214,-0.009288488791773958,-0.003982912452362278,-0.004878055698456666,0.001032608779658183,-0.013739631200316923,-0.0057991246462303,-0.005798498833890309,-0.028314384382797257,0.00218851140305822,-0.005067054128330143,-0.00024906601996477207,-0.014370876364409924
2026-07-08 00:00:00+00:00,-0.016563965517756074,-0.0010888231375701242,0.00137374821362103,0.0012150958883389877,-0.0004373509791107946,-0.005508436772306783,-0.0029183452734543695,0.0005817329404310492,0.0011731496518926322,-0.003197921920364443,-0.004351415407890248,0.0012147061138493,0.0012438590244918226,-0.013653320712371467,-0.00884613156363169,-0.01800733733235928,0.001675070050423372,-0.00022149445429242576,-0.0031524258082681286,-0.004660951804686217,-0.0030237555641776546,-0.0017679369467341918,1.655720360815849e-08,-0.0013290168836324057,-0.005704013779750524,-0.024038344256770372,0.0,-0.008035524590857254,-0.0029449053260273152,-0.010568349802293972,-0.001779357697172769,-0.0052331699563235405,0.001032608779658183,-0.018655662072590472,-0.0029183452734543695,-0.002918938342137906,-0.01739652815988288,0.0010250624714045029,-0.0005686383460113463,-0.0003163731467203945,-0.017398526892066002
2026-07-09 00:00:00+00:00,0.014915682336182456,-0.007778182931524315,0.0010979135648445668,0.0013511464871033844,-0.0019369271162830342,-0.005360117082295569,-0.007676445607791596,0.0005817329404310492,0.0011731496518926322,-0.007288722525585239,-0.004603681693233687,0.0012147061138493,0.0012438590244918226,-0.018277894641605615,-0.011619091816679722,-0.01843246314409084,0.001675070050423372,-0.00021510299115945486,-0.005275208383555224,-0.0037994176327404523,-0.006685623763085472,-0.003596175242174084,2.5020771232675543e-08,-0.001317258516841946,-0.007672386386482098,-0.018834450993942233,0.0,0.00034176077028947867,-0.006247972454555386,-0.006946140946639233,-0.0035971521215051594,-0.00590075903818926,0.001032608779658183,-0.012846477675678399,-0.007676445607791596,-0.007654976327244021,-0.035152123950676614,-0.0005310847258059136,-0.0050153486052748695,0.0004018797757421311,-0.016681304201483727
2026-07-10 00:00:00+00:00,0.014671800523156975,-0.008950561564344118,7.988758287912133e-05,0.0008368069566153165,-0.0017167913548087159,-0.005810935690945734,-0.006339247545339806,0.0005817329404310492,0.0011731496518926322,-0.006049270956515311,-0.004713129236864227,0.0012147061138493,0.0012438590244918226,-0.019334250869509476,-0.009834679665236688,-0.016754445592957367,0.001675070050423372,-0.0010018229669768175,-0.004184888140697594,-0.002614326737898817,-0.005643726638930331,-0.0034341092927698495,-2.253088915438184e-08,-0.0019236811104246243,-0.008002335313274158,-0.011869021372188605,0.0,0.003191563793925446,-0.006006925886384873,-0.01011648897680735,-0.003436031289370701,-0.0057172422144618155,0.001032608779658183,-0.012351879887685673,-0.006339247545339806,-0.006324405929898846,-0.03749689780407923,0.0008349764117628505,-0.005230232721987135,0.0002698838825399008,-0.01448450330644846
2026-07-11 00:00:00+00:00,-0.005082718605571301,-0.0006551168823607041,0.0006092070472277285,0.0007715111957622839,-0.001279102045456081,-0.006220875741560907,-0.004231950250272167,0.0005817329404310492,0.0011731496518926322,-0.0043549360085010135,-0.004387700796665954,0.0012147061138493,0.0012438590244918226,-0.01616424530843755,-0.009289955046914709,-0.01258353473201395,0.001675070050423372,-0.0008216115150965209,-0.002840506489203023,-0.0021625800892899473,-0.004278793153581734,-0.0028871674146826202,-2.2162565116445876e-08,-0.001791837359917281,-0.008535292574693827,-0.010224638100218727,0.0,-0.004884419898414077,-0.005274925351617294,-0.009777006651612333,-0.0028768219047534457,-0.005307477215809655,0.001032608779658183,-0.016245791190315342,-0.004231950250272167,-0.0042314929648003905,-0.022867123700187595,0.0020586287257673133,-0.013048257768457883,-0.00037675007921933457,-0.012537115253508091
2026-07-12 00:00:00+00:00,-0.0006868690969792368,-0.001313416746575291,0.0015877348474906193,0.0010969866001699028,-0.0011673831695180967,-0.005200563986191186,-0.0034602034570939333,0.0005817329404310492,0.0011731496518926322,-0.0036463722566254823,-0.004314588289766262,0.0012147061138493,0.0012438590244918226,-0.014148415748638656,-0.009470002172059885,-0.00892684657346447,0.001675070050423372,-0.00024343626672873597,-0.0020769531643006858,-0.002804692463728112,-0.0036905800847219818,-0.0022185624239056375,7.677682489770632e-09,-0.0013496516366000577,-0.008150070150155612,-0.010644085543853474,0.0,-0.006437391516406505,-0.004894921529486415,-0.008088754836035425,-0.0022056838478994186,-0.0048817657904180415,0.001032608779658183,-0.017656559370405923,-0.0034602034570939333,-0.0034614710000541345,-0.02371375946112164,0.0014266396864014061,-0.012236228318952255,-0.0004367876335500398,-0.009531636722385883
2026-07-13 00:00:00+00:00,-0.024114338770633736,-0.0019468314482496871,0.0011061706805265926,0.0010665303401392995,-0.0012433343353762715,-0.005506923809464232,-0.003906122738366084,0.0005817329404310492,0.0011731496518926322,-0.003859383539715955,-0.004380307295276901,0.0012147061138493,0.0012438590244918226,-0.015429134807551391,-0.008449155175303945,-0.009467447020864144,0.001675070050423372,-0.0003598033697755909,-0.002273920063668744,-0.0033463168587068485,-0.0038093207670983967,-0.0024104451598817456,1.0375629244663287e-09,-0.001437491795922341,-0.007539120289062931,-0.011641577272505829,0.0,0.010429462429274443,-0.0049520353634385315,-0.008979296427665337,-0.0024049746815182726,-0.004839220721611465,0.001032608779658183,-0.015419236088492315,-0.003906122738366084,-0.0038999527099406253,-0.036289967901887064,0.0012393922277366377,-0.007430457389132086,0.00015028869533217915,-0.008241208270192146
2026-07-14 00:00:00+00:00,0.04272810304268759,-0.0015577859103625123,0.0011858367856285943,0.0014588623626068914,-0.0015567032368932069,-0.004117571463524089,-0.0042351046582609015,0.0005817329404310492,0.0011731496518926322,-0.004201288420868247,-0.004291665219770089,0.0012147061138493,0.0012438590244918226,-0.012691782529881712,-0.009293652303087645,-0.018525077573304547,0.001675070050423372,9.327505434164607e-05,-0.0019767257303222106,-0.005029803638389779,-0.004188406514968069,-0.0017641392015578725,3.642598755959625e-08,-0.0010777081341810657,-0.006927798468030606,-0.0132355588010873,0.0,0.009735625319938828,-0.005260900195407325,-0.006973450539159541,-0.0017528986480222688,-0.004859794154958816,0.001032608779658183,-0.019805158513103785,-0.0042351046582609015,-0.004227819710580231,-0.023400369656184524,-0.0010035881398414682,-0.006461140396545245,0.0008958565085865899,-0.013204026035964489
2026-07-15 00:00:00+00:00,-0.0037594109640206597,-0.005352211680094324,-0.0003336385253743003,0.0003807002776959102,-0.0008914526427543368,-0.004237191892280293,-0.004999015691510167,0.0031093465277902345,0.0011731496518926322,-0.004220275209824172,-0.0027502241949527947,0.0012147061138493,0.0012438590244918226,-0.008369135654578044,-0.007218986722274315,-0.009776553723271889,0.001675070050423372,-0.0014576960691066176,-0.0031070105578689254,-0.001595627129719705,-0.0038032173006637996,-0.00317951645323901,-6.454300738312213e-08,-0.002278440558626471,-0.0047295704749620235,-0.009557487150653653,0.0,0.017295949115064147,-0.003998843934461333,-0.009885285346938524,-0.003167884928547703,-0.0013662431299848955,0.001032608779658183,-0.013152835822560228,-0.004999015691510167,-0.004967549645450342,-0.03251583742088759,0.002864439149462641,-0.003547888672922417,-0.0007821248482713372,-0.00764571875333786
2026-07-16 00:00:00+00:00,-0.014367279855175497,-0.0034367037464532297,0.0013321338108968634,0.0010218438678043622,-0.000604222581666798,-0.005165922183022012,-0.0052340110444228346,0.0005817329404310492,0.0011731496518926322,-0.004523591539814599,-0.0037201620034274683,0.0012147061138493,0.0012438590244918226,-0.009480319687167144,-0.010060195406822705,-0.0031119157446783804,0.001675070050423372,-8.088597921940277e-05,-0.0030866163901364916,-0.0074901558820743225,-0.004139035298830907,-0.0030445619751938565,5.678691294974669e-09,-0.0012205828640343697,-0.0057862394013643795,-0.007547669102461959,0.0,0.004851170967038583,-0.0035158946319630373,-0.010159206360020892,-0.002977138251691306,-0.004322646501566973,0.001032608779658183,-0.01666693900938363,-0.0052340110444228346,-0.005194570283235854,-0.024743140524386965,0.002278225750758642,-0.008995513361251439,-0.0004978792789138708,-0.008610927499830723
2026-07-17 00:00:00+00:00,0.0017257545646920391,-0.0010888231375701242,0.0019430775671691555,0.0012878897617758201,-0.0019276337852420574,-0.004656455483220622,-0.008445037871725552,0.0005817329404310492,0.0011731496518926322,-0.00754750223195482,-0.0042499853763680396,0.0012147061138493,0.0012438590244918226,-0.013567052886565855,-0.009807457014798349,-0.008476048999754186,0.001675070050423372,0.00012661567664196127,-0.005191527058317281,-0.004711822087607986,-0.006823828975984395,-0.004164051461990348,2.1702545538460072e-08,-0.0010560872783909048,-0.006271925466114983,-0.005986150846174069,0.0,0.0016696560439758285,-0.006088531890083446,-0.01052105297334765,-0.004138137872247322,-0.004787072618163907,0.001032608779658183,-0.017899634117848874,-0.008445037871725552,-0.008405039320204628,-0.019561217830175975,0.0008055385994785907,-0.005845345992190628,0.00033629961959924515,-0.011091362684965134
2026-07-18 00:00:00+00:00,0.013942231644751502,-0.0064997600914925785,0.0004965922545688261,0.0010514706669326518,-0.0020241288860272416,-0.004898790906746426,-0.007526193453180394,0.0005817329404310492,0.0011731496518926322,-0.006958784610848799,-0.003984130731698421,0.0012147061138493,0.0012438590244918226,-0.014337552536513648,-0.008784964727482842,-0.012950731775046732,0.001675070050423372,-0.00034308601225241375,-0.004750546933497845,-0.00615410104377849,-0.006382190583327994,-0.003751495502197398,-2.606810767247225e-09,-0.00140903370639478,-0.00572619991956495,-0.011692284096712155,0.0,0.011820606891812462,-0.006220703591897343,-0.011259711440383931,-0.003746945612115134,-0.00471835598527438,0.001032608779658183,-0.016175307060700604,-0.007526193453180394,-0.007501970637356938,-0.024217288268112997,0.000886641750570351,-0.007377423774981379,0.0005343902645691401,-0.01484175119549036
2026-07-19 00:00:00+00:00,-0.0016340878484761845,-3.353818840472155e-05,0.00039841534298107003,0.0008128312042144179,-0.001376287491883929,-0.0038106109195289715,-0.005561846591889909,0.0005817329404310492,0.0011731496518926322,-0.00527428483747618,-0.0031928137594182406,0.0012147061138493,0.0012438590244918226,-0.00593157098925943,-0.008235568368685827,-0.0032199432810584927,0.001675070050423372,-0.0005630546629902256,-0.0038297191963056055,-0.0034275742379162697,-0.00488918537874211,-0.0030831791712116596,-2.106048313521569e-08,-0.0015762362376623429,-0.004815787150838826,-0.01008839709571536,0.0,-0.004499828482102975,-0.0048852187468862215,-0.009989658736277317,-0.0030754986743886585,-0.003549736244340363,0.001032608779658183,-0.019865374059871883,-0.005561846591889909,-0.005546899968264722,-0.0020278335396866657,0.0020411893514168645,-0.004209594962834955,-0.00032282507427972007,-0.006234080996364355
2026-07-20 00:00:00+00:00,0.008300835887157021,-3.353818840472155e-05,0.0012426715950383254,0.001044205550009412,-0.001500047104544985,-0.0036536515930624762,-0.006025747536528024,0.0005817329404310492,0.0011731496518926322,-0.005744397702048997,-0.003180613849990896,0.0012147061138493,0.0012438590244918226,-0.005801652966913704,-0.00909498230230087,-0.003900692775261121,0.001675070050423372,-9.436701680165527e-05,-0.004015806452273327,-0.005890642162918441,-0.005338367345079984,-0.003187713153699038,2.4683437516159756e-09,-0.0012125193422782843,-0.004949262609444463,-0.017617375439454297,0.0,0.007526593384941022,-0.005185047033699821,-0.009384881217826548,-0.0031691017751288558,-0.003599347813621263,0.001032608779658183,-0.022188216291272878,-0.006025747536528024,-0.006009505137862023,-0.005124917585590225,0.0017157943870946316,-0.003861420969472175,-0.0005466856347116078,-0.005630949046462774
2026-07-21 00:00:00+00:00,0.019359107362948436,-3.353818840472155e-05,0.0010089374697365857,0.0009073150680621143,-0.0009018370110652229,-0.003642335789051512,-0.0046032283699027465,0.0005817329404310492,0.0011731496518926322,-0.0044279923087006045,-0.003402178074874111,0.0012147061138493,0.0012438590244918226,-0.007717664510686913,-0.008381438941310835,-0.00634751513909049,0.001675070050423372,-0.0002872898893890863,-0.0035871159976818994,-0.0015569646932536085,-0.004078152758491073,-0.002483895889341444,-1.2538848181975482e-08,-0.0013582506721974141,-0.0030793568113263677,-0.0181822869161272,0.0,-0.006453592880092573,-0.003835142195978612,-0.008582279108571662,-0.0024803150739622255,-0.004080597863640366,0.001032608779658183,-0.022841148569346686,-0.0046032283699027465,-0.004589480873174442,-0.0037111047801140005,0.0022979843250300397,-0.001905367557261692,-3.46463064850866e-05,-0.007594345137476921
2026-07-22 00:00:00+00:00,-0.006098209978869562,-0.0006551168823607041,0.000702715456652779,0.0007017087516041031,-0.0021509480989432986,-0.004286839927428598,-0.008075413856522409,0.0005817329404310492,0.0011731496518926322,-0.007583034631485575,-0.003937805489382831,0.0012147061138493,0.0012438590244918226,-0.006359978391804223,-0.0051688813864813315,-0.0017839505227810247,0.001675070050423372,-0.00040456467862526324,-0.00530080590224619,-0.00394968084985323,-0.0070230546712993286,-0.005572841606048232,-2.9242976040677604e-08,-0.0014477784671012017,-0.0065189451929719856,-0.01305388379412875,0.0,-0.013299325169099862,-0.007332230689962277,-0.013122536019605096,-0.0055536215198529046,-0.004119833358482548,0.001032608779658183,-0.014031707645993602,-0.008075413856522409,-0.008052940156066052,-0.00990549156996484,0.003806844643937085,-0.003899282629868463,0.00025645881329339204,0.0014767356915399432
2026-07-23 00:00:00+00:00,-0.01610434695290941,-0.0006551168823607041,0.0015640572884706339,0.0011047493283653448,-0.0009817275507458833,-0.004555023639828048,-0.004031696310630386,0.0005817329404310492,0.0011731496518926322,-0.0038901890956770232,-0.003195099158023441,0.0012147061138493,0.0012438590244918226,-0.005638779691456339,-0.006857568210199958,0.0007342867933172811,0.001675070050423372,0.00031375622189244723,-0.002553129472110899,-0.0017695895750640825,-0.0037880398905860493,-0.0030235408272827743,9.211625240368448e-09,-0.0008875380104722552,-0.005890784888441287,-0.015546281245578303,0.0,0.00211664918995512,-0.004515447419888288,-0.0073475277635961424,-0.002996704832568295,-0.00336645407728281,0.001032608779658183,-0.01755134525567934,-0.004031696310630386,-0.0040180362440890485,-0.01522822037976643,0.0029303896103514628,-0.007455771287331969,-1.1161774574830474e-05,0.0005263203638605773
2026-07-24 00:00:00+00:00,-0.01465555365344784,-0.001883330434000101,0.001443472571368662,0.0013284747783263728,-0.0011135465821854457,-0.003611529126903453,-0.004356028733118138,0.0005817329404310492,0.0011731496518926322,-0.004176088955894212,-0.0034752901240537597,0.0012147061138493,0.0012438590244918226,-0.010483328874867127,-0.008219758812032888,-0.0016413197536810846,0.001675070050423372,0.00045056237835083834,-0.0028358127674873077,-0.0012253725154115882,-0.0039883578333076795,-0.002358589532731097,2.4326482161995955e-08,-0.0007665413971782442,-0.0036574407804400764,-0.01257604736056241,0.0,-0.022071377280434425,-0.0043809559009062304,-0.0099199720919001,-0.0023514203033853168,-0.003960254308140259,0.001032608779658183,-0.020055089935928923,-0.004356028733118138,-0.004340522750967497,-0.004966510927931444,0.001246361075992762,-0.00642330235333884,-0.00030529623514574666,-0.0055440980941057205
2026-07-25 00:00:00+00:00,0.0033224217706528947,-0.008568545159344118,0.0006907954840361221,0.0013341553488174585,-0.0018057279535213656,-0.004814875128619849,-0.006192307689758114,0.0005817329404310492,0.0011731496518926322,-0.005924915093820591,-0.003872855341856538,0.0012147061138493,0.0012438590244918226,-0.011903552070592235,-0.00956740388607899,-0.006763528057461034,0.001675070050423372,0.0002317365642774405,-0.003861114370987666,-0.009457219649482684,-0.005564540384835338,-0.002696203264584412,2.21380265230664e-08,-0.0009154384162517459,-0.002642332643808772,-0.023437956751702457,0.0,-0.0151318279457184,-0.005680634518494475,-0.00784020492943031,-0.0026966387025550848,-0.004747074342937794,0.001032608779658183,-0.017025263363186806,-0.006192307689758114,-0.006174713071155178,-0.017911372841958154,-0.00016055113469358334,-0.005632683680378628,0.00034195403236658706,-0.01091796811670065
2026-07-26 00:00:00+00:00,0.015865685939632,-0.006712141082784429,0.00020931773669632774,0.001030696324465116,-0.002004166365272259,-0.003828975689446223,-0.006517798989764058,0.0005817329404310492,0.0011731496518926322,-0.0062258799950754415,-0.004250074594884789,0.0012147061138493,0.0012438590244918226,-0.012703763859627813,-0.008741672382591516,-0.00353975520501544,0.001675070050423372,-0.00029403192800181444,-0.003902774307440272,-0.0044709094474567725,-0.0058743829808387904,-0.003158243910952878,-5.018661042299755e-09,-0.0013080249326815618,-0.002851252995527532,-0.021847181228750883,0.0,-0.0069796330064884355,-0.006257396722428005,-0.007444492803502798,-0.0031562967303648123,-0.005171537732605637,0.001032608779658183,-0.014636024407664988,-0.006517798989764058,-0.00650059538226488,-0.027220185957941026,0.00014724278254668133,-0.0035504792873873423,0.0005238413240871154,-0.011594968847930431
2026-07-27 00:00:00+00:00,-0.02503365298782967,-0.0006983128861057797,0.0003923574075492442,0.0007774782396260283,-0.0014007190335835803,-0.005948481546721552,-0.004922240553458697,0.0005817329404310492,0.0011731496518926322,-0.004786763115237545,-0.0037376930859895187,0.0012147061138493,0.0012438590244918226,-0.012559876014400789,-0.008380790539280578,-0.00675646052085113,0.001675070050423372,-0.0005057235560297357,-0.0030919750512559178,-0.003923897824112953,-0.004583435156245869,-0.0027759836529873123,-2.3965965212369156e-08,-0.0014684687269514995,-0.002301466568827495,-0.024843813771641524,0.0,-0.008945113813264452,-0.005080351422117709,-0.01078464630390697,-0.00276451364907548,-0.004247959694666657,0.001032608779658183,-0.01931093942850129,-0.004922240553458697,-0.004909977678332103,-0.02082328538990951,0.0015373352518337645,-0.006030962106115808,-0.00035235614905282375,-0.012584556825459003
2026-07-28 00:00:00+00:00,0.00229575547207439,-0.0009700806867514139,0.0017114397057820412,0.0014354044374919894,-0.0018051738000727118,-0.006507041301676564,-0.006631276590880274,0.0005817329404310492,0.0011731496518926322,-0.00607359272445055,-0.003933628960404409,0.0012147061138493,0.0012438590244918226,-0.012050509655129805,-0.010432866025623795,-0.010136052764531679,0.001675070050423372,0.00047223298597920405,-0.003285881104588047,-0.00940875393470151,-0.005746867909750127,-0.0029275551764795906,3.781462254437429e-08,-0.0007049561251530889,-0.0026215799263612925,-0.022288983046014257,0.0,-0.004663138206220543,-0.0058022288236553015,-0.00756555794827376,-0.002884219393896532,-0.0049893918777931265,0.001032608779658183,-0.026608169801612666,-0.006631276590880274,-0.0065998602668640265,-0.022433800455708343,-0.0008133186029593303,-0.006614853056998264,-0.0001939402935899892,-0.013966402970254421
2026-07-29 00:00:00+00:00,0.0005760654818143252,-0.008950561564344118,0.0006741917305844478,0.0010617357651145104,-0.0023983367794515073,-0.007049338258731851,-0.00698043885839219,0.0005817329404310492,0.0011731496518926322,-0.006785068405192268,-0.0038291739844074865,0.0012147061138493,0.0012438590244918226,-0.024080221611807454,-0.009005847743042111,-0.02445086861434605,0.001675070050423372,-0.00032175536101064495,-0.004173643359973294,-0.009778953685125519,-0.006398588182556155,-0.0032771914337431677,-3.467803821877169e-09,-0.0013074728614856923,-0.002416999604536584,-0.02333174069547986,0.0,0.0002430206505465596,-0.006973798028549435,-0.00853142895911331,-0.003286042100935969,-0.005987685977555896,0.001032608779658183,-0.018209171778442085,-0.00698043885839219,-0.006971904184437197,-0.0202794277257373,-0.0005385982132855266,-0.004577445249453667,8.123147094174499e-05,-0.024139486253261566
2026-07-30 00:00:00+00:00,0.012705115941946232,-0.0009700806867514139,0.0004168782343290946,0.0010404008219419684,-0.0015861727457556593,-0.006161747163107715,-0.004627579970334124,0.0005817329404310492,0.0011731496518926322,-0.004653042372900865,-0.003366307265501579,0.0012147061138493,0.0012438590244918226,-0.015097327709679339,-0.008517890554709598,-0.020596366719700103,0.001675070050423372,-0.0002766369697440041,-0.0026534016106053806,-0.01148697350767232,-0.004523477837230259,-0.0021876766370284204,-8.701821485601613e-10,-0.0012651311831159973,-0.0014036270961683387,-0.01236812050184399,0.0,-0.0025825107418747453,-0.005211351074974856,-0.010848749677019202,-0.0021770198820644333,-0.004661030804834024,0.001032608779658183,-0.031018285510396745,-0.004627579970334124,-0.0046236551012899425,-0.010422505369569844,-0.00044029502883379505,-0.00955805098691649,0.0005751033957608342,-0.017893988639116287
2026-07-31 00:00:00+00:00,-0.029978357028612734,-0.0006584773512036892,0.0007392947690199969,0.0008322716975188767,-0.0011676895688879042,-0.005959977527974166,-0.0051075190552785634,0.0005817329404310492,0.0011731496518926322,-0.004720906252145218,-0.0033164722139526395,0.0012147061138493,0.0012438590244918226,-0.010417184491725927,-0.007173352743930361,-0.005538787384474752,0.001675070050423372,-0.0004942303702470952,-0.003220097367999554,-0.006832166493599643,-0.0043859999774242845,-0.002881151262742989,-1.919175218745295e-08,-0.0014326090339782382,-0.0006004387312240286,-0.018078914524570017,0.0,0.0038348214513829982,-0.004430338753222865,-0.008807198548222593,-0.002859008648600285,-0.0038628489490449237,0.001032608779658183,-0.02923118993830328,-0.0051075190552785634,-0.005086523128226458,-0.01787150294888283,0.0007221977689807252,-0.008003463060918162,-0.00030456119115562785,-0.010627539828419685
2026-08-01 00:00:00+00:00,-0.0008031049849055449,-0.0009700806867514139,0.0016743746903340197,0.0015264751189842192,-0.0014903731932784537,-0.0057257951014037314,-0.006433011910209249,0.0005817329404310492,0.0011731496518926322,-0.005845672557246323,-0.0035614196000996507,0.0012147061138493,0.0012438590244918226,-0.008188879811188841,-0.008845768993754076,-0.007922849226541257,0.001675070050423372,0.00048223759559107293,-0.0035781660962277135,-0.010022515722706956,-0.005401420794060858,-0.0025233113940884974,4.5283865546252855e-08,-0.0006692333454765276,0.0005175688952727553,-0.012906277783194144,0.0,0.005204603597636734,-0.0047756529894522805,-0.005487747844972006,-0.0024832602598860998,-0.004355410607622506,0.001032608779658183,-0.035125035753429,-0.006433011910209249,-0.006399567669901004,-0.02314822162849671,-0.001993740281210864,-0.005794834811940869,-0.0001249876337805489,-0.0119789969176054
2026-08-02 00:00:00+00:00,0.011385569767075054,-0.007471695750240169,0.0005609897372716516,0.001126467332258517,-0.002173664191786648,-0.005475760016354178,-0.008332959874236944,0.0005817329404310492,0.0011731496518926322,-0.007582082509644071,-0.0035348611222739096,0.0012147061138493,0.0012438590244918226,-0.008202679086753456,-0.00826698154158788,-0.0031045380136970804,0.001675070050423372,-0.00040318875398170917,-0.005142271875406942,-0.010590784569379176,-0.006858326790727885,-0.0035503460270967712,1.2132002069620285e-09,-0.0013419026454126737,0.0008365092242907941,-0.019355952162857,0.0,0.00696880215429607,-0.006153919558968369,-0.0028417842309212044,-0.003546748945600602,-0.0040346289376899745,0.001032608779658183,-0.01869699714201025,-0.008332959874236944,-0.008299714148496644,-0.0225076947218072,-0.001888716966491179,-0.003157718068769923,0.00013750399241097,-0.00873186532407999
2026-08-03 00:00:00+00:00,-0.00033245755302679925,-0.0009700806867514139,6.867140656617978e-05,0.0008662180293187948,-0.002169021623779018,-0.005512719635153837,-0.008110609767574026,0.0005817329404310492,0.0011731496518926322,-0.007468758095971526,-0.003980476170435974,0.0012147061138493,0.0012438590244918226,-0.018534063937758204,-0.006339602127422019,-0.0165048241103199,0.001675070050423372,-0.0006617014880632155,-0.004868547383863515,-0.008609720835567753,-0.00684627602899775,-0.004158570363456207,-1.7198503954318767e-08,-0.0015382045891421114,-0.0006193684294329574,-0.015095577466689103,0.0,-0.004541146839564261,-0.0064931834652060035,-0.01010217114269966,-0.004135666884408607,-0.005332479542086949,0.001032608779658183,-0.025500602126245067,-0.008110609767574026,-0.0080813668252548,-0.015285372026914896,-0.0007148243574239922,-0.004796931179379165,0.0004175967050752405,-0.01946358196437359
2026-08-04 00:00:00+00:00,0.009333025393484462,-0.0006551168823607041,0.0011164732667029906,0.0010293850485790653,-0.0010594902537261128,-0.005391464475442991,-0.004697750680213381,0.0005817329404310492,0.0011731496518926322,-0.004482473112567691,-0.003767523814889549,0.0012147061138493,0.0012438590244918226,-0.010760744623709306,-0.0056657891554238934,-0.005164832640902638,0.001675070050423372,-0.0002942000951300372,-0.003093724147526722,-0.01001179839238624,-0.004188502522268304,-0.002351049986724469,5.021689730710932e-10,-0.0012556780145374091,0.0010783811947213224,-0.017756673005499986,0.0,-0.012675176105866355,-0.003961800893556602,-0.008994972547492862,-0.0023289036106127854,-0.0042382416895034546,0.001032608779658183,-0.03329357339079552,-0.004697750680213381,-0.004680017309599957,-0.0103801341419041,-0.0006812970947937567,-0.005163663613440941,-0.00011525466401529627,-0.011250028386712074
2026-08-05 00:00:00+00:00,0.008418741360801008,-0.0006584773512036892,0.0009652518830193252,0.0008878478252192607,-0.0017871354566357527,-0.006010274878754728,-0.007049467095422359,0.0005817329404310492,0.0011731496518926322,-0.006740534266861167,-0.0035371740237761765,0.0012147061138493,0.0012438590244918226,-0.011073675382754833,-0.004856266439227286,-0.0027140069763654674,0.001675070050423372,-0.0004639595809301511,-0.004990155819717583,-0.004143656904489567,-0.006161967908911301,-0.0038796606356146113,-1.4098027634190657e-08,-0.001387861487815556,0.0005599371416727238,-0.016245298989941342,0.0,-0.010788035755125689,-0.00570666797207863,-0.009252774657862568,-0.0038732056953514208,-0.003929681686374342,0.001032608779658183,-0.024257314879447496,-0.007049467095422359,-0.007032589757486978,-0.0168903222449233,0.00020423270436032518,-0.006593594728286606,-0.0007451277437464654,-0.008142213337123394
2026-08-06 00:00:00+00:00,-0.00520547078465583,-3.353818840472155e-05,0.0009360270472564916,0.0008842155372555886,-0.001593502766587854,-0.004944862777945735,-0.0063311918512948965,0.0005817329404310492,0.0011731496518926322,-0.00614370978285386,-0.0031186791645317256,0.0012147061138493,0.0012438590244918226,-0.010798389765456452,-0.004979461322365373,-0.003756655909249556,0.001675070050423372,-0.0003319023393864029,-0.004545858518578957,-0.0044365373237441105,-0.005667015684654883,-0.003763147679557895,-1.271697591676002e-08,-0.0012864032685104831,0.0004906768331224799,-0.011846757962394629,0.0,-0.016796132410220873,-0.005442486190647824,-0.008071948603319761,-0.0037514201027089617,-0.0032621861698565006,0.001032608779658183,-0.024860775644463956,-0.0063311918512948965,-0.006318937282674168,-0.02750431464433996,0.0009305584954890702,-0.007448736817450856,-3.2055114653317673e-05,-0.009502584114670753
2026-08-07 00:00:00+00:00,0.009572120395374029,-0.0006551168823607041,0.0013475476169031234,0.0011142760505022742,-0.0018819043293181073,-0.006851975124646978,-0.006919031819284803,0.0005817329404310492,0.0011731496518926322,-0.006629202471421616,-0.003791495652476041,0.0012147061138493,0.0012438590244918226,-0.016618120685699192,-0.005888148222084295,-0.014325706049522364,0.001675070050423372,4.044955845827758e-05,-0.004498945135140991,-0.006704764482292951,-0.006153082631747115,-0.004023373471215914,7.863119932949303e-09,-0.0009951452876482136,-0.0005769516978799229,-0.019534053621110634,0.0,-0.012523921838816829,-0.006152620534234507,-0.009487820859882132,-0.004004304097005699,-0.00394019240038712,0.001032608779658183,-0.025456325888619166,-0.006919031819284803,-0.006903712469546767,-0.022656444744727812,0.0003874956885251305,-0.006904307319141325,0.0006726581817186883,-0.01737620308995247
2026-08-08 00:00:00+00:00,0.00037748764412803837,-0.0017187632082571332,0.0008009067458521574,0.0008952599542725213,-0.0005821659807517768,-0.005449421217839229,-0.00363757099169389,0.0005817329404310492,0.0011731496518926322,-0.003455144524378637,-0.0027630417736060555,0.0012147061138493,0.0012438590244918226,-0.009955836620175644,-0.004713991855119601,-0.007359779528151543,0.001675070050423372,-0.00029336380864641853,-0.0027903442640053694,-0.008639080626503932,-0.0032156477422277977,-0.0026354741064030904,-1.4459182295922801e-08,-0.001248132393376622,0.001250332617206812,-0.016777076417867055,0.0,-0.01895784643474299,-0.0033606521214930396,-0.007455826401446488,-0.002622659020738278,-0.0032118738875274275,0.001032608779658183,-0.023991979407634964,-0.00363757099169389,-0.003621951196675014,-0.011807715368736522,0.0011996338902169248,-0.007392457104527336,-0.00024138131495021753,-0.010315691120922565
2026-08-09 00:00:00+00:00,-0.0009217877714728928,-3.353818840472155e-05,0.0009768322686710593,0.0010212911805623655,-0.0012546056769814178,-0.0061972051811460815,-0.006408359427907812,0.0005817329404310492,0.0011731496518926322,-0.005934324009759851,-0.0029563435720758482,0.0012147061138493,0.0012438590244918226,-0.00967797197868332,-0.005015915398620046,-0.0026769457901728586,0.001675070050423372,-9.150444988392792e-06,-0.004358204989944128,-0.0032598020585696275,-0.005425903012864724,-0.004022682384269419,-5.702371908000714e-10,-0.0010230354917393214,0.0008508438828859993,-0.01391041673920571,0.0,-0.008416581870384935,-0.005033042922481001,-0.004432776897633534,-0.003990175333099386,-0.0029093645879439568,0.001032608779658183,-0.020895305963035453,-0.006408359427907812,-0.006380200735212994,-0.02776246064695999,0.0011266149634779929,-0.009244866119536165,-0.0006085493100709272,-0.006396071054041386
2026-08-10 00:00:00+00:00,-0.01451304804633935,-0.000867293514961372,0.0011162038476763164,0.0010602887085661118,-0.0016933186633377325,-0.006524920259023327,-0.006584356631683711,0.0005817329404310492,0.0011731496518926322,-0.006384083728699748,-0.0033227553545954734,0.0012147061138493,0.0012438590244918226,-0.014859727254834289,-0.00589307489510019,-0.016245489805309495,0.001675070050423372,2.9157228945919655e-05,-0.004537823083397627,-0.0038702682177922747,-0.005931415343870938,-0.003966237360336471,1.3924079667049227e-09,-0.0009861491288685187,0.00027626537961402764,-0.012391758049667528,0.0,0.0032671966040311493,-0.0059613748894646185,-0.007291344895630163,-0.00395272419019994,-0.0038886069749017116,0.001032608779658183,-0.01844188934825724,-0.006584356631683711,-0.006569774269537358,-0.025639141538899797,0.0009451265137025643,-0.009095510667256697,9.771227350974243e-05,-0.013557996600866318
2026-08-11 00:00:00+00:00,-0.005628510258814501,-0.0009700806867514139,0.001130764453868771,0.0012955455472708531,-0.0015389519200049192,-0.00589510065662539,-0.006272925956627053,0.0005817329404310492,0.0011731496518926322,-0.005935617701665333,-0.0027390524336436397,0.0012147061138493,0.0012438590244918226,-0.008960682545204117,-0.008859278373662679,-0.006925662863629168,0.001675070050423372,0.000281681201517614,-0.0039060515240166064,-0.009853414495424317,-0.005522952262723659,-0.0030980506443490175,2.192273029777425e-08,-0.0007784870805380706,0.0007086875346567601,-0.018504361569057482,0.0,-0.012152019684829828,-0.005406719282669883,-0.0016216937388554657,-0.003073658880793549,-0.0033619868357644706,0.001032608779658183,-0.02633375550197383,-0.006272925956627053,-0.006251744555478093,-0.0434064351414114,-0.000422534296510885,-0.010445550150847771,0.0008307118641432965,-0.008523229509592056
2026-08-12 00:00:00+00:00,-0.002354256060764115,-0.006269275180502097,0.000676776618977497,0.0011769538777323413,-0.0018861734053346982,-0.00557677174947418,-0.006724756245743819,0.0005817329404310492,0.0011731496518926322,-0.006407620388050153,-0.0031169463991540967,0.0012147061138493,0.0012438590244918226,-0.008254943860074252,-0.009109093722640021,-0.0002819861452486924,0.001675070050423372,-5.400322003268343e-05,-0.004077204654976779,-0.012075507275318517,-0.005981422518673827,-0.003222198459484709,8.502196280346652e-09,-0.0010246072880111257,0.0004933141360090712,-0.021696246715361096,0.0,-0.013391850045591866,-0.006100327267134673,-0.0038090582765140917,-0.0032097024456389164,-0.0037525361355370307,0.001032608779658183,-0.021888302956662338,-0.006724756245743819,-0.006706636533516663,-0.03929717838551196,-0.0008833284747653635,-0.007488989893407705,2.7454294110995647e-05,-0.010251394473016262
2026-08-13 00:00:00+00:00,-4.127906853668151e-06,-0.0019214594123248226,0.0005220510316374207,0.0011055396399239263,-0.0017984774230745287,-0.0076456777320310365,-0.005874984587840707,0.0005817329404310492,0.0011731496518926322,-0.005740380029024508,-0.003020643965893276,0.0012147061138493,0.0012438590244918226,-0.0070325339825205785,-0.008674924774611322,0.0015132301773217902,0.001675070050423372,-0.0001888363179958219,-0.0034161921003257752,-0.012587692958842602,-0.005466877231384336,-0.0028921067117854407,3.55624152348355e-09,-0.0011190640770593063,0.0003548690512689011,-0.013712066752133087,0.0,-0.0051602740950767185,-0.00594301788439229,-0.0030555162443442222,-0.0028770125446482744,-0.0034989663260832963,0.001032608779658183,-0.024457460881548092,-0.005874984587840707,-0.005863510524363531,-0.03575020233584458,-0.0010137358868123818,-0.007984394164571872,-0.0005591003284042273,-0.00584911135956645
2026-08-14 00:00:00+00:00,-0.0067508670210933985,-0.0006584773512036892,0.0007318817350059309,0.0010561313433680671,-0.001483270005763133,-0.007984961615879853,-0.0045835061247344044,0.0005817329404310492,0.0011731496518926322,-0.004720313116219067,-0.0028305115737880834,0.0012147061138493,0.0012438590244918226,-0.004120539528535154,-0.008569892350408387,0.0011041682209158223,0.001675070050423372,-0.0002586352886826404,-0.0028745622213952036,-0.012983804414842311,-0.004577190996814238,-0.0022182802553615487,6.24034157681308e-12,-0.0011674103673868785,0.00116165418440534,-0.013945003834523798,0.0,0.0001716189862907742,-0.00517833358768785,-0.000809109218744295,-0.002210813268336692,-0.002902533460898965,0.001032608779658183,-0.027996384740237655,-0.0045835061247344044,-0.004582187148303645,-0.025092972381584616,-0.0009247254917706312,-0.010096160102347365,5.953693381499647e-05,-0.004741029813885689
2026-08-15 00:00:00+00:00,0.0007734380660746609,-0.0009700806867514139,0.0009615536318042837,0.0011636317205711547,-0.001750287768464369,-0.007314624306016282,-0.006505852628939574,0.0005817329404310492,0.0011731496518926322,-0.006117116484433594,-0.0030683511848786657,0.0012147061138493,0.0012438590244918226,-0.007701233307465851,-0.008629801348664213,-0.007390627143063813,0.001675070050423372,-0.00012208071064812032,-0.003661983723414164,-0.011413397250224508,-0.005746352168135862,-0.0033082872083306696,1.0197542366086054e-08,-0.0010563297419317053,3.4283579905698735e-05,-0.011561309215085877,0.0,0.0027625840034659678,-0.005933086075767797,-0.004246550379371437,-0.003276228859881082,-0.0037873153082486274,0.001032608779658183,-0.028541087676383782,-0.006505852628939574,-0.006483768594845804,-0.03659200236558608,-0.0014403769236822576,-0.011614704633890166,0.0007045841854260715,-0.008912110701203346
2026-08-16 00:00:00+00:00,-0.003268647386066803,-0.0020673762306904504,0.0007451028668458422,0.0010508142199130222,-0.0015276051957081455,-0.007711815826749227,-0.0059097207244296944,0.0005817329404310492,0.0011731496518926322,-0.005504500701826911,-0.0027042219921006487,0.0012147061138493,0.0012438590244918226,-0.009475979831948545,-0.007841207108311836,-0.0035923273582141955,0.001675070050423372,-0.00033499546487192333,-0.0033534039753697546,-0.01221621207700001,-0.005156235738009944,-0.0031342408018408723,-1.1683045642030265e-09,-0.0012160655442645663,0.0007270982725980355,-0.011240195121090372,0.0,0.01631351660288313,-0.005391650637235127,-0.004957225299407056,-0.003106249225908844,-0.0032628231109194552,0.001032608779658183,-0.028349822646430357,-0.0059097207244296944,-0.005887763590445978,-0.03757739803769908,-0.0012448474103512852,-0.010909765357305659,-5.667288858113295e-05,-0.010491307824850082
2026-08-17 00:00:00+00:00,0.026510137668660505,-0.0006584773512036892,0.0008277563006286533,0.0011039874475259578,-0.0015251076592167566,-0.007054480554702687,-0.005989325511991681,0.0005817329404310492,0.0011731496518926322,-0.005621043977523606,-0.0028383974198875794,0.0012147061138493,0.0012438590244918226,-0.01090264267919478,-0.007321883178056307,-0.004369174741622726,0.001675070050423372,-0.00024389079709230543,-0.003443266244335078,-0.011752186152071622,-0.0052573218703163335,-0.003181452721230503,4.937463771170769e-09,-0.0011416699000701414,0.0011294118559229318,-0.011234413130028998,0.0,-0.0015399666130436773,-0.005368928852956487,-0.008715565531793156,-0.003148281802570832,-0.00348303269992988,0.001032608779658183,-0.030933280629330123,-0.005989325511991681,-0.005968338243829046,-0.03085136606775646,-0.0014241596028886229,-0.011698767439056287,-0.000547306065652009,-0.012853733263909817
2026-08-18 00:00:00+00:00,0.0027008473735747884,9.807505356406257e-05,0.0003956318086497443,0.0006072438113820524,-0.001068195350742286,-0.0068296957440937885,-0.005813570707061093,0.0005817329404310492,0.0011731496518926322,-0.005253968723666252,-0.002091636272622605,0.0012147061138493,0.0012438590244918226,-0.005840653458617635,-0.004790544359947087,0.007003353658865587,0.001675070050423372,-0.0008452640089728902,-0.0038800605683334123,-0.006076713288918471,-0.0047460657456902325,-0.003716545913763903,-4.004495934850638e-08,-0.0016097969387800504,0.003305478092908707,-0.013768307435637209,0.0,-0.003312518691368297,-0.004451900661928293,-0.006702498183781562,-0.0036873010515627268,-0.002356642613046288,0.001032608779658183,-0.027256894301209394,-0.005813570707061093,-0.0057873029756307405,-0.02854808807841321,0.0010464962569408402,-0.010650717711647594,-0.00037676394124552814,-0.0005113874212838709
2026-08-19 00:00:00+00:00,0.0684938460027027,-0.0016063309701794405,0.0013220373979909552,0.000943100111728682,-0.0011717806155101935,-0.006637278830614244,-0.006742899984249092,0.0005817329404310492,0.0011731496518926322,-0.006140264467566668,-0.0021168926000031453,0.0012147061138493,0.0012438590244918226,-0.006503735053563629,-0.004635539673462499,0.007006794875546759,0.001675070050423372,-7.919336068873406e-05,-0.00441219581198138,-0.004718139884488206,-0.0055608466146041995,-0.004259728546791352,-4.07983336003781e-09,-0.0010216386078134576,0.003224136898524238,-0.01361461911123945,0.0,-0.005493925922789798,-0.004868058851666,-0.007055334268401501,-0.004204585925579369,-0.002673769735110911,0.001032608779658183,-0.028240454413288082,-0.006742899984249092,-0.006711468125932587,-0.034129388382818975,0.0011925379347129427,-0.013576314565754428,0.0005306583089215167,-0.0016064358642324805
2026-08-20 00:00:00+00:00,0.05295120538976228,0.0005819080004864683,0.00033553817087006107,-0.00012492593909031627,-0.0010527427600695383,-0.00638753300994774,-0.006831914822722618,0.0005817329404310492,0.0011731496518926322,-0.006178028065813519,-0.0026386586462655796,0.0012147061138493,0.0012438590244918226,0.00012423828570511894,0.0012600025685800035,0.004841507687273514,0.001675070050423372,-0.0012943103997997696,-0.005745089396638302,-0.0012300573498226415,-0.005399376725447267,-0.005918248522411406,-1.0346358614299334e-07,-0.0019746418898947127,0.0054989383155270005,-0.010319956551633723,0.0,-0.012939236300202005,-0.004839221222861345,0.0025769180301115266,-0.0059101205571878415,-0.0012464882817169465,0.001032608779658183,-0.00044359415144345875,-0.006831914822722618,-0.006809173535478769,-0.020185970569662964,0.007145435008552477,-0.0020404312722016515,-0.001116609363194243,-0.0019996841438114643
2026-08-21 00:00:00+00:00,0.07008881775516329,-0.0009700806867514139,0.00144743014741783,-6.067618484521418e-06,-0.00039627224139744937,-0.00816007463774779,-0.005595800676962105,0.0031093465277902345,0.0011731496518926322,-0.005193625066513131,0.00036487640169580057,0.0012147061138493,0.0012438590244918226,-0.0022500122277255134,-0.002862212627617031,-0.0036571106591212895,0.001675070050423372,-0.00022179677266898068,-0.00548769999226164,-0.0005491353765823783,-0.004607285862842242,-0.006681430102780411,-7.998575490830717e-08,-0.00116508254584069,0.003413506096585616,-0.01215254163639914,0.0,-0.024047959684425076,-0.004142699512911293,5.915340143794893e-05,-0.0066389842536619574,0.0007836333670470064,0.001032608779658183,-0.001985245092070726,-0.005595800676962105,-0.005577696951117674,-0.027123821863570093,0.011196926673755303,-0.016023949500443398,-0.0014814097350868138,-0.007202529814094305
2026-08-22 00:00:00+00:00,-0.01610876038750675,0.0007585374171072548,0.0021960761277050635,-0.0002800297850020668,0.00014493666584977378,-0.008178239440442577,-0.003542403100647135,0.0031093465277902345,0.0011731496518926322,-0.0036096216594873323,0.00036791035839351007,0.0012147061138493,0.0012438590244918226,-0.008410429812476371,0.0013298632337194545,-0.010826303136179011,0.001675070050423372,8.02422645183043e-05,-0.005845253593951766,0.00427298423499294,-0.0031719677901909304,-0.0072081316866258,-1.0587299037467801e-07,-0.0009481366797992052,-0.0023780133927991647,-0.013933874547999131,0.0,-0.02450215504368099,-0.003396362165105147,-0.006304645148595735,-0.007223360806389174,0.0010392026500815265,0.001032608779658183,-0.015023383283444469,-0.003542403100647135,-0.0035466053381068173,0.02129605904153979,0.016405961873806874,-0.00965569105073421,-0.00113104189003721,-0.006074817851185799
2026-08-23 00:00:00+00:00,0.008678138825315429,-0.0010888231375701242,0.0036860570225879636,0.0011416394835364336,-0.0004875586182175994,-0.008233999176570281,-0.005144472227494261,0.0031093465277902345,0.0011731496518926322,-0.005166981533684664,2.8202510755739816e-07,0.0012147061138493,0.0012438590244918226,-0.008306190473111172,-0.006861401240866188,-0.013377725440628527,0.001675070050423372,0.0025377639708192845,-0.00629503253007193,0.005676428025777317,-0.004726913185613821,-0.006262539449393451,2.4332974746243963e-08,0.0009660647941522882,-0.01144188086402106,-0.024523634722947,0.0,-0.02183520132417379,-0.004396518680616626,-0.005515048138890361,-0.006263787356705484,-0.0007964786236595705,0.001032608779658183,-0.01979360790340067,-0.005144472227494261,-0.005138907292919612,-0.00023920842379579563,0.013529550153314321,-0.015156684301668236,0.0008137898210947014,-0.010127526707947254
2026-08-24 00:00:00+00:00,0.015431912662529967,-0.0006551168823607041,0.0018647401875077681,0.0009140814004585796,-0.0009361587278755579,-0.00525801459401413,-0.0057651442698922655,0.0031093465277902345,0.0011731496518926322,-0.005698671978075756,0.0005537413167989734,0.0012147061138493,0.0012438590244918226,-0.007586428641426846,-0.00605671752627094,-0.008430056395027138,0.001675070050423372,0.0018712740939701433,-0.007311571079994965,0.003944047926380196,-0.005106849626177568,-0.005768495958118529,-1.3108751417689746e-08,0.0004907020039510712,-0.015190149127992242,-0.03432152572607181,0.0,-0.02504732099438272,-0.004921400474182059,-0.007135804048118893,-0.005849023977673801,0.0012064616563198065,0.001032608779658183,-0.037739134921712596,-0.0057651442698922655,-0.005761499608604824,-0.020317543659472078,0.01310011928046778,0.004397390999337074,-0.00010324116174764697,-0.006559465546160936
2026-08-25 00:00:00+00:00,-0.005072177186830729,0.0041420330515181455,0.00047876236258708284,0.0007690785598840162,-0.001583052295492631,-0.004461858373531701,-0.00765691920824359,0.0031093465277902345,0.0011731496518926322,-0.00746036432937337,0.001533004758382783,0.0012147061138493,0.0012438590244918226,-0.003415751107833792,-0.011861445797119981,-0.005745061657549102,0.001675070050423372,0.0017571433008711779,-0.008153253455425209,-0.00023185584695748203,-0.006822053896485003,-0.006536447624887046,-2.331074000494482e-08,0.0004462518436483265,-0.021481002917446923,-0.03839013953273554,0.0,-0.0196045001021758,-0.006590747607732433,-0.008079125196271448,-0.0065979320092415345,0.001301883397970606,0.001032608779658183,-0.03926939464654104,-0.00765691920824359,-0.0076454037125321915,-0.010703559980204126,0.013306084669211604,-0.006080558489266596,-0.0008280503953592699,0.0012271249433979392
2026-08-26 00:00:00+00:00,0.005868895257053808,0.005142850882559545,0.0014745152659655534,0.001096479872834887,-0.0012201781902365333,-0.002646936533450503,-0.006053508973745319,0.0031093465277902345,0.0011731496518926322,-0.006039168750256676,0.002170704572421367,0.0012147061138493,0.0012438590244918226,0.0024544078317388146,-0.013650558966540233,0.005983174826648428,0.001675070050423372,0.0022659426695597062,-0.006879758707325783,0.002304184515766068,-0.005659266502575196,-0.004523926010378358,7.661757450705409e-09,0.0008831403516360581,-0.022261452832463557,-0.03432440241330181,0.0,-0.038517244008389774,-0.005411355038946006,-0.002448907797065954,-0.004584193872736598,0.004857929120395563,0.001032608779658183,-0.0296236570127279,-0.006053508973745319,-0.006042533943297049,-0.018466429014535074,0.011680125143273483,-0.003997809858135351,2.7414198426001235e-05,0.008800278417766094
2026-08-27 00:00:00+00:00,0.015445797722405175,0.00206901096586417,0.0010108952030378848,0.0009555244045300827,-0.003026851628562922,-0.0023391277294940185,-0.009602263010722933,0.0031093465277902345,0.0011731496518926322,-0.009382826606217178,0.0019988900937164774,0.0012147061138493,0.0012438590244918226,-0.005898350078861459,-0.00861826368837095,-0.0025734773243643637,0.001675070050423372,0.0019399543413918252,-0.007993675201183064,-0.008853766786694051,-0.008885676696719254,-0.006354305971756209,-8.86526585475167e-09,0.0006770498223005461,-0.018199928672585023,-0.03839139014237352,0.0,-0.044722908347811854,-0.009643815247700768,-0.003375516230793569,-0.0064182402003603286,0.0033485602962978977,0.001032608779658183,-0.019194343714357,-0.009602263010722933,-0.00959001026559416,-0.038445775058542714,0.01116579273297746,-0.003324363339955189,0.0004934683098074544,-0.006145169027149677
2026-08-28 00:00:00+00:00,-0.030710027313093136,0.003418397847380232,0.0006487399136594991,0.0007744373470811767,-0.002489897089918704,-0.002567949778306255,-0.005182421817740308,0.0031093465277902345,0.0011731496518926322,-0.005689950620034895,0.002454340667514709,0.0012147061138493,0.0012438590244918226,0.014332028154552527,-0.0069173506907577766,0.014469186496664826,0.001675070050423372,0.0017479701715696905,-0.004424731135312011,-0.00438346634563687,-0.005906926871167564,-0.004217329214883017,-2.33317081210771e-08,0.0005707781058656991,-0.011521128768178181,-0.03591239472094583,0.0,-0.025478120555424446,-0.008555814685281368,0.007266221526259998,-0.0042785076988955915,0.006968119720379708,0.001032608779658183,-0.015081605067196217,-0.005182421817740308,-0.005199095575842543,-0.0007519269288674571,0.011544088776640973,-0.005310058526145779,-0.0001928842558971411,0.014018836431205273
2026-08-29 00:00:00+00:00,0.005324638622766997,0.0008244306056275801,0.001851599291698959,0.001531050376354155,-0.0030314289210581925,-0.002188352352355574,-0.0037877016191916572,0.0031093465277902345,0.0011731496518926322,-0.0044830007111837065,0.00020357277526292009,0.0012147061138493,0.0012438590244918226,-0.0014252197292072065,-0.0003475330800905927,0.006422873688135823,0.001675070050423372,0.002750516249909296,-0.001347753904097701,-0.004263723291291233,-0.005235144925911761,-0.0029665149824257163,4.638908635001826e-08,0.001394531126971188,0.0008283255540145517,-0.031231675531188934,0.0,0.02146445742433532,-0.009645136667824638,-0.0028522453895152944,-0.0029953059950392396,0.0011874727531383327,0.001032608779658183,-0.01275781773052642,-0.0037877016191916572,-0.0038087102992107186,-0.0027208168078894056,0.007806170990468994,-0.002439466042179008,-0.0001143340427631756,6.0473794292192906e-05
2026-08-30 00:00:00+00:00,-0.007417513856522007,-0.001883330434000101,0.0004986717631302216,0.0010233903609641554,-0.0010814439369719185,-0.001537072992136436,0.0018959988168258451,0.0031093465277902345,0.0011731496518926322,0.0010574568388671485,0.0008995282526935776,0.0012147061138493,0.0012438590244918226,0.0025277202949321367,-0.0014188265845734675,0.0031737688921272145,0.001675070050423372,0.001651792194534707,0.0020394540330971214,0.003002624215633804,-7.051655593550365e-05,0.0003837072013026261,-8.043079091635263e-09,0.0005955462645204079,0.004044757256802787,-0.03464321908536358,0.0,0.03378912640214591,-0.004754667798030614,-0.002987021042332736,0.00033152540962262536,0.00291994985534425,0.001032608779658183,0.009585963702080338,0.0018959988168258451,0.0018706146226909108,0.01915307364602679,0.007586369703938601,-0.0005409212957042458,-0.00011460129364948557,-0.0003895597474183887
2026-08-31 00:00:00+00:00,0.011280159480270058,0.0008751536007149441,0.0004970968040440796,0.0011704936090670612,-0.0016683477381388514,-0.0020051588594854662,-0.0025707655660813,0.0031093465277902345,0.0011731496518926322,-0.0023681829783978947,0.00043872652378361735,0.0012147061138493,0.0012438590244918226,0.009187026623183138,-0.0014124004606517956,0.018022615372549823,0.001675070050423372,0.0018707124035248768,0.00021677755718777772,-0.0014364019009519638,-0.002966410642334916,-0.0017215216118309428,1.1204535965703144e-08,0.0008100345623169858,0.0060773133792072845,-0.028983614994686272,0.0,0.012302702591161854,-0.0061649919306624185,0.00047081026936584376,-0.0016999560840814565,0.002532467273235299,0.001032608779658183,0.015152946272285209,-0.0025707655660813,-0.002549691514038832,-0.02975483933007828,0.006258893576531673,-0.005893957418970421,0.0007064556471920724,0.0074408166110515594
2026-09-01 00:00:00+00:00,-0.014684345110770991,0.0005561062048206197,0.000663185556649463,0.0008739442248284941,-0.0019718811358546365,-0.001880731122374984,-0.004301077304655068,0.0031093465277902345,0.0011731496518926322,-0.0037016894714714645,-0.0012526067684504754,0.0012147061138493,0.0012438590244918226,-0.0018821618898320943,-0.00035816363166776355,0.0014655085366797086,0.001675070050423372,0.0013724963569767823,-0.0007166689555037574,-0.002738543231687285,-0.0040134717571877225,-0.002836596580776205,-1.7039260669093892e-08,0.00046175688049920893,0.008061813800107643,-0.017148720281353082,0.0,0.012881052275706836,-0.006820497337815916,-0.006837559523788044,-0.002806202722600349,0.0009833230831633273,0.001032608779658183,0.011693192906326932,-0.004301077304655068,-0.004267324861043647,-0.021402697735434295,0.0067027584620738484,-0.0023572892589699282,-0.00012498190031351442,-0.0031342499423772097
2026-09-02 00:00:00+00:00,-0.001333493446432854,-0.0006584773512036892,0.0012213846764954181,0.0012732924911343388,-0.0016104121654634748,-0.0013954588980603613,-0.004643836323760763,0.0031093465277902345,0.0011731496518926322,-0.0035855572648082704,-0.001892706616674015,0.0012147061138493,0.0012438590244918226,-0.003734904863704842,-0.002128657497218489,0.0018016323191991502,0.001675070050423372,0.00194100417130727,-0.0002159822288180153,0.0010625713403295965,-0.003793304375133996,-0.002344377232970162,2.2181454895076058e-08,0.0009390665458397507,0.008602987941334302,-0.012266388518528234,0.0,-0.009736565700971063,-0.005751852038267882,-0.0013801764225994453,-0.0022690937543718174,0.0005653887837204698,0.001032608779658183,0.01071208525442483,-0.004643836323760763,-0.004585911020048788,-0.030913894585647674,0.004810649375356025,-0.006603803897229669,-0.00036866601557505874,0.0060424949042499065
2026-09-03 00:00:00+00:00,0.050098260888363555,-0.006823458271422804,0.0008518617662462123,0.00110126941937187,-0.002401325793975664,-0.0005753948606359281,-0.007205139162421804,0.0031093465277902345,0.0011731496518926322,-0.006131435851721343,-0.0033447710515672204,0.0012147061138493,0.0012438590244918226,-0.008373394294203758,-0.0029255140729944422,-0.012200195571486763,0.001675070050423372,0.0014730849686586112,-0.00264687609924789,-0.005093239944376947,-0.005940450985018554,-0.003499366196281388,2.0143460233157384e-09,0.0006155625461587988,0.00907083918948132,-0.009798669944445755,0.0,-0.015370363162428995,-0.007197197232019014,-0.0016844894722432232,-0.0034563275245058957,-0.0010588377137755684,0.001032608779658183,0.002802009264995171,-0.007205139162421804,-0.007151811502770798,-0.008710352040312378,0.004266868878414294,-0.0013259225051599926,-2.3918825281299405e-05,-0.004047176335006952
2026-09-04 00:00:00+00:00,-0.019880567170122987,-0.0006551168823607041,-0.00028338393484155064,0.0002077155020315084,-0.002601902394107117,-0.0002034798662233254,-0.008562642320580266,0.0031093465277902345,0.0011731496518926322,-0.007576788625751928,-0.0030076535451091448,0.0012147061138493,0.0012438590244918226,-0.008865816357896442,-0.005531799258701588,-0.013656703107584978,0.001675070050423372,0.0004024025923357044,-0.004749559432190567,-0.0002528851867453612,-0.007091131891009374,-0.005512368685069796,-7.5676071631392e-08,-0.00018904485243709246,0.00542010096987032,-0.01726407394063265,0.0,-0.012975360819036911,-0.007924416554455738,-0.010471649241202646,-0.005483013434684143,-0.0014702859426333071,0.001032608779658183,-0.007353030239299547,-0.008562642320580266,-0.008520597692277228,-0.014844533509956431,0.008320626925792489,-0.001594332446091461,-0.00019224866516864836,-0.011888723820447922
2026-09-05 00:00:00+00:00,0.0019047329045456252,-0.0036277443373295,0.0022247896434523925,0.0012712997287361897,-0.0018065363704040994,0.0003487443766074307,-0.005691751941915072,0.0005817329404310492,0.0011731496518926322,-0.005645960022285347,-0.003533613183268618,0.0012147061138493,0.0012438590244918226,-0.013020663429017981,-0.013637080240246178,-0.007696239920460508,0.001675070050423372,0.0022702254417232837,-0.0036398461310254613,-0.008509531627722871,-0.005509587695041426,-0.0028909993052176125,3.003053450356674e-08,0.0012793332738372243,0.0017953953544457184,-0.031058685462853945,0.0,-0.019316431547562556,-0.005801690666816756,-0.009148365330153842,-0.0028497634406353814,-0.004764731600334574,0.001032608779658183,-0.022144977789732387,-0.005691751941915072,-0.005676363250473665,-0.023713722080183842,0.005825771875503122,-0.004726176051853371,0.0003216065635207599,-0.010296808555722237
2026-09-07 00:00:00+00:00,0.004047796852134411,-0.007778182931524315,0.0014909665995980277,0.001046202738261268,-0.0030003017548541257,0.0004267199957917429,-0.010420888839328787,0.0005817329404310492,0.0011731496518926322,-0.009506651927923767,-0.0035845792213113296,0.0012147061138493,0.0012438590244918226,-0.011691482700272919,-0.012236330208336333,-0.009372498301457251,0.001675070050423372,0.0016101252194413718,-0.006901701884395265,-0.0009223990115020268,-0.008703087306373945,-0.005493939647188666,-2.8771545146355493e-09,0.0008044185858651076,-1.460358522679451e-05,-0.035110221274590736,0.0,-0.011082812555932589,-0.008356154352004305,-0.010354501807093784,-0.005493048150635488,-0.004759940067691779,0.001032608779658183,-0.010820556919192396,-0.010420888839328787,-0.010380276075659873,-0.01009495345249531,0.005478637852240043,0.0002531736257299573,-0.0006087936225060986,-0.009007420390844345
