model,fold,train_start,train_end,test_start,test_end,train_bars,fit_seconds,predict_seconds,error,n,mae,rmse,mape,smape,mase,directional_accuracy,path_directional_accuracy,return_correlation,interval_coverage,coverage_error,mean_interval_width,relative_interval_width,winkler_score,interval_level
random_walk,0,2017-01-01 00:00:00+00:00,2019-06-19 00:00:00+00:00,2019-07-20 00:00:00+00:00,2019-08-18 00:00:00+00:00,900,0.0019859999883919954,2.1049316999851726,,30,1315.9121419220028,1521.0388187827598,11.97995092546221,12.977630285954803,6.897353150301472,0.0,0.4827586206896552,,1.0,0.050000000000000044,11379.424340418698,1.0766537297335814,11379.424340418698,0.95
random_walk_drift,0,2017-01-01 00:00:00+00:00,2019-06-19 00:00:00+00:00,2019-07-20 00:00:00+00:00,2019-08-18 00:00:00+00:00,900,0.0014984000008553267,0.0016592000029049814,,30,619.1186758445673,732.6921321601556,5.7005430044862075,5.812673061323839,3.245110378729305,1.0,0.5172413793103449,0.4036949826930489,1.0,0.050000000000000044,12770.393103246908,1.2075546125007408,12770.393103246908,0.95
historical_mean_return,0,2017-01-01 00:00:00+00:00,2019-06-19 00:00:00+00:00,2019-07-20 00:00:00+00:00,2019-08-18 00:00:00+00:00,900,0.002377700002398342,0.0016200999962165952,,30,770.7008581479706,1005.6973424483255,6.90952367236626,7.311050401090226,4.0396283479250945,1.0,0.5172413793103449,0.40492161298010165,1.0,0.050000000000000044,8935.190012363617,0.8452161859735704,8935.190012363617,0.95
arima,0,2017-01-01 00:00:00+00:00,2019-06-19 00:00:00+00:00,2019-07-20 00:00:00+00:00,2019-08-18 00:00:00+00:00,900,0.6181854000024032,0.007088499987730756,,30,1287.82963479809,1496.8097676127184,11.713404541633574,12.67688758196016,6.750158696501102,1.0,0.5172413793103449,0.13291924295775207,1.0,0.050000000000000044,12404.847712142251,1.1735791357489798,12404.847712142251,0.95
ets,0,2017-01-01 00:00:00+00:00,2019-06-19 00:00:00+00:00,2019-07-20 00:00:00+00:00,2019-08-18 00:00:00+00:00,900,0.07048960000975057,0.009003899991512299,,30,898.6803018897284,1133.8445502887325,8.077553159612954,8.602279995456568,4.710432569076786,1.0,0.5172413793103449,0.43582658624679266,1.0,0.050000000000000044,15260.433717343134,1.4425664445260873,15260.433717343134,0.95
prophet,0,2017-01-01 00:00:00+00:00,2019-06-19 00:00:00+00:00,2019-07-20 00:00:00+00:00,2019-08-18 00:00:00+00:00,900,3.002168899984099,0.12434249999932945,,30,741.505532513409,874.5022453594107,6.868077043917877,6.972928241506046,3.886601056190023,0.9666666666666667,0.5172413793103449,0.30569768995566815,1.0,0.050000000000000044,9511.84941192705,0.8950097324380427,9511.84941192705,0.95
prophet_xgb_hybrid,0,2017-01-01 00:00:00+00:00,2019-06-19 00:00:00+00:00,2019-07-20 00:00:00+00:00,2019-08-18 00:00:00+00:00,900,3.929078099987237,3.062471600016579,,30,748.3850060040733,949.6141577572984,7.186732527005104,6.945610795387089,3.9226598147055753,1.0,0.4482758620689655,0.2930221320355083,1.0,0.050000000000000044,13563.855597598387,1.2826192340338032,13563.855597598387,0.95
xgboost_causal_retuned,0,2017-01-01 00:00:00+00:00,2019-06-19 00:00:00+00:00,2019-07-20 00:00:00+00:00,2019-08-18 00:00:00+00:00,900,4.475681400013855,2.555070100002922,,30,626.6433323588212,754.528452110588,5.743355383196708,5.885078357034677,3.284550863895527,1.0,0.5172413793103449,0.3871355307917186,1.0,0.050000000000000044,12799.578716955562,1.2113498997756558,12799.578716955562,0.95
random_walk,1,2017-01-01 00:00:00+00:00,2019-08-31 00:00:00+00:00,2019-10-01 00:00:00+00:00,2019-10-30 00:00:00+00:00,973,0.0017356000025756657,0.0019298999977763742,,30,1244.9900878906667,1339.678443712669,15.231813584454862,13.978749298271037,6.002769392841381,1.0,0.5517241379310345,,1.0,0.050000000000000044,11962.982083395931,1.4283780273838345,11962.982083395931,0.95
random_walk_drift,1,2017-01-01 00:00:00+00:00,2019-08-31 00:00:00+00:00,2019-10-01 00:00:00+00:00,2019-10-30 00:00:00+00:00,973,0.0016308999911416322,0.0018737000063993037,,30,2325.1876882659126,2368.5378210766908,28.103031341573015,24.481144984719876,11.21098523071933,0.0,0.4482758620689655,0.4114121624317942,1.0,0.050000000000000044,13333.489464380042,1.5912752902976084,13333.489464380042,0.95
historical_mean_return,1,2017-01-01 00:00:00+00:00,2019-08-31 00:00:00+00:00,2019-10-01 00:00:00+00:00,2019-10-30 00:00:00+00:00,973,0.0025923000066541135,0.0019100999925285578,,30,1954.1032307286912,2006.523734384433,23.682055117188046,21.014462433721555,9.421786709759541,0.0,0.4482758620689655,0.4098739162333524,1.0,0.050000000000000044,10648.096808947863,1.2710765710446856,10648.096808947863,0.95
arima,1,2017-01-01 00:00:00+00:00,2019-08-31 00:00:00+00:00,2019-10-01 00:00:00+00:00,2019-10-30 00:00:00+00:00,973,0.5779356999846641,0.006157099996926263,,30,1811.1018231202029,1869.309750908411,21.980431978923257,19.640980450978983,8.73229971618851,0.0,0.4482758620689655,0.4029003346932403,1.0,0.050000000000000044,14493.8713336637,1.72909869345361,14493.8713336637,0.95
ets,1,2017-01-01 00:00:00+00:00,2019-08-31 00:00:00+00:00,2019-10-01 00:00:00+00:00,2019-10-30 00:00:00+00:00,973,0.07040569998207502,0.009975499997381121,,30,1025.8316360908998,1127.775618249544,12.590842798361981,11.687969065947499,4.946088171487212,1.0,0.5517241379310345,-0.3112009075824903,1.0,0.050000000000000044,14414.385453835865,1.7201894134496127,14414.385453835865,0.95
prophet,1,2017-01-01 00:00:00+00:00,2019-08-31 00:00:00+00:00,2019-10-01 00:00:00+00:00,2019-10-30 00:00:00+00:00,973,1.6107457999896724,0.09807080001337454,,30,1802.433016136954,1897.8128340419441,21.72560429300554,19.367919849030617,8.690502717370906,0.23333333333333334,0.4482758620689655,0.46154174112375335,1.0,0.050000000000000044,9289.71239206782,1.1025244943683794,9289.71239206782,0.95
prophet_xgb_hybrid,1,2017-01-01 00:00:00+00:00,2019-08-31 00:00:00+00:00,2019-10-01 00:00:00+00:00,2019-10-30 00:00:00+00:00,973,2.275466899998719,2.8240451000165194,,30,2290.446435487747,2442.8464783340705,27.47100141033408,23.767682177510146,11.043478894023055,0.13333333333333333,0.41379310344827586,0.46709059601710406,1.0,0.050000000000000044,13336.877637422649,1.588150090300143,13336.877637422649,0.95
xgboost_causal_retuned,1,2017-01-01 00:00:00+00:00,2019-08-31 00:00:00+00:00,2019-10-01 00:00:00+00:00,2019-10-30 00:00:00+00:00,973,4.340861700009555,2.1451931999763474,,30,2189.176184502574,2235.1397435012577,26.47881104297088,23.224092167207548,10.555200337485227,0.0,0.4482758620689655,0.41119540517781045,1.0,0.050000000000000044,13107.89768279327,1.5638544313801057,13107.89768279327,0.95
random_walk,2,2017-01-01 00:00:00+00:00,2019-11-13 00:00:00+00:00,2019-12-14 00:00:00+00:00,2020-01-12 00:00:00+00:00,1047,0.001746199995977804,0.0021638000034727156,,30,1388.2051757786746,1440.464200584067,19.018611389235332,17.228511655616153,6.780316888036345,0.0,0.4827586206896552,,1.0,0.050000000000000044,10720.97557855886,1.4426141521841276,10720.97557855886,0.95
random_walk_drift,2,2017-01-01 00:00:00+00:00,2019-11-13 00:00:00+00:00,2019-12-14 00:00:00+00:00,2020-01-12 00:00:00+00:00,1047,0.002568500000052154,0.0023170000058598816,,30,2264.8223748950495,2280.773266029434,30.770447372986894,26.585251033656508,11.061919134748832,0.0,0.5172413793103449,0.7882537170073151,1.0,0.050000000000000044,11810.579766720559,1.588074296223792,11810.579766720559,0.95
historical_mean_return,2,2017-01-01 00:00:00+00:00,2019-11-13 00:00:00+00:00,2019-12-14 00:00:00+00:00,2020-01-12 00:00:00+00:00,1047,0.003528600005665794,0.0020650000078603625,,30,2080.291279454051,2100.32890348654,28.29735346842156,24.6986692317777,10.160626354245666,0.0,0.5172413793103449,0.787743030610975,1.0,0.050000000000000044,10280.871879040058,1.382701650917604,10280.871879040058,0.95
arima,2,2017-01-01 00:00:00+00:00,2019-11-13 00:00:00+00:00,2019-12-14 00:00:00+00:00,2020-01-12 00:00:00+00:00,1047,0.22605970001313835,0.007374499982688576,,30,1388.1683929856629,1440.4287522782909,19.01811437443245,17.228097427685306,6.780137232321903,1.0,0.4827586206896552,,1.0,0.050000000000000044,10784.14501350921,1.4511066182124586,10784.14501350921,0.95
ets,2,2017-01-01 00:00:00+00:00,2019-11-13 00:00:00+00:00,2019-12-14 00:00:00+00:00,2020-01-12 00:00:00+00:00,1047,0.09077229999820702,0.009693800006061792,,30,1330.7869144142653,1386.6622387483583,18.24627547896683,16.579344435072414,6.499872747643038,1.0,0.4827586206896552,-0.7594796966709142,1.0,0.050000000000000044,12831.934518105125,1.7246203614518552,12831.934518105125,0.95
prophet,2,2017-01-01 00:00:00+00:00,2019-11-13 00:00:00+00:00,2019-12-14 00:00:00+00:00,2020-01-12 00:00:00+00:00,1047,1.7699532000115141,0.11680569997406565,,30,1790.2837839268652,1968.1952378142448,24.70333914768186,21.476725179190122,8.74416230852048,0.26666666666666666,0.3793103448275862,-0.7764235697600792,0.8666666666666667,0.08333333333333326,6827.233396054256,0.9161614240481643,9077.190729184433,0.95
prophet_xgb_hybrid,2,2017-01-01 00:00:00+00:00,2019-11-13 00:00:00+00:00,2019-12-14 00:00:00+00:00,2020-01-12 00:00:00+00:00,1047,2.9114331000018865,3.159233200014569,,30,2346.234490582523,2514.4469228787493,32.24347129039547,27.183946575995915,11.459554839122946,0.0,0.4482758620689655,-0.6956404080892941,0.9666666666666667,0.01666666666666672,11984.451435302217,1.6152755024482253,12122.621756412527,0.95
xgboost_causal_retuned,2,2017-01-01 00:00:00+00:00,2019-11-13 00:00:00+00:00,2019-12-14 00:00:00+00:00,2020-01-12 00:00:00+00:00,1047,4.048860800015973,2.278366199985612,,30,2071.974271903634,2092.0294326600465,28.18530025242076,24.61273859958749,10.12000415535465,0.0,0.5172413793103449,0.7966033950622783,1.0,0.050000000000000044,11741.25653248378,1.5781084152126146,11741.25653248378,0.95
random_walk,3,2017-01-01 00:00:00+00:00,2020-01-25 00:00:00+00:00,2020-02-25 00:00:00+00:00,2020-03-25 00:00:00+00:00,1120,0.0028679000097326934,0.0030226999951992184,,30,1460.5357259106663,1855.7138416570972,24.554932826302842,20.240479158021664,7.2654020191607085,0.6,0.5862068965517241,,1.0,0.050000000000000044,9950.891228002056,1.453681134798303,9950.891228002056,0.95
random_walk_drift,3,2017-01-01 00:00:00+00:00,2020-01-25 00:00:00+00:00,2020-02-25 00:00:00+00:00,2020-03-25 00:00:00+00:00,1120,0.0022919000184629112,0.002599500003270805,,30,1864.1649539389134,2452.6100350441866,31.807626378420384,24.56662112570379,9.273246508195873,0.4,0.41379310344827586,-0.7905547051652446,0.9333333333333333,0.016666666666666607,10869.82102917067,1.5918883644265034,11169.715256242496,0.95
historical_mean_return,3,2017-01-01 00:00:00+00:00,2020-01-25 00:00:00+00:00,2020-02-25 00:00:00+00:00,2020-03-25 00:00:00+00:00,1120,0.0024068999919109046,0.0019216000218875706,,30,2278.4594996864066,2843.085617124891,38.07087242715569,28.80758280268466,11.33414537961808,0.4,0.41379310344827586,-0.7898063449211478,0.7333333333333333,0.21666666666666667,9252.72221909127,1.3562543466373331,15928.36057484998,0.95
arima,3,2017-01-01 00:00:00+00:00,2020-01-25 00:00:00+00:00,2020-02-25 00:00:00+00:00,2020-03-25 00:00:00+00:00,1120,0.2930564999987837,0.005661500006681308,,30,1460.4928756998977,1855.5905665099,24.55379203816901,20.240010385999778,7.265188861753932,0.6,0.5862068965517241,,1.0,0.050000000000000044,9985.107965209912,1.458696390683619,9985.107965209912,0.95
ets,3,2017-01-01 00:00:00+00:00,2020-01-25 00:00:00+00:00,2020-02-25 00:00:00+00:00,2020-03-25 00:00:00+00:00,1120,0.06536700000287965,0.008564299991121516,,30,1473.3518104753734,1888.5464387334423,24.869255705057075,20.381701666424075,7.329155342699645,0.4,0.41379310344827586,-0.7993698145203071,1.0,0.050000000000000044,12146.47226568227,1.7805145218754839,12146.47226568227,0.95
prophet,3,2017-01-01 00:00:00+00:00,2020-01-25 00:00:00+00:00,2020-02-25 00:00:00+00:00,2020-03-25 00:00:00+00:00,1120,1.3791572000191081,0.08186519998707809,,30,3260.772391121826,3558.089085515977,51.33170156342551,38.291201464304095,16.220638697289253,0.4,0.3793103448275862,0.5125154392264673,0.6,0.35,8156.395884526087,1.2118090491533873,31000.939805656802,0.95
prophet_xgb_hybrid,3,2017-01-01 00:00:00+00:00,2020-01-25 00:00:00+00:00,2020-02-25 00:00:00+00:00,2020-03-25 00:00:00+00:00,1120,2.0551468999765348,2.9373296000121627,,30,3856.790352600428,3994.518461795566,58.61540107275317,43.532092591265666,19.185516600623437,0.4,0.41379310344827586,0.8878523243745589,0.7333333333333333,0.21666666666666667,13220.316608730154,1.9098481808382415,23113.880093604315,0.95
xgboost_causal_retuned,3,2017-01-01 00:00:00+00:00,2020-01-25 00:00:00+00:00,2020-02-25 00:00:00+00:00,2020-03-25 00:00:00+00:00,1120,3.5703951999894343,1.9873033000039868,,30,1752.9961781544648,2336.140361351997,30.058339544389067,23.39309233525053,8.720239941000571,0.4,0.41379310344827586,-0.7872953164562297,0.8333333333333334,0.11666666666666659,10714.024421905337,1.5663100243646233,12294.065250172303,0.95
random_walk,4,2017-01-01 00:00:00+00:00,2020-04-07 00:00:00+00:00,2020-05-08 00:00:00+00:00,2020-06-06 00:00:00+00:00,1193,0.001503700012108311,0.002010700001846999,,30,2215.0690104183354,2247.335465992283,23.458717380539333,26.6474745712567,10.84729450748869,0.0,0.4482758620689655,,1.0,0.050000000000000044,8975.118316091453,0.9558978128938609,8975.118316091453,0.95
random_walk_drift,4,2017-01-01 00:00:00+00:00,2020-04-07 00:00:00+00:00,2020-05-08 00:00:00+00:00,2020-06-06 00:00:00+00:00,1193,0.0017525000148452818,0.0019988999993074685,,30,1653.0898896245244,1691.582201369587,17.48092091080555,19.221941965331954,8.09525698557024,1.0,0.5517241379310345,0.32725067042909317,1.0,0.050000000000000044,9692.792007846741,1.0321213213728955,9692.792007846741,0.95
historical_mean_return,4,2017-01-01 00:00:00+00:00,2020-04-07 00:00:00+00:00,2020-05-08 00:00:00+00:00,2020-06-06 00:00:00+00:00,1193,0.0027068000053986907,0.0020027999999001622,,30,1595.861276592389,1635.6427510805909,16.872247866679388,18.493978696545835,7.815005843553929,1.0,0.5517241379310345,0.327409240334357,1.0,0.050000000000000044,9859.4049977649,1.049838896527565,9859.4049977649,0.95
arima,4,2017-01-01 00:00:00+00:00,2020-04-07 00:00:00+00:00,2020-05-08 00:00:00+00:00,2020-06-06 00:00:00+00:00,1193,0.24527060001855716,0.007697399996686727,,30,2207.8820584868427,2240.2520304597847,23.382063709675094,26.54918848751829,10.812099674350131,1.0,0.4482758620689655,,1.0,0.050000000000000044,8729.079857953164,0.9297016378741485,8729.079857953164,0.95
ets,4,2017-01-01 00:00:00+00:00,2020-04-07 00:00:00+00:00,2020-05-08 00:00:00+00:00,2020-06-06 00:00:00+00:00,1193,0.09739499998977408,0.009677099995315075,,30,2062.9665581197346,2097.4500039204386,21.83675842981201,24.585467991243455,10.102441824509492,1.0,0.5517241379310345,0.23787825914916721,1.0,0.050000000000000044,10610.810621296263,1.1298800049693383,10610.810621296263,0.95
prophet,4,2017-01-01 00:00:00+00:00,2020-04-07 00:00:00+00:00,2020-05-08 00:00:00+00:00,2020-06-06 00:00:00+00:00,1193,1.6107832999841776,0.09683130000485107,,30,713.487640441976,821.9820906374792,7.443973594488716,7.825787285599609,3.4939816894759663,1.0,0.6206896551724138,-0.007982723842107187,1.0,0.050000000000000044,6433.632908343466,0.6840364744404609,6433.632908343466,0.95
prophet_xgb_hybrid,4,2017-01-01 00:00:00+00:00,2020-04-07 00:00:00+00:00,2020-05-08 00:00:00+00:00,2020-06-06 00:00:00+00:00,1193,2.478113300021505,2.9711993999953847,,30,482.5994166448379,617.9087932272424,5.174632742211981,5.150574703648227,2.3633114710498972,1.0,0.5172413793103449,0.03573816256453928,1.0,0.050000000000000044,14512.379606456398,1.5443222524073847,14512.379606456398,0.95
xgboost_causal_retuned,4,2017-01-01 00:00:00+00:00,2020-04-07 00:00:00+00:00,2020-05-08 00:00:00+00:00,2020-06-06 00:00:00+00:00,1193,4.137212399975397,1.8244086000195239,,30,4602.870623575892,4705.347408802525,48.817434847182525,65.57750980547587,22.540468490580498,0.0,0.4482758620689655,-0.3098780880399728,0.6333333333333333,0.31666666666666665,7228.863920634733,0.7710860125769181,19233.062302550537,0.95
random_walk,5,2017-01-01 00:00:00+00:00,2020-06-20 00:00:00+00:00,2020-07-21 00:00:00+00:00,2020-08-19 00:00:00+00:00,1267,0.0015147000085562468,0.001949500001501292,,30,1836.053971348003,2022.6761081217735,15.910228503960383,17.584996427680625,9.001403156208426,0.0,0.3448275862068966,,1.0,0.050000000000000044,11492.463092375048,1.0276140019737532,11492.463092375048,0.95
random_walk_drift,5,2017-01-01 00:00:00+00:00,2020-06-20 00:00:00+00:00,2020-07-21 00:00:00+00:00,2020-08-19 00:00:00+00:00,1267,0.0022295000089798123,0.0023626999754924327,,30,1174.6230262722206,1276.2066978620285,10.227387662521519,10.845408242727801,5.758684429237739,1.0,0.6551724137931034,0.8644863221610473,1.0,0.050000000000000044,12475.542093774695,1.1143854025488282,12475.542093774695,0.95
historical_mean_return,5,2017-01-01 00:00:00+00:00,2020-06-20 00:00:00+00:00,2020-07-21 00:00:00+00:00,2020-08-19 00:00:00+00:00,1267,0.0037059000169392675,0.00228610000340268,,30,1539.1136222799148,1720.1782027499173,13.296628040790923,14.485525857812172,7.545629068399485,1.0,0.6551724137931034,0.8660370036003627,1.0,0.050000000000000044,11984.2183591143,1.0711282201913417,11984.2183591143,0.95
arima,5,2017-01-01 00:00:00+00:00,2020-06-20 00:00:00+00:00,2020-07-21 00:00:00+00:00,2020-08-19 00:00:00+00:00,1267,0.24251290000393055,0.006835500011220574,,30,1838.3068707536174,2024.7213644656902,15.93052842654889,17.608915486957624,9.012448177834576,0.0,0.3793103448275862,,1.0,0.050000000000000044,11177.824854877928,0.9995196998955754,11177.824854877928,0.95
ets,5,2017-01-01 00:00:00+00:00,2020-06-20 00:00:00+00:00,2020-07-21 00:00:00+00:00,2020-08-19 00:00:00+00:00,1267,0.08658420000574552,0.009868599998299032,,30,1875.0771353667621,2058.5101879236886,16.261224997990496,18.000003038610398,9.192717375313764,0.0,0.3448275862068966,-0.9435244252764393,1.0,0.050000000000000044,13192.015531890993,1.1783441271217718,13192.015531890993,0.95
prophet,5,2017-01-01 00:00:00+00:00,2020-06-20 00:00:00+00:00,2020-07-21 00:00:00+00:00,2020-08-19 00:00:00+00:00,1267,1.6202639000257477,0.11553569999523461,,30,2848.0923910700008,2957.310612825965,25.068086282699632,28.897130091146224,13.963003396533347,0.0,0.5172413793103449,0.7741014092356043,0.7666666666666667,0.18333333333333324,5833.304309048616,0.5178110648170062,7124.606435653386,0.95
prophet_xgb_hybrid,5,2017-01-01 00:00:00+00:00,2020-06-20 00:00:00+00:00,2020-07-21 00:00:00+00:00,2020-08-19 00:00:00+00:00,1267,2.8862285999930464,3.303985599981388,,30,2008.5287574016031,2153.2390569885447,17.51849241591565,19.440794232834197,9.846974750386245,0.0,0.5517241379310345,0.8408505969728157,1.0,0.050000000000000044,12188.94627502073,1.0883751091591003,12188.94627502073,0.95
xgboost_causal_retuned,5,2017-01-01 00:00:00+00:00,2020-06-20 00:00:00+00:00,2020-07-21 00:00:00+00:00,2020-08-19 00:00:00+00:00,1267,4.149624300014693,1.9670803000044543,,30,2937.679722460086,3082.368219255186,25.773739922643074,29.940422596512402,14.402212537503722,0.0,0.3448275862068966,-0.9199638494230136,1.0,0.050000000000000044,10928.096014293083,0.9771374623281213,10928.096014293083,0.95
random_walk,6,2017-01-01 00:00:00+00:00,2020-09-01 00:00:00+00:00,2020-10-02 00:00:00+00:00,2020-10-31 00:00:00+00:00,1340,0.0014198999851942062,0.001864500023657456,,30,971.3324544166695,1066.66848291328,8.121529508377098,8.097039770497489,4.822664679073468,0.36666666666666664,0.2413793103448276,,1.0,0.050000000000000044,14397.543614845377,1.205490030519125,14397.543614845377,0.95
random_walk_drift,6,2017-01-01 00:00:00+00:00,2020-09-01 00:00:00+00:00,2020-10-02 00:00:00+00:00,2020-10-31 00:00:00+00:00,1340,0.0018733000033535063,0.001971099991351366,,30,1168.7965347089419,1398.283281045897,10.427523342854427,9.692036115639954,5.803073643152787,0.36666666666666664,0.7586206896551724,0.961207606002276,1.0,0.050000000000000044,15694.4085621184,1.3122931391577248,15694.4085621184,0.95
historical_mean_return,6,2017-01-01 00:00:00+00:00,2020-09-01 00:00:00+00:00,2020-10-02 00:00:00+00:00,2020-10-31 00:00:00+00:00,1340,0.0025895000144373626,0.0019042999774683267,,30,1041.7155383219433,1167.6163979981645,9.142432630143654,8.687461151223921,5.172116621310973,0.36666666666666664,0.7586206896551724,0.9608410288647057,1.0,0.050000000000000044,13821.153495814384,1.1564105554000172,13821.153495814384,0.95
arima,6,2017-01-01 00:00:00+00:00,2020-09-01 00:00:00+00:00,2020-10-02 00:00:00+00:00,2020-10-31 00:00:00+00:00,1340,0.2509319999953732,0.007067800004733726,,30,968.817014900796,1066.3453607291863,8.094115941566667,8.076017972939548,4.810175524355752,0.6333333333333333,0.3448275862068966,,1.0,0.050000000000000044,13985.06306674062,1.1710107993327126,13985.06306674062,0.95
ets,6,2017-01-01 00:00:00+00:00,2020-09-01 00:00:00+00:00,2020-10-02 00:00:00+00:00,2020-10-31 00:00:00+00:00,1340,0.08970410001347773,0.011822100001154467,,30,993.6006331740153,1071.7881842422266,8.368141013445896,8.282340427356226,4.933226164661675,0.36666666666666664,0.7586206896551724,0.8778537366832754,1.0,0.050000000000000044,16745.15603548363,1.4002608815419115,16745.15603548363,0.95
prophet,6,2017-01-01 00:00:00+00:00,2020-09-01 00:00:00+00:00,2020-10-02 00:00:00+00:00,2020-10-31 00:00:00+00:00,1340,1.8866509999788832,0.0932870999968145,,30,287.9598009549812,348.80218618459145,2.3175211860052514,2.3416583975207397,1.4297201279994431,0.9333333333333333,0.7586206896551724,0.9689496074286532,1.0,0.050000000000000044,7329.986022019421,0.6046092891901151,7329.986022019421,0.95
prophet_xgb_hybrid,6,2017-01-01 00:00:00+00:00,2020-09-01 00:00:00+00:00,2020-10-02 00:00:00+00:00,2020-10-31 00:00:00+00:00,1340,2.3993582999974024,3.032355000003008,,30,471.58673921065935,529.5121565765539,3.9784760779093182,3.882518122678051,2.3414276955015407,0.8666666666666667,0.7586206896551724,0.9666281624887143,1.0,0.050000000000000044,16404.50088774571,1.3612022522956082,16404.50088774571,0.95
xgboost_causal_retuned,6,2017-01-01 00:00:00+00:00,2020-09-01 00:00:00+00:00,2020-10-02 00:00:00+00:00,2020-10-31 00:00:00+00:00,1340,3.800710999988951,1.7464486999961082,,30,1083.084442953704,1221.6718867609156,9.518539192244853,9.015785220184783,5.3775131920446935,0.36666666666666664,0.7586206896551724,0.9606614041530956,1.0,0.050000000000000044,16616.901100669875,1.3884970609899177,16616.901100669875,0.95
random_walk,7,2017-01-01 00:00:00+00:00,2020-11-13 00:00:00+00:00,2020-12-14 00:00:00+00:00,2021-01-12 00:00:00+00:00,1413,0.0013716999965254217,0.0018106999923475087,,30,12409.972265573335,13912.609568259903,40.49463395572189,52.34386595377668,61.27930819921577,0.0,0.3103448275862069,,0.6,0.35,19278.954677554415,0.6877366993643491,103121.49533720232,0.95
random_walk_drift,7,2017-01-01 00:00:00+00:00,2020-11-13 00:00:00+00:00,2020-12-14 00:00:00+00:00,2021-01-12 00:00:00+00:00,1413,0.0016364000039175153,0.0018832999921869487,,30,10870.079560520182,12416.282003628965,35.107325121397295,44.0266507664854,53.67545883941894,1.0,0.6896551724137931,0.9465934157824696,0.7333333333333333,0.21666666666666667,21136.59959195935,0.7513658677793279,57076.44635891971,0.95
historical_mean_return,7,2017-01-01 00:00:00+00:00,2020-11-13 00:00:00+00:00,2020-12-14 00:00:00+00:00,2021-01-12 00:00:00+00:00,1413,0.0025409999943803996,0.0021212999999988824,,30,10483.296923903566,12041.562780135408,33.75702713147648,42.02479553689306,51.765561549713766,1.0,0.6896551724137931,0.9467100289008926,0.7,0.25,19719.253917966813,0.700611796981649,64584.221663988625,0.95
arima,7,2017-01-01 00:00:00+00:00,2020-11-13 00:00:00+00:00,2020-12-14 00:00:00+00:00,2021-01-12 00:00:00+00:00,1413,0.24216490000253543,0.006076899997424334,,30,12406.305410043551,13909.338851786362,40.48126221041202,52.323157861650635,61.2612016019307,1.0,0.3793103448275862,,0.5333333333333333,0.41666666666666663,18748.478786239935,0.6688908528770827,110834.72810039336,0.95
ets,7,2017-01-01 00:00:00+00:00,2020-11-13 00:00:00+00:00,2020-12-14 00:00:00+00:00,2021-01-12 00:00:00+00:00,1413,0.08539289998589084,0.008854300016537309,,30,11807.000352651261,13370.859062650648,38.30758297701968,48.9887270040343,58.301888032860916,1.0,0.6896551724137931,0.8851560675602202,0.8333333333333334,0.11666666666666659,23318.380910306445,0.8288649220023188,51049.520947802215,0.95
prophet,7,2017-01-01 00:00:00+00:00,2020-11-13 00:00:00+00:00,2020-12-14 00:00:00+00:00,2021-01-12 00:00:00+00:00,1413,1.8055424999911338,0.11171289999037981,,30,13786.100325514013,15265.276097010874,45.3238172261414,60.272503333592056,68.07450271714629,0.0,0.41379310344827586,-0.8711913088316444,0.0,0.95,9823.520629461129,0.3445567868484331,341824.9441852864,0.95
prophet_xgb_hybrid,7,2017-01-01 00:00:00+00:00,2020-11-13 00:00:00+00:00,2020-12-14 00:00:00+00:00,2021-01-12 00:00:00+00:00,1413,2.8174230000004172,2.5753350000013597,,30,13179.714107864815,14800.83070962072,42.96258453174674,56.638504594164175,65.08022302627502,0.0,0.3793103448275862,-0.8897315423508657,0.5666666666666667,0.3833333333333333,21176.015406463495,0.7590271937694066,91036.83828653568,0.95
xgboost_causal_retuned,7,2017-01-01 00:00:00+00:00,2020-11-13 00:00:00+00:00,2020-12-14 00:00:00+00:00,2021-01-12 00:00:00+00:00,1413,4.0857180999882985,2.105853799992474,,30,12595.385948119067,14111.286852321655,41.112708272742005,53.37161479763483,62.1948640081994,0.0,0.3103448275862069,-0.9458996957345536,0.7,0.25,22029.605999714335,0.7855658295181096,62915.94260818297,0.95
random_walk,8,2017-01-01 00:00:00+00:00,2021-01-26 00:00:00+00:00,2021-02-26 00:00:00+00:00,2021-03-27 00:00:00+00:00,1487,0.0023729999957140535,0.003971400001319125,,30,21132.37656247333,21580.342436428567,38.93222622289853,48.59334146478778,88.99740913906383,0.0,0.4827586206896552,,0.8333333333333334,0.11666666666666659,38516.45920700294,0.7175293526611143,47810.43977770456,0.95
random_walk_drift,8,2017-01-01 00:00:00+00:00,2021-01-26 00:00:00+00:00,2021-02-26 00:00:00+00:00,2021-03-27 00:00:00+00:00,1487,0.003204000007826835,0.0025280999834649265,,30,17457.185260115748,17891.530115235924,32.12232810266248,38.463417617457125,73.51961831732179,1.0,0.5172413793103449,0.6714300659515657,1.0,0.050000000000000044,42954.928506440265,0.7993445117887106,42954.928506440265,0.95
historical_mean_return,8,2017-01-01 00:00:00+00:00,2021-01-26 00:00:00+00:00,2021-02-26 00:00:00+00:00,2021-03-27 00:00:00+00:00,1487,0.0033694000157993287,0.002566699986346066,,30,13897.731178396927,14343.762587430929,25.5329197446721,29.434942871643955,58.529246066196016,1.0,0.5172413793103449,0.6667877428052947,1.0,0.050000000000000044,46563.51535473562,0.8657000419744344,46563.51535473562,0.95
arima,8,2017-01-01 00:00:00+00:00,2021-01-26 00:00:00+00:00,2021-02-26 00:00:00+00:00,2021-03-27 00:00:00+00:00,1487,0.9455399999860674,0.006662900006631389,,30,21184.75867323162,21631.6247580824,39.030454535083834,48.744526724113086,89.21801244550888,0.0,0.7241379310344828,0.16913072070777826,0.8,0.1499999999999999,37984.6783998916,0.7076321002019179,50468.48917674414,0.95
ets,8,2017-01-01 00:00:00+00:00,2021-01-26 00:00:00+00:00,2021-02-26 00:00:00+00:00,2021-03-27 00:00:00+00:00,1487,0.0889309000049252,0.00903929999913089,,30,21278.920032119124,21724.71927807197,39.20629886738599,49.01650981150552,89.61456590258112,0.0,0.4827586206896552,-0.7821778146225529,1.0,0.050000000000000044,46442.74700268691,0.8641056859291621,46442.74700268691,0.95
prophet,8,2017-01-01 00:00:00+00:00,2021-01-26 00:00:00+00:00,2021-02-26 00:00:00+00:00,2021-03-27 00:00:00+00:00,1487,2.540152500005206,0.08944979999796487,,30,22001.065667401057,22899.095130642807,40.26890920999476,51.20611915002981,92.65582774888495,0.4,0.4827586206896552,-0.7806058453084697,0.1,0.85,25171.902926553375,0.46794918212270126,289665.14964501193,0.95
prophet_xgb_hybrid,8,2017-01-01 00:00:00+00:00,2021-01-26 00:00:00+00:00,2021-02-26 00:00:00+00:00,2021-03-27 00:00:00+00:00,1487,3.2886445999902207,3.0757736999948975,,30,22423.405185640346,23309.845801589236,41.061562435419155,52.46856989048756,94.43447875811805,0.3333333333333333,0.5517241379310345,-0.7508472571893153,1.0,0.050000000000000044,46551.29002483864,0.8717363972326881,46551.29002483864,0.95
xgboost_causal_retuned,8,2017-01-01 00:00:00+00:00,2021-01-26 00:00:00+00:00,2021-02-26 00:00:00+00:00,2021-03-27 00:00:00+00:00,1487,2.994719600013923,2.0420488999807276,,30,18792.71606333997,19229.218766165806,34.597071534685554,42.044883263188524,79.14410550933202,1.0,0.5172413793103449,0.6732219181218595,1.0,0.050000000000000044,52443.073752562195,0.9768554578129909,52443.073752562195,0.95
random_walk,9,2017-01-01 00:00:00+00:00,2021-04-09 00:00:00+00:00,2021-05-10 00:00:00+00:00,2021-06-08 00:00:00+00:00,1560,0.0018241000070702285,0.002343300002394244,,30,17733.441927043314,18814.840931409697,46.81725398801216,36.80926116839303,59.52891673217797,1.0,0.5862068965517241,,1.0,0.050000000000000044,68884.97358444417,1.7579899080613937,68884.97358444417,0.95
random_walk_drift,9,2017-01-01 00:00:00+00:00,2021-04-09 00:00:00+00:00,2021-05-10 00:00:00+00:00,2021-06-08 00:00:00+00:00,1560,0.0019399999873712659,0.0022424999915529042,,30,25089.418835887594,26205.566150880164,65.79016261203883,48.01985862195407,84.22199880231081,0.0,0.41379310344827586,-0.8343682536157214,0.6333333333333333,0.31666666666666665,77770.43345332905,1.9895856461768076,96081.50499786007,0.95
historical_mean_return,9,2017-01-01 00:00:00+00:00,2021-04-09 00:00:00+00:00,2021-05-10 00:00:00+00:00,2021-06-08 00:00:00+00:00,1560,0.002676100004464388,0.0023142999853007495,,30,37122.80254583468,38462.875802361305,96.9123996503002,63.19884966097192,124.61654261522874,0.0,0.41379310344827586,-0.8282465008734006,0.16666666666666666,0.7833333333333333,73338.61164408358,1.8818764115581288,447410.6752611658,0.95
arima,9,2017-01-01 00:00:00+00:00,2021-04-09 00:00:00+00:00,2021-05-10 00:00:00+00:00,2021-06-08 00:00:00+00:00,1560,0.3132558999932371,0.006989799992879853,,30,17750.99089885011,18831.382174059647,46.86148940183644,36.83821530808331,59.58782640609913,0.0,0.5862068965517241,,1.0,0.050000000000000044,67289.08044785999,1.7171681339076221,67289.08044785999,0.95
ets,9,2017-01-01 00:00:00+00:00,2021-04-09 00:00:00+00:00,2021-05-10 00:00:00+00:00,2021-06-08 00:00:00+00:00,1560,0.09374589999788441,0.009481400018557906,,30,20855.274666394635,21880.397398156994,54.80022649546391,41.787041558025386,70.00851352772327,0.0,0.41379310344827586,-0.8686422471465141,1.0,0.050000000000000044,87268.91873622086,2.2367298579709707,87268.91873622086,0.95
prophet,9,2017-01-01 00:00:00+00:00,2021-04-09 00:00:00+00:00,2021-05-10 00:00:00+00:00,2021-06-08 00:00:00+00:00,1560,2.3618189000117127,0.100510199990822,,30,66769.15904297832,67810.46081222565,172.23328924902634,90.43416477129304,224.13560352802324,0.0,0.41379310344827586,-0.9112605865890412,0.0,0.95,92695.61280129342,2.4115919350937887,1299608.1605267678,0.95
prophet_xgb_hybrid,9,2017-01-01 00:00:00+00:00,2021-04-09 00:00:00+00:00,2021-05-10 00:00:00+00:00,2021-06-08 00:00:00+00:00,1560,3.2656926999916323,2.8630715000035707,,30,66630.40732844362,67754.95010026384,172.01688557546564,90.28170033418797,223.66983160991705,0.0,0.41379310344827586,-0.8886949543296249,0.0,0.95,139221.09345936243,3.579939533418074,1027474.69962248,0.95
xgboost_causal_retuned,9,2017-01-01 00:00:00+00:00,2021-04-09 00:00:00+00:00,2021-05-10 00:00:00+00:00,2021-06-08 00:00:00+00:00,1560,3.727622500009602,2.5629171000036877,,30,25018.945289879797,26134.429619462924,65.60836550486205,47.92019512453562,83.98542804129447,0.0,0.41379310344827586,-0.8344053720466628,0.5333333333333333,0.41666666666666663,84798.3229488341,2.1714201510270126,118022.36188205282,0.95
random_walk,10,2017-01-01 00:00:00+00:00,2021-06-21 00:00:00+00:00,2021-07-22 00:00:00+00:00,2021-08-20 00:00:00+00:00,1633,0.0023013000027276576,0.002973399998154491,,30,10347.724869760023,11260.152668965653,23.71341237880261,27.432457407910466,28.643055031478077,0.0,0.3793103448275862,,1.0,0.050000000000000044,37962.116938765896,0.904256928495421,37962.116938765896,0.95
random_walk_drift,10,2017-01-01 00:00:00+00:00,2021-06-21 00:00:00+00:00,2021-07-22 00:00:00+00:00,2021-08-20 00:00:00+00:00,1633,0.001943000010214746,0.0022746000031474978,,30,7258.6548430211615,8116.137057354963,16.51161193820272,18.328199363237587,20.092344234117785,1.0,0.6206896551724138,0.9126500168964423,1.0,0.050000000000000044,41891.86040927224,0.9960707946317477,41891.86040927224,0.95
historical_mean_return,10,2017-01-01 00:00:00+00:00,2021-06-21 00:00:00+00:00,2021-07-22 00:00:00+00:00,2021-08-20 00:00:00+00:00,1633,0.003038299997569993,0.0025012999831233174,,30,4406.49097351573,4984.536036367659,10.102504628303675,10.687677929403815,12.197402331305854,1.0,0.6206896551724138,0.9111111283437391,1.0,0.050000000000000044,41523.30429605719,0.9857985076068206,41523.30429605719,0.95
arima,10,2017-01-01 00:00:00+00:00,2021-06-21 00:00:00+00:00,2021-07-22 00:00:00+00:00,2021-08-20 00:00:00+00:00,1633,0.351564500015229,0.007964899996295571,,30,10233.193880287337,11154.993731047747,23.437588817781915,27.0792981352196,28.32602713640303,1.0,0.4482758620689655,,1.0,0.050000000000000044,36812.434902117726,0.8769329862498062,36812.434902117726,0.95
ets,10,2017-01-01 00:00:00+00:00,2021-06-21 00:00:00+00:00,2021-07-22 00:00:00+00:00,2021-08-20 00:00:00+00:00,1633,0.15099120000377297,0.015343699982622638,,30,13352.768481113859,14180.62778340608,30.86070404013449,37.09492574906157,36.961176223851425,0.0,0.3793103448275862,-0.9269682941586412,1.0,0.050000000000000044,41106.73489143332,0.9770175327362026,41106.73489143332,0.95
prophet,10,2017-01-01 00:00:00+00:00,2021-06-21 00:00:00+00:00,2021-07-22 00:00:00+00:00,2021-08-20 00:00:00+00:00,1633,2.897833700000774,0.09769629998481832,,30,3247.0502235344425,3749.47096610226,7.608069208040565,7.807307344736931,8.988008418591356,1.0,0.5517241379310345,0.9046152153177964,1.0,0.050000000000000044,44433.53092860349,1.0370905391920167,44433.53092860349,0.95
prophet_xgb_hybrid,10,2017-01-01 00:00:00+00:00,2021-06-21 00:00:00+00:00,2021-07-22 00:00:00+00:00,2021-08-20 00:00:00+00:00,1633,2.950886200007517,3.704770499985898,,30,3174.8167946706876,3669.1259156131505,7.434220310779447,7.625509106707032,8.788062430067518,1.0,0.5862068965517241,0.9174585751213644,1.0,0.050000000000000044,68421.47675600527,1.6251831182667424,68421.47675600527,0.95
xgboost_causal_retuned,10,2017-01-01 00:00:00+00:00,2021-06-21 00:00:00+00:00,2021-07-22 00:00:00+00:00,2021-08-20 00:00:00+00:00,1633,3.7216957999917213,2.228419400023995,,30,9614.359381192497,10525.521638532588,21.988997954599668,25.19719952553351,26.613060195742403,1.0,0.5862068965517241,0.8935926480690589,1.0,0.050000000000000044,55174.44939747828,1.3148067182735914,55174.44939747828,0.95
random_walk,11,2017-01-01 00:00:00+00:00,2021-09-03 00:00:00+00:00,2021-10-04 00:00:00+00:00,2021-11-02 00:00:00+00:00,1707,0.002493100007995963,0.0031344000017270446,,30,9217.90690104668,9961.171498832216,15.20272665605983,16.64956263846365,23.556535465922245,0.03333333333333333,0.4482758620689655,,1.0,0.050000000000000044,59355.955940460175,1.0016620101827898,59355.955940460175,0.95
random_walk_drift,11,2017-01-01 00:00:00+00:00,2021-09-03 00:00:00+00:00,2021-10-04 00:00:00+00:00,2021-11-02 00:00:00+00:00,1707,0.002138799987733364,0.002193499996792525,,30,4137.455771336725,4818.495169500869,6.80618425264248,7.090902148335386,10.573346494214576,0.9666666666666667,0.5517241379310345,0.766755605826889,1.0,0.050000000000000044,66039.19997677373,1.1133309571285854,66039.19997677373,0.95
historical_mean_return,11,2017-01-01 00:00:00+00:00,2021-09-03 00:00:00+00:00,2021-10-04 00:00:00+00:00,2021-11-02 00:00:00+00:00,1707,0.0028110000130254775,0.0020724000059999526,,30,4338.037111545574,4853.271086747344,7.53667741173321,7.190277425430626,11.085935903627622,0.9666666666666667,0.5517241379310345,0.7614565207322381,1.0,0.050000000000000044,70881.10033427781,1.193553614432322,70881.10033427781,0.95
arima,11,2017-01-01 00:00:00+00:00,2021-09-03 00:00:00+00:00,2021-10-04 00:00:00+00:00,2021-11-02 00:00:00+00:00,1707,0.7093502999923658,0.00622280000243336,,30,9210.103103578207,9953.48480367948,15.18966832395224,16.63409739110802,23.536592713862767,0.9666666666666667,0.3103448275862069,-0.15658183117889718,1.0,0.050000000000000044,58240.64965858924,0.9828598147275669,58240.64965858924,0.95
ets,11,2017-01-01 00:00:00+00:00,2021-09-03 00:00:00+00:00,2021-10-04 00:00:00+00:00,2021-11-02 00:00:00+00:00,1707,0.09297920000972226,0.00900209997780621,,30,7800.5093011414,8564.570826667888,12.835315864151731,13.879164453984066,19.934349085661612,0.9666666666666667,0.5517241379310345,0.8458630501812919,1.0,0.050000000000000044,73888.21071937073,1.2451056328863748,73888.21071937073,0.95
prophet,11,2017-01-01 00:00:00+00:00,2021-09-03 00:00:00+00:00,2021-10-04 00:00:00+00:00,2021-11-02 00:00:00+00:00,1707,2.662950300000375,0.08975919999647886,,30,13696.453468713113,14086.840300657614,23.13746601090563,26.355006971399526,35.00154594276265,0.23333333333333334,0.5517241379310345,0.6843162027355613,1.0,0.050000000000000044,55303.40637679491,0.9219790646640487,55303.40637679491,0.95
prophet_xgb_hybrid,11,2017-01-01 00:00:00+00:00,2021-09-03 00:00:00+00:00,2021-10-04 00:00:00+00:00,2021-11-02 00:00:00+00:00,1707,4.362525900010951,3.0921150000067428,,30,11711.738971057464,12384.40925250957,19.843432394365315,22.31960622387962,29.929570498050076,0.36666666666666664,0.5862068965517241,0.6669143272364985,1.0,0.050000000000000044,61096.410237375945,1.0259688301470404,61096.410237375945,0.95
xgboost_causal_retuned,11,2017-01-01 00:00:00+00:00,2021-09-03 00:00:00+00:00,2021-10-04 00:00:00+00:00,2021-11-02 00:00:00+00:00,1707,3.5774948000034783,1.9605076000152621,,30,10982.25475973196,11959.734265192226,18.09194378166517,20.222355160605424,28.06535979594716,0.03333333333333333,0.4827586206896552,-0.7648510593474603,1.0,0.050000000000000044,61176.521052657015,1.0337457806145671,61176.521052657015,0.95
random_walk,12,2017-01-01 00:00:00+00:00,2021-11-15 00:00:00+00:00,2021-12-16 00:00:00+00:00,2022-01-14 00:00:00+00:00,1780,0.0015568999806419015,0.0020483000262174755,,30,17344.80377608335,17592.355177307716,38.095179930272145,31.768479620799063,39.971733946746525,0.0,0.5517241379310345,,1.0,0.050000000000000044,74904.72961282793,1.6357360800238812,74904.72961282793,0.95
random_walk_drift,12,2017-01-01 00:00:00+00:00,2021-11-15 00:00:00+00:00,2021-12-16 00:00:00+00:00,2022-01-14 00:00:00+00:00,1780,0.0018273000023327768,0.0020960999827366322,,30,24482.92586121777,24826.993528622035,53.75587293986801,41.9934096312092,56.42179706362185,0.0,0.4482758620689655,-0.746922369000716,1.0,0.050000000000000044,83495.64614839277,1.8251809406401374,83495.64614839277,0.95
historical_mean_return,12,2017-01-01 00:00:00+00:00,2021-11-15 00:00:00+00:00,2021-12-16 00:00:00+00:00,2022-01-14 00:00:00+00:00,1780,0.003410100005567074,0.0021409000037238,,30,32471.06084212668,32972.53474119801,71.29925201085501,51.99191974075116,74.83074595169579,0.0,0.4482758620689655,-0.749965878019258,0.6333333333333333,0.31666666666666665,92544.33971012225,2.0250224120311584,117434.87127935416,0.95
arima,12,2017-01-01 00:00:00+00:00,2021-11-15 00:00:00+00:00,2021-12-16 00:00:00+00:00,2022-01-14 00:00:00+00:00,1780,0.3063265999953728,0.006691300019156188,,30,17400.591188924438,17647.360039897878,38.21639186958903,31.853910783917527,40.1002980776787,0.0,0.5862068965517241,,1.0,0.050000000000000044,72895.36239606646,1.5918121945183519,72895.36239606646,0.95
ets,12,2017-01-01 00:00:00+00:00,2021-11-15 00:00:00+00:00,2021-12-16 00:00:00+00:00,2022-01-14 00:00:00+00:00,1780,0.09548829999403097,0.008834999985992908,,30,18283.89931420544,18524.458066685125,40.140512440963825,33.19448610176932,42.13591392162481,0.0,0.4482758620689655,-0.6646251317777797,1.0,0.050000000000000044,91346.2630448227,1.997331009461232,91346.2630448227,0.95
prophet,12,2017-01-01 00:00:00+00:00,2021-11-15 00:00:00+00:00,2021-12-16 00:00:00+00:00,2022-01-14 00:00:00+00:00,1780,2.3782416000030935,0.08402869998826645,,30,79332.17351597051,81760.87674729143,174.6024944548465,91.06554286528869,182.82389205060016,0.0,0.4482758620689655,-0.7346655482128419,0.0,0.95,170838.17983697972,3.7926274876348116,962942.0939303811,0.95
prophet_xgb_hybrid,12,2017-01-01 00:00:00+00:00,2021-11-15 00:00:00+00:00,2021-12-16 00:00:00+00:00,2022-01-14 00:00:00+00:00,1780,4.130001500016078,3.188781699980609,,30,85084.32492701038,87687.26033184704,187.24355012934788,94.45839621306177,196.07993511639307,0.0,0.41379310344827586,-0.7327630051982433,0.0,0.95,166327.05438472715,3.659306409582441,1428016.7664265956,0.95
xgboost_causal_retuned,12,2017-01-01 00:00:00+00:00,2021-11-15 00:00:00+00:00,2021-12-16 00:00:00+00:00,2022-01-14 00:00:00+00:00,1780,4.2389252000139095,1.9414457000093535,,30,19328.72346693423,19607.596938920855,42.45431283167028,34.74581806747355,44.54374935136876,0.0,0.4482758620689655,-0.7940784199246427,1.0,0.050000000000000044,81770.49054247484,1.7871033417732556,81770.49054247484,0.95
random_walk,13,2017-01-01 00:00:00+00:00,2022-01-27 00:00:00+00:00,2022-02-27 00:00:00+00:00,2022-03-28 00:00:00+00:00,1853,0.001499499980127439,0.001974300015717745,,30,4254.742708333304,4969.259984631472,9.940360964411346,10.636090079913364,9.194851745645304,1.0,0.41379310344827586,,1.0,0.050000000000000044,43390.14618563189,1.0488950501222578,43390.14618563189,0.95
random_walk_drift,13,2017-01-01 00:00:00+00:00,2022-01-27 00:00:00+00:00,2022-02-27 00:00:00+00:00,2022-03-28 00:00:00+00:00,1853,0.0022119000204838812,0.002026100002694875,,30,1942.3605802398993,2425.473014249652,4.575642719509691,4.673094997527734,4.197602251462014,1.0,0.5862068965517241,0.51547967057267,1.0,0.050000000000000044,47513.23627938297,1.147900039476899,47513.23627938297,0.95
historical_mean_return,13,2017-01-01 00:00:00+00:00,2022-01-27 00:00:00+00:00,2022-02-27 00:00:00+00:00,2022-03-28 00:00:00+00:00,1853,0.0025452999980188906,0.0018666000105440617,,30,2312.2670003818635,3035.769939997923,5.342692780405936,5.5758040928093795,4.997000693653621,1.0,0.5862068965517241,0.5140082165026112,1.0,0.050000000000000044,43754.31173337396,1.0573089941004135,43754.31173337396,0.95
arima,13,2017-01-01 00:00:00+00:00,2022-01-27 00:00:00+00:00,2022-02-27 00:00:00+00:00,2022-03-28 00:00:00+00:00,1853,0.6720159999968018,0.005648499995004386,,30,4254.326977986472,4968.904130204347,9.939352795205377,10.634974882940432,9.193953317898357,1.0,0.41379310344827586,-0.11168611205736952,1.0,0.050000000000000044,42769.021151428766,1.0338898201243574,42769.021151428766,0.95
ets,13,2017-01-01 00:00:00+00:00,2022-01-27 00:00:00+00:00,2022-02-27 00:00:00+00:00,2022-03-28 00:00:00+00:00,1853,0.09659039997495711,0.008599599997978657,,30,6281.269915895259,6815.451414022557,14.843863449356018,16.216419841256048,13.57434505685143,0.0,0.41379310344827586,-0.4285342846023215,1.0,0.050000000000000044,49200.17549299671,1.1883852247089444,49200.17549299671,0.95
prophet,13,2017-01-01 00:00:00+00:00,2022-01-27 00:00:00+00:00,2022-02-27 00:00:00+00:00,2022-03-28 00:00:00+00:00,1853,2.6904453999886755,0.09896580001804978,,30,10532.002697370372,11463.311897255164,26.058144365619164,22.545414552527014,22.76053101810048,1.0,0.5517241379310345,-0.31103697874293623,0.9666666666666667,0.01666666666666672,49278.81083112586,1.1853013514716877,53429.18866507096,0.95
prophet_xgb_hybrid,13,2017-01-01 00:00:00+00:00,2022-01-27 00:00:00+00:00,2022-02-27 00:00:00+00:00,2022-03-28 00:00:00+00:00,1853,5.77960089998669,3.803375600022264,,30,13548.98238892474,15249.114953013597,33.63486948749701,27.72941772713037,29.280474263818355,1.0,0.41379310344827586,-0.5488827653853654,0.9666666666666667,0.01666666666666672,69286.85632947917,1.680589711213332,75007.32503230225,0.95
xgboost_causal_retuned,13,2017-01-01 00:00:00+00:00,2022-01-27 00:00:00+00:00,2022-02-27 00:00:00+00:00,2022-03-28 00:00:00+00:00,1853,4.911599399987608,5.063267199991969,,30,2102.3191655867663,2699.5283100629786,4.893226175441916,5.057135832055164,4.543286016270378,1.0,0.5862068965517241,0.5147252265896172,1.0,0.050000000000000044,51261.53794885098,1.2381042582514534,51261.53794885098,0.95
random_walk,14,2017-01-01 00:00:00+00:00,2022-04-11 00:00:00+00:00,2022-05-12 00:00:00+00:00,2022-06-10 00:00:00+00:00,1927,0.004337000020314008,0.0052361999987624586,,30,9600.056901093305,9637.994286765987,32.18967148229389,27.682632522191568,19.81150431127117,1.0,0.4482758620689655,,1.0,0.050000000000000044,45898.458224756156,1.534128609941883,45898.458224756156,0.95
random_walk_drift,14,2017-01-01 00:00:00+00:00,2022-04-11 00:00:00+00:00,2022-05-12 00:00:00+00:00,2022-06-10 00:00:00+00:00,1927,0.004905999987386167,0.005083900003228337,,30,13194.130861835989,13230.299885053093,44.19526640139041,36.147930330211594,27.22854490820472,0.0,0.5517241379310345,0.23164600809552777,1.0,0.050000000000000044,50159.93429864546,1.6763818359397626,50159.93429864546,0.95
historical_mean_return,14,2017-01-01 00:00:00+00:00,2022-04-11 00:00:00+00:00,2022-05-12 00:00:00+00:00,2022-06-10 00:00:00+00:00,1927,0.010704199987230822,0.005004300008295104,,30,8880.659125833141,8925.687434994936,29.786443498059533,25.87795577857633,18.326893097720706,1.0,0.4482758620689655,-0.23105479643116125,1.0,0.050000000000000044,41403.068895042445,1.3839172833714832,41403.068895042445,0.95
arima,14,2017-01-01 00:00:00+00:00,2022-04-11 00:00:00+00:00,2022-05-12 00:00:00+00:00,2022-06-10 00:00:00+00:00,1927,1.024762799992459,0.023136400006478652,,30,9648.50072738435,9686.248378698587,32.35170248543367,27.802751365989465,19.91147716386022,0.0,0.4482758620689655,,1.0,0.050000000000000044,44852.505875273615,1.499173013164795,44852.505875273615,0.95
ets,14,2017-01-01 00:00:00+00:00,2022-04-11 00:00:00+00:00,2022-05-12 00:00:00+00:00,2022-06-10 00:00:00+00:00,1927,0.3477283999964129,0.02777290000813082,,30,8660.066146193545,8704.894044189748,29.047776687917825,25.31766424419138,17.871658424406604,1.0,0.4482758620689655,-0.22139959115663613,1.0,0.050000000000000044,52800.87663769433,1.7645413596674147,52800.87663769433,0.95
prophet,14,2017-01-01 00:00:00+00:00,2022-04-11 00:00:00+00:00,2022-05-12 00:00:00+00:00,2022-06-10 00:00:00+00:00,1927,4.963147099973867,0.1694858000264503,,30,3415.9156519830403,3994.6003280303526,11.542007465140633,10.700036727486232,7.049377765510281,1.0,0.4827586206896552,-0.22888894871082752,1.0,0.050000000000000044,25372.964110294568,0.8473902721828291,25372.964110294568,0.95
prophet_xgb_hybrid,14,2017-01-01 00:00:00+00:00,2022-04-11 00:00:00+00:00,2022-05-12 00:00:00+00:00,2022-06-10 00:00:00+00:00,1927,7.8493528999970295,3.7849214000161737,,30,3128.228032599536,3810.5699275320026,10.551927502486748,9.824031049954666,6.45568081449882,1.0,0.3793103448275862,-0.30136856934412654,1.0,0.050000000000000044,41293.67663274046,1.381113544189603,41293.67663274046,0.95
xgboost_causal_retuned,14,2017-01-01 00:00:00+00:00,2022-04-11 00:00:00+00:00,2022-05-12 00:00:00+00:00,2022-06-10 00:00:00+00:00,1927,3.5948635999811813,2.013018400000874,,30,11529.107164799267,11565.42774743658,38.62879250782443,32.32989395193266,23.79245859204393,0.0,0.5517241379310345,0.23487179092731023,1.0,0.050000000000000044,53063.349587398545,1.7734758759643185,53063.349587398545,0.95
random_walk,15,2017-01-01 00:00:00+00:00,2022-06-23 00:00:00+00:00,2022-07-24 00:00:00+00:00,2022-08-22 00:00:00+00:00,2000,0.0017031999886967242,0.001804300001822412,,30,1979.6745442933307,2214.4478901970438,8.408460989287441,8.869870819164644,3.9495213407654184,0.9666666666666667,0.6206896551724138,,1.0,0.050000000000000044,24523.66600552708,1.0662858581325485,24523.66600552708,0.95
random_walk_drift,15,2017-01-01 00:00:00+00:00,2022-06-23 00:00:00+00:00,2022-07-24 00:00:00+00:00,2022-08-22 00:00:00+00:00,2000,0.0016178000078070909,0.0018100999877788126,,30,1044.9434940724025,1168.297230410187,4.551911360566466,4.577863051070972,2.0846995490393243,0.9666666666666667,0.3793103448275862,-0.05877323738033815,1.0,0.050000000000000044,26325.824206426278,1.144740396553193,26325.824206426278,0.95
historical_mean_return,15,2017-01-01 00:00:00+00:00,2022-06-23 00:00:00+00:00,2022-07-24 00:00:00+00:00,2022-08-22 00:00:00+00:00,2000,0.0026328999956604093,0.0018149999959859997,,30,2562.014490183174,2757.4948737872182,10.935260769585966,11.664423261202423,5.111310307796419,0.03333333333333333,0.6206896551724138,0.05312181800941635,1.0,0.050000000000000044,20366.44217798979,0.8854881703265433,20366.44217798979,0.95
arima,15,2017-01-01 00:00:00+00:00,2022-06-23 00:00:00+00:00,2022-07-24 00:00:00+00:00,2022-08-22 00:00:00+00:00,2000,0.34194479999132454,0.0062652000051457435,,30,2013.8144045664658,2246.982010880538,8.555783189930576,9.031489427423045,4.0176315799500255,0.03333333333333333,0.6206896551724138,,1.0,0.050000000000000044,23787.61390744718,1.0342792506219913,23787.61390744718,0.95
ets,15,2017-01-01 00:00:00+00:00,2022-06-23 00:00:00+00:00,2022-07-24 00:00:00+00:00,2022-08-22 00:00:00+00:00,2000,0.11055700000724755,0.008517400012351573,,30,3879.9222645455984,4016.021773352605,16.662299543173212,18.27331529344754,7.7405833340165335,0.03333333333333333,0.6206896551724138,-0.022434379037309805,1.0,0.050000000000000044,26601.62826867496,1.1567761923957292,26601.62826867496,0.95
prophet,15,2017-01-01 00:00:00+00:00,2022-06-23 00:00:00+00:00,2022-07-24 00:00:00+00:00,2022-08-22 00:00:00+00:00,2000,3.274327599996468,0.09120500000426546,,30,9026.142854502874,9224.172245472068,39.43534105572869,32.67710604842701,18.007477002429066,0.9666666666666667,0.41379310344827586,0.02854207202310155,0.6666666666666666,0.2833333333333333,21140.812934849022,0.920151823654636,31506.256820780724,0.95
prophet_xgb_hybrid,15,2017-01-01 00:00:00+00:00,2022-06-23 00:00:00+00:00,2022-07-24 00:00:00+00:00,2022-08-22 00:00:00+00:00,2000,3.2465220000012778,2.762577900022734,,30,9793.054312202037,9998.658718746166,42.735028684046114,34.93583357629007,19.537492720109356,0.9666666666666667,0.3103448275862069,0.11944307287343126,1.0,0.050000000000000044,48738.267049800794,2.1194994882754474,48738.267049800794,0.95
xgboost_causal_retuned,15,2017-01-01 00:00:00+00:00,2022-06-23 00:00:00+00:00,2022-07-24 00:00:00+00:00,2022-08-22 00:00:00+00:00,2000,3.6569444999913685,2.0658760000078473,,30,1745.9162672666002,1969.0917223780318,7.411802062392332,7.771135635059396,3.4831652387692764,0.9666666666666667,0.3793103448275862,-0.09289799828775637,1.0,0.050000000000000044,31552.410142801007,1.3723488170899183,31552.410142801007,0.95
random_walk,16,2017-01-01 00:00:00+00:00,2022-09-04 00:00:00+00:00,2022-10-05 00:00:00+00:00,2022-11-03 00:00:00+00:00,2073,0.0014343999791890383,0.0018616000015754253,,30,587.1638020733294,641.1536819021062,2.9976545059695514,2.9667031785567377,1.177423471627122,0.6333333333333333,0.5517241379310345,,1.0,0.050000000000000044,22998.328038232943,1.164922783170271,22998.328038232943,0.95
random_walk_drift,16,2017-01-01 00:00:00+00:00,2022-09-04 00:00:00+00:00,2022-10-05 00:00:00+00:00,2022-11-03 00:00:00+00:00,2073,0.0016753999807406217,0.0018297000206075609,,30,1624.4094340334525,1691.1639107435149,8.30552445202957,7.944707952757221,3.2573836949925843,0.36666666666666664,0.4482758620689655,0.6140589156951404,1.0,0.050000000000000044,24597.080036474123,1.2456065680535893,24597.080036474123,0.95
historical_mean_return,16,2017-01-01 00:00:00+00:00,2022-09-04 00:00:00+00:00,2022-10-05 00:00:00+00:00,2022-11-03 00:00:00+00:00,2073,0.002517799992347136,0.0018363000126555562,,30,1378.2288219630275,1594.9296558768642,6.88034229130978,7.207156014255997,2.7637244641480883,0.6333333333333333,0.5517241379310345,-0.6075796860021225,1.0,0.050000000000000044,17718.74192372047,0.8978180808422093,17718.74192372047,0.95
arima,16,2017-01-01 00:00:00+00:00,2022-09-04 00:00:00+00:00,2022-10-05 00:00:00+00:00,2022-11-03 00:00:00+00:00,2073,0.3508088999951724,0.007425100018735975,,30,585.9348043194555,639.2753318426007,2.990814202059102,2.9605568070990076,1.1749589961317346,0.6333333333333333,0.5517241379310345,,1.0,0.050000000000000044,22377.579539234095,1.1334914988754863,22377.579539234095,0.95
ets,16,2017-01-01 00:00:00+00:00,2022-09-04 00:00:00+00:00,2022-10-05 00:00:00+00:00,2022-11-03 00:00:00+00:00,2073,0.11364580001099966,0.009354399982839823,,30,510.99060203482077,636.3310894719616,2.54664903512372,2.5822962953148143,1.024675442341953,0.6333333333333333,0.5517241379310345,-0.5152974671527976,1.0,0.050000000000000044,26664.229754382926,1.3500423111360524,26664.229754382926,0.95
prophet,16,2017-01-01 00:00:00+00:00,2022-09-04 00:00:00+00:00,2022-10-05 00:00:00+00:00,2022-11-03 00:00:00+00:00,2073,3.0827954999986105,0.14486319999559782,,30,8258.732191911038,8396.089828190545,41.84157309278662,34.44433033629111,16.56100920101365,0.36666666666666664,0.41379310344827586,0.5876227916949938,0.5,0.44999999999999996,22327.43753944607,1.1271659894535218,31801.41405540043,0.95
prophet_xgb_hybrid,16,2017-01-01 00:00:00+00:00,2022-09-04 00:00:00+00:00,2022-10-05 00:00:00+00:00,2022-11-03 00:00:00+00:00,2073,4.1861795999866445,2.7764081000059377,,30,8915.502261465988,9056.991549624523,45.18470376570243,36.684543094681594,17.87801221214205,0.36666666666666664,0.41379310344827586,0.5342957408438684,1.0,0.050000000000000044,34493.99430987,1.7447602601425294,34493.99430987,0.95
xgboost_causal_retuned,16,2017-01-01 00:00:00+00:00,2022-09-04 00:00:00+00:00,2022-10-05 00:00:00+00:00,2022-11-03 00:00:00+00:00,2073,4.012258700007806,2.9908918000000995,,30,1786.8394089381943,1996.5274340674277,8.944162762081707,9.465374903586167,3.583100069662361,0.6333333333333333,0.5517241379310345,-0.6149417355842025,1.0,0.050000000000000044,21404.234867265513,1.0842839539034472,21404.234867265513,0.95
random_walk,17,2017-01-01 00:00:00+00:00,2022-11-17 00:00:00+00:00,2022-12-18 00:00:00+00:00,2023-01-16 00:00:00+00:00,2147,0.003186700021615252,0.0029181999852880836,,30,803.8736979233373,1573.499512048602,4.097516400847332,4.420214836719576,1.621020505842494,0.23333333333333334,0.3793103448275862,,1.0,0.050000000000000044,19096.965902970867,1.0951168265630462,19096.965902970867,0.95
random_walk_drift,17,2017-01-01 00:00:00+00:00,2022-11-17 00:00:00+00:00,2022-12-18 00:00:00+00:00,2023-01-16 00:00:00+00:00,2147,0.0026437999913468957,0.0038474999892059714,,30,1056.8872787075632,1273.1316709684165,5.8614829287929675,5.889096889940455,2.1312252852343185,0.7666666666666667,0.6206896551724138,0.7176449906704092,1.0,0.050000000000000044,20297.63473719183,1.1632553056198043,20297.63473719183,0.95
historical_mean_return,17,2017-01-01 00:00:00+00:00,2022-11-17 00:00:00+00:00,2022-12-18 00:00:00+00:00,2023-01-16 00:00:00+00:00,2147,0.004048800008604303,0.005537799996091053,,30,2822.924990979775,3275.6867334888448,15.616282397568659,17.307657959972502,5.692460530372835,0.23333333333333334,0.3793103448275862,-0.7079139912296374,1.0,0.050000000000000044,13951.248498390421,0.8012220929467275,13951.248498390421,0.95
arima,17,2017-01-01 00:00:00+00:00,2022-11-17 00:00:00+00:00,2022-12-18 00:00:00+00:00,2023-01-16 00:00:00+00:00,2147,0.574538399989251,0.010407199995825067,,30,805.2374994708244,1574.729169916406,4.1050610988914755,4.428360757400213,1.62377062726093,0.23333333333333334,0.3793103448275862,,1.0,0.050000000000000044,18594.567392212768,1.0663357014173955,18594.567392212768,0.95
ets,17,2017-01-01 00:00:00+00:00,2022-11-17 00:00:00+00:00,2022-12-18 00:00:00+00:00,2023-01-16 00:00:00+00:00,2147,0.1744368000072427,0.012838599999668077,,30,1535.2297267589688,2106.1244768635447,8.275171802370846,8.90182747144559,3.0958083025781375,0.23333333333333334,0.3793103448275862,-0.6659997215404933,1.0,0.050000000000000044,21118.40740698018,1.2095644189626753,21118.40740698018,0.95
prophet,17,2017-01-01 00:00:00+00:00,2022-11-17 00:00:00+00:00,2022-12-18 00:00:00+00:00,2023-01-16 00:00:00+00:00,2147,2.824430799984839,0.0883482999925036,,30,1573.8484031463377,1734.951063674799,8.890641979512223,8.75873658097233,3.173683305198749,0.7666666666666667,0.3793103448275862,-0.523647255805804,1.0,0.050000000000000044,13423.07914922535,0.7658471375497391,13423.07914922535,0.95
prophet_xgb_hybrid,17,2017-01-01 00:00:00+00:00,2022-11-17 00:00:00+00:00,2022-12-18 00:00:00+00:00,2023-01-16 00:00:00+00:00,2147,3.6868148999928962,2.874997800012352,,30,1672.7569022819239,1769.7973206402057,9.552634857070059,9.288755538833431,3.373133424931588,0.7666666666666667,0.4482758620689655,-0.20928304572941994,1.0,0.050000000000000044,24956.64181930756,1.4312468508396656,24956.64181930756,0.95
xgboost_causal_retuned,17,2017-01-01 00:00:00+00:00,2022-11-17 00:00:00+00:00,2022-12-18 00:00:00+00:00,2023-01-16 00:00:00+00:00,2147,4.396122900012415,2.0163139999785926,,30,2568.514830618653,3013.5428360868495,14.18139846910986,15.588991942048075,5.1794395322913855,0.23333333333333334,0.3793103448275862,-0.6699306318763042,1.0,0.050000000000000044,20105.217149723576,1.153741608880982,20105.217149723576,0.95
random_walk,18,2017-01-01 00:00:00+00:00,2023-01-29 00:00:00+00:00,2023-03-01 00:00:00+00:00,2023-03-30 00:00:00+00:00,2220,0.0018495999975129962,0.0022471999982371926,,30,2650.7486328133305,3015.4682571878434,10.374262722814327,10.707849738750328,5.435341737529056,0.6,0.5172413793103449,,1.0,0.050000000000000044,26825.45796578987,1.0758830294033623,26825.45796578987,0.95
random_walk_drift,18,2017-01-01 00:00:00+00:00,2023-01-29 00:00:00+00:00,2023-03-01 00:00:00+00:00,2023-03-30 00:00:00+00:00,2220,0.002226999989943579,0.002486600016709417,,30,2268.2679509414,2522.6388408669927,9.48382051162521,9.178965944677495,4.651067744800197,0.6,0.4827586206896552,0.83928725248711,1.0,0.050000000000000044,28666.66103468849,1.148400597272657,28666.66103468849,0.95
historical_mean_return,18,2017-01-01 00:00:00+00:00,2023-01-29 00:00:00+00:00,2023-03-01 00:00:00+00:00,2023-03-30 00:00:00+00:00,2220,0.004607899987604469,0.0024480000138282776,,30,2975.9267101342753,3515.26466391709,11.378936261790159,12.095220150570785,6.102117135962865,0.4,0.5172413793103449,-0.8386849603526099,1.0,0.050000000000000044,20874.611661733114,0.8379466879528815,20874.611661733114,0.95
arima,18,2017-01-01 00:00:00+00:00,2023-01-29 00:00:00+00:00,2023-03-01 00:00:00+00:00,2023-03-30 00:00:00+00:00,2220,0.4335051999951247,0.006622100016102195,,30,2654.343164195792,3022.8454622276763,10.381539409617154,10.722827574648957,5.4427122992670105,0.4,0.5172413793103449,,1.0,0.050000000000000044,26138.850787745487,1.048392528422925,26138.850787745487,0.95
ets,18,2017-01-01 00:00:00+00:00,2023-01-29 00:00:00+00:00,2023-03-01 00:00:00+00:00,2023-03-30 00:00:00+00:00,2220,0.14143350001540966,0.01093140000011772,,30,2439.628037920086,2676.0972740119887,10.072490132071312,9.849638710718995,5.00244041792814,0.6,0.4827586206896552,0.8115038153933691,1.0,0.050000000000000044,33608.35380856911,1.3443800470862652,33608.35380856911,0.95
prophet,18,2017-01-01 00:00:00+00:00,2023-01-29 00:00:00+00:00,2023-03-01 00:00:00+00:00,2023-03-30 00:00:00+00:00,2220,3.3777109000075143,0.08453839999856427,,30,11645.437168998165,12238.441731649971,45.466373814842505,59.993924775279126,23.87888836869784,0.4,0.5172413793103449,-0.8266873448641419,0.0,0.95,9766.386747447945,0.3907088438043972,247279.41501910714,0.95
prophet_xgb_hybrid,18,2017-01-01 00:00:00+00:00,2023-01-29 00:00:00+00:00,2023-03-01 00:00:00+00:00,2023-03-30 00:00:00+00:00,2220,4.880864999984624,3.7196918000117876,,30,11590.259549508688,12211.57177078777,45.20791693866296,59.637888418192155,23.76574704157383,0.4,0.4482758620689655,-0.8344374695681671,0.43333333333333335,0.5166666666666666,15834.096829283522,0.640781998047002,104852.42675628647,0.95
xgboost_causal_retuned,18,2017-01-01 00:00:00+00:00,2023-01-29 00:00:00+00:00,2023-03-01 00:00:00+00:00,2023-03-30 00:00:00+00:00,2220,5.618780599994352,2.258281899994472,,30,2653.4498679920284,2951.675855993698,10.556684771367966,10.717170430410675,5.440880601579728,0.6,0.5172413793103449,-0.8366365933736335,1.0,0.050000000000000044,28843.168444381223,1.157730581506315,28843.168444381223,0.95
random_walk,19,2017-01-01 00:00:00+00:00,2023-04-13 00:00:00+00:00,2023-05-14 00:00:00+00:00,2023-06-12 00:00:00+00:00,2294,0.0015961999888531864,0.0024775000056251884,,30,3542.903580680023,3585.724796842958,13.240254535694291,12.395635135867257,7.258427026059218,0.0,0.4827586206896552,,1.0,0.050000000000000044,33994.56552626163,1.267554568755854,33994.56552626163,0.95
random_walk_drift,19,2017-01-01 00:00:00+00:00,2023-04-13 00:00:00+00:00,2023-05-14 00:00:00+00:00,2023-06-12 00:00:00+00:00,2294,0.001778700010618195,0.0029344999929890037,,30,5677.667318474554,5737.962686872031,21.20727034164546,19.12867359539588,11.631965976753696,0.0,0.5172413793103449,-0.4466847384558173,1.0,0.050000000000000044,36431.143053108506,1.3585843942111766,36431.143053108506,0.95
historical_mean_return,19,2017-01-01 00:00:00+00:00,2023-04-13 00:00:00+00:00,2023-05-14 00:00:00+00:00,2023-06-12 00:00:00+00:00,2294,0.0035318000009283423,0.0030851000046823174,,30,3100.3022789701563,3143.745058403084,11.588588491733926,10.933859864650662,6.351659687648257,1.0,0.4827586206896552,0.44367767039142403,1.0,0.050000000000000044,26039.0182553237,0.9708570019542779,26039.0182553237,0.95
arima,19,2017-01-01 00:00:00+00:00,2023-04-13 00:00:00+00:00,2023-05-14 00:00:00+00:00,2023-06-12 00:00:00+00:00,2294,0.45316500001354143,0.007201600004918873,,30,3536.081849839005,3578.9846863964076,13.214842750789831,12.373280444536542,7.24445119116183,1.0,0.4827586206896552,,1.0,0.050000000000000044,33175.3520748073,1.2370029787505294,33175.3520748073,0.95
ets,19,2017-01-01 00:00:00+00:00,2023-04-13 00:00:00+00:00,2023-05-14 00:00:00+00:00,2023-06-12 00:00:00+00:00,2294,0.1530203000002075,0.010470599983818829,,30,5347.721306492955,5390.062056787499,19.970603903384408,18.125432256290544,10.95599808884182,0.0,0.5172413793103449,-0.41193190986528166,1.0,0.050000000000000044,42010.373334561154,1.5669784552317487,42010.373334561154,0.95
prophet,19,2017-01-01 00:00:00+00:00,2023-04-13 00:00:00+00:00,2023-05-14 00:00:00+00:00,2023-06-12 00:00:00+00:00,2294,3.0044624999864027,0.08620940000400878,,30,9720.18373369174,9762.47564483807,36.198758196187306,44.29931728037786,19.913961163274834,1.0,0.4827586206896552,0.41630160192002585,0.16666666666666666,0.7833333333333333,14277.229578896957,0.5328270307319289,74824.78693868192,0.95
prophet_xgb_hybrid,19,2017-01-01 00:00:00+00:00,2023-04-13 00:00:00+00:00,2023-05-14 00:00:00+00:00,2023-06-12 00:00:00+00:00,2294,4.016234999988228,3.214239099994302,,30,10079.31883782683,10165.121010310771,37.55427876385639,46.470121834239606,20.64972940717392,1.0,0.5172413793103449,0.4355106526269847,1.0,0.050000000000000044,19364.592977221262,0.7217114609151913,19364.592977221262,0.95
xgboost_causal_retuned,19,2017-01-01 00:00:00+00:00,2023-04-13 00:00:00+00:00,2023-05-14 00:00:00+00:00,2023-06-12 00:00:00+00:00,2294,6.131222299998626,2.454680399998324,,30,5678.72533314143,5721.488706265334,21.20514178743819,19.138343281123912,11.634133555429532,0.0,0.4827586206896552,-0.4491813645046572,1.0,0.050000000000000044,37955.47891800156,1.4159295282909883,37955.47891800156,0.95
random_walk,20,2017-01-01 00:00:00+00:00,2023-06-25 00:00:00+00:00,2023-07-26 00:00:00+00:00,2023-08-24 00:00:00+00:00,2367,0.0018265999970026314,0.002292700024554506,,30,2014.4044271266525,2437.6161011908184,7.338993425902619,6.949658923843861,4.136526059606603,1.0,0.6206896551724138,,1.0,0.050000000000000044,33683.06064410179,1.1909395483428642,33683.06064410179,0.95
random_walk_drift,20,2017-01-01 00:00:00+00:00,2023-06-25 00:00:00+00:00,2023-07-26 00:00:00+00:00,2023-08-24 00:00:00+00:00,2367,0.0020527000015135854,0.0022308999905362725,,30,4088.2266318101815,4430.026148643493,14.698235172926788,13.498026694190996,8.395064949386795,0.0,0.3793103448275862,-0.770886657923248,1.0,0.050000000000000044,36022.01404691297,1.2742851842248266,36022.01404691297,0.95
historical_mean_return,20,2017-01-01 00:00:00+00:00,2023-06-25 00:00:00+00:00,2023-07-26 00:00:00+00:00,2023-08-24 00:00:00+00:00,2367,0.0030460999987553805,0.0021954999829176813,,30,3922.465586192945,4266.16346007571,14.109870766273607,12.991755789313608,8.054679038975852,0.0,0.3793103448275862,-0.7706867166655141,1.0,0.050000000000000044,24017.94914756332,0.8494483321666804,24017.94914756332,0.95
arima,20,2017-01-01 00:00:00+00:00,2023-06-25 00:00:00+00:00,2023-07-26 00:00:00+00:00,2023-08-24 00:00:00+00:00,2367,0.46080240001901984,0.007115999993402511,,30,2012.9826455598698,2436.441296662507,7.33398649375558,6.945002686795466,4.133606468871562,1.0,0.6206896551724138,,1.0,0.050000000000000044,32844.37816215886,1.1612642600036485,32844.37816215886,0.95
ets,20,2017-01-01 00:00:00+00:00,2023-06-25 00:00:00+00:00,2023-07-26 00:00:00+00:00,2023-08-24 00:00:00+00:00,2367,0.13286849998985417,0.009353600005852059,,30,2963.8193722142155,3280.301921635599,10.688276566574244,10.009095224803827,6.0861244663855985,0.0,0.3793103448275862,-0.6651819890508931,1.0,0.050000000000000044,40781.635195567724,1.443147919003322,40781.635195567724,0.95
prophet,20,2017-01-01 00:00:00+00:00,2023-06-25 00:00:00+00:00,2023-07-26 00:00:00+00:00,2023-08-24 00:00:00+00:00,2367,5.3350873999879695,0.10382879999815486,,30,10468.697498390778,10535.120184931522,36.65719375950353,44.941388685395864,21.497192633755684,1.0,0.5517241379310345,0.8100155984957519,0.26666666666666666,0.6833333333333333,15262.179592168706,0.5415840881038531,114781.34457207487,0.95
prophet_xgb_hybrid,20,2017-01-01 00:00:00+00:00,2023-06-25 00:00:00+00:00,2023-07-26 00:00:00+00:00,2023-08-24 00:00:00+00:00,2367,5.29543709999416,3.121497800020734,,30,10595.722768265752,10659.891185823179,37.10757070173533,45.616083727084074,21.7580356561352,1.0,0.5172413793103449,0.7831829996575179,0.9666666666666667,0.01666666666666672,21165.744517588402,0.7484018585735677,22238.18815664246,0.95
xgboost_causal_retuned,20,2017-01-01 00:00:00+00:00,2023-06-25 00:00:00+00:00,2023-07-26 00:00:00+00:00,2023-08-24 00:00:00+00:00,2367,4.578229599981569,3.740407800010871,,30,3665.3690055413363,3956.748232832069,13.17349315158224,12.206511540258695,7.526738030020621,0.0,0.3793103448275862,-0.7692584561495079,1.0,0.050000000000000044,38121.064098869596,1.3490900034186628,38121.064098869596,0.95
random_walk,21,2017-01-01 00:00:00+00:00,2023-09-06 00:00:00+00:00,2023-10-07 00:00:00+00:00,2023-11-05 00:00:00+00:00,2440,0.0019199000089429319,0.0023133000067900866,,30,5298.95377607669,6250.666465490336,16.10825617694129,18.03704244361302,11.01815163830774,0.0,0.4827586206896552,,1.0,0.050000000000000044,28075.074960131362,0.9050375617777658,28075.074960131362,0.95
random_walk_drift,21,2017-01-01 00:00:00+00:00,2023-09-06 00:00:00+00:00,2023-10-07 00:00:00+00:00,2023-11-05 00:00:00+00:00,2440,0.0020949000027030706,0.0021960999874863774,,30,3740.19259425641,4768.109592227394,11.157673913277117,12.228420219898988,7.777008613670972,1.0,0.5172413793103449,0.9331099115937331,1.0,0.050000000000000044,29868.06518311505,0.9617345684698576,29868.06518311505,0.95
historical_mean_return,21,2017-01-01 00:00:00+00:00,2023-09-06 00:00:00+00:00,2023-10-07 00:00:00+00:00,2023-11-05 00:00:00+00:00,2440,0.002985600003739819,0.002138400013791397,,30,3893.298821874122,4939.151535288603,11.626188032463451,12.781840758682126,8.095363463316447,1.0,0.5172413793103449,0.933088217802536,1.0,0.050000000000000044,18562.367922879854,0.598070968725246,18562.367922879854,0.95
arima,21,2017-01-01 00:00:00+00:00,2023-09-06 00:00:00+00:00,2023-10-07 00:00:00+00:00,2023-11-05 00:00:00+00:00,2440,0.5000582000066061,0.008162299985997379,,30,5298.162196919747,6249.995424532526,16.105677590118102,18.03400244133622,11.016505702231774,1.0,0.4827586206896552,,1.0,0.050000000000000044,27384.12915884955,0.8828041945885715,27384.12915884955,0.95
ets,21,2017-01-01 00:00:00+00:00,2023-09-06 00:00:00+00:00,2023-10-07 00:00:00+00:00,2023-11-05 00:00:00+00:00,2440,0.13550189998932183,0.012079800013452768,,30,5663.227579856782,6571.737932453636,17.28839661380464,19.444376201453252,11.775588705608198,0.0,0.4827586206896552,-0.902924070583749,1.0,0.050000000000000044,32445.06037324992,1.043804574372558,32445.06037324992,0.95
prophet,21,2017-01-01 00:00:00+00:00,2023-09-06 00:00:00+00:00,2023-10-07 00:00:00+00:00,2023-11-05 00:00:00+00:00,2440,4.508633699995698,0.21883349999552593,,30,10026.446022545984,10351.065238300713,31.77462771842132,37.97917157407376,20.84805932228995,0.0,0.5862068965517241,0.9327190817273925,0.8666666666666667,0.08333333333333326,20306.819010026447,0.6435457105508188,25031.1389514089,0.95
prophet_xgb_hybrid,21,2017-01-01 00:00:00+00:00,2023-09-06 00:00:00+00:00,2023-10-07 00:00:00+00:00,2023-11-05 00:00:00+00:00,2440,5.153040200006217,3.1101482000085525,,30,9811.25850828155,10083.594132277904,31.173774911515622,37.08201085900175,20.400618419230874,0.0,0.5862068965517241,0.9026277562612569,1.0,0.050000000000000044,23960.367155421565,0.7679726187896274,23960.367155421565,0.95
xgboost_causal_retuned,21,2017-01-01 00:00:00+00:00,2023-09-06 00:00:00+00:00,2023-10-07 00:00:00+00:00,2023-11-05 00:00:00+00:00,2440,4.826846600015415,2.1254659999976866,,30,5821.462745774553,6745.691814229602,17.77820007915338,20.059223985005563,12.104608192523902,0.0,0.4827586206896552,-0.9316453463507243,1.0,0.050000000000000044,28287.261751137543,0.9116989654267532,28287.261751137543,0.95
random_walk,22,2017-01-01 00:00:00+00:00,2023-11-19 00:00:00+00:00,2023-12-20 00:00:00+00:00,2024-01-18 00:00:00+00:00,2514,0.0014242999895941466,0.002021799999056384,,30,6230.75768230334,6386.890426636777,14.198457428898234,15.32919478594414,13.008081123754938,0.0,0.5517241379310345,,1.0,0.050000000000000044,40274.07798687006,0.9242720730471227,40274.07798687006,0.95
random_walk_drift,22,2017-01-01 00:00:00+00:00,2023-11-19 00:00:00+00:00,2023-12-20 00:00:00+00:00,2024-01-18 00:00:00+00:00,2514,0.0016725999885238707,0.0028449000092223287,,30,3692.9690806540943,3979.9476995478267,8.374024341322187,8.795446602485626,7.709887599241167,1.0,0.4482758620689655,0.011625064381231495,1.0,0.050000000000000044,43063.98666876816,0.9883132073625122,43063.98666876816,0.95
historical_mean_return,22,2017-01-01 00:00:00+00:00,2023-11-19 00:00:00+00:00,2023-12-20 00:00:00+00:00,2024-01-18 00:00:00+00:00,2514,0.002440400014165789,0.0027052999939769506,,30,2082.340293736916,2451.148899999224,4.7052338099009345,4.849777203065671,4.347344713007693,1.0,0.4482758620689655,0.010328807485508946,1.0,0.050000000000000044,24729.188086775608,0.5675340412879734,24729.188086775608,0.95
arima,22,2017-01-01 00:00:00+00:00,2023-11-19 00:00:00+00:00,2023-12-20 00:00:00+00:00,2024-01-18 00:00:00+00:00,2514,0.4090896999987308,0.006295700004557148,,30,6251.79271907981,6407.41291229321,14.246732510560504,15.385128437601193,13.051996403209097,0.0,0.5517241379310345,,1.0,0.050000000000000044,39254.78562325933,0.9008794532457891,39254.78562325933,0.95
ets,22,2017-01-01 00:00:00+00:00,2023-11-19 00:00:00+00:00,2023-12-20 00:00:00+00:00,2024-01-18 00:00:00+00:00,2514,0.12987850001081824,0.011927599989576265,,30,5392.589219620018,5571.743681307963,12.27501329534302,13.123943333253916,11.25821956375168,1.0,0.4482758620689655,0.061950200808528186,1.0,0.050000000000000044,48417.86511786376,1.1111741818463148,48417.86511786376,0.95
prophet,22,2017-01-01 00:00:00+00:00,2023-11-19 00:00:00+00:00,2023-12-20 00:00:00+00:00,2024-01-18 00:00:00+00:00,2514,2.7138360000099055,0.1421744999825023,,30,12399.427060629974,12480.459064155233,28.367414040533124,33.105943394831385,25.886539216709107,0.0,0.5862068965517241,0.24006782573451524,0.6333333333333333,0.31666666666666665,23633.239110544677,0.5423472651349155,61896.34213737409,0.95
prophet_xgb_hybrid,22,2017-01-01 00:00:00+00:00,2023-11-19 00:00:00+00:00,2023-12-20 00:00:00+00:00,2024-01-18 00:00:00+00:00,2514,4.155521499982569,3.1392493000021204,,30,11871.58570296844,11956.642240099312,27.16130693265085,31.482958014286844,24.784553944446692,0.0,0.6551724137931034,0.2886389877503876,1.0,0.050000000000000044,37169.41050949176,0.8530526372499229,37169.41050949176,0.95
xgboost_causal_retuned,22,2017-01-01 00:00:00+00:00,2023-11-19 00:00:00+00:00,2023-12-20 00:00:00+00:00,2024-01-18 00:00:00+00:00,2514,5.1347215000132564,2.567047199991066,,30,4951.37271317835,5150.4996291413245,11.261351709530052,11.981294383512655,10.337082777252341,1.0,0.4482758620689655,-0.11116637345254689,1.0,0.050000000000000044,45169.33280202489,1.0369196424470795,45169.33280202489,0.95
random_walk,23,2017-01-01 00:00:00+00:00,2024-01-31 00:00:00+00:00,2024-03-02 00:00:00+00:00,2024-03-31 00:00:00+00:00,2587,0.0028483000060077757,0.003989199991337955,,30,25295.22734370337,25472.86984186532,37.140241449294216,45.68418176056046,51.96135619799854,0.0,0.41379310344827586,,0.7333333333333333,0.21666666666666667,45455.320975739036,0.6699884745828867,64353.82523241817,0.95
random_walk_drift,23,2017-01-01 00:00:00+00:00,2024-01-31 00:00:00+00:00,2024-03-02 00:00:00+00:00,2024-03-31 00:00:00+00:00,2587,0.0031786999898031354,0.0030046000028960407,,30,22384.764948977267,22568.9473248049,32.855864254261164,39.38471142453713,45.98269583103061,1.0,0.5862068965517241,0.31041934432822366,1.0,0.050000000000000044,48625.832849475235,0.7165983699196903,48625.832849475235,0.95
historical_mean_return,23,2017-01-01 00:00:00+00:00,2024-01-31 00:00:00+00:00,2024-03-02 00:00:00+00:00,2024-03-31 00:00:00+00:00,2587,0.004157099989242852,0.005285099992761388,,30,21364.069015654077,21554.511394203408,31.353500103263276,37.254148884653574,43.885986272321816,1.0,0.5862068965517241,0.31024357601692226,0.1,0.85,28746.057316151993,0.42363639592402585,226639.67302533437,0.95
arima,23,2017-01-01 00:00:00+00:00,2024-01-31 00:00:00+00:00,2024-03-02 00:00:00+00:00,2024-03-31 00:00:00+00:00,2587,0.8383447999949567,0.013111199979903176,,30,25291.375212576702,25469.044578749174,37.13455499516906,45.675611883256636,51.95344316543812,1.0,0.41379310344827586,,0.6666666666666666,0.2833333333333333,44310.94494562646,0.653125079921504,71759.720893477,0.95
ets,23,2017-01-01 00:00:00+00:00,2024-01-31 00:00:00+00:00,2024-03-02 00:00:00+00:00,2024-03-31 00:00:00+00:00,2587,0.28619750001234934,0.01688739997916855,,30,24909.318454999648,25088.155492488033,36.57145752285532,44.82892467834191,51.168623681565975,1.0,0.5862068965517241,0.3216791351126001,1.0,0.050000000000000044,53406.906468429224,0.7868909823312789,53406.906468429224,0.95
prophet,23,2017-01-01 00:00:00+00:00,2024-01-31 00:00:00+00:00,2024-03-02 00:00:00+00:00,2024-03-31 00:00:00+00:00,2587,4.547800800006371,0.09046659999876283,,30,24975.038243462182,25178.35538576269,36.65999240285236,44.9818754295065,51.3036250117046,0.5666666666666667,0.4482758620689655,-0.1553708649064121,0.0,0.95,30790.990850340193,0.4535754643151637,346572.0740334342,0.95
prophet_xgb_hybrid,23,2017-01-01 00:00:00+00:00,2024-01-31 00:00:00+00:00,2024-03-02 00:00:00+00:00,2024-03-31 00:00:00+00:00,2587,5.919260099995881,4.361021399992751,,30,26449.123799698275,26710.474640362194,38.81245306592283,48.31073852521389,54.3316857447889,0.23333333333333334,0.41379310344827586,-0.32433810508680644,0.8,0.1499999999999999,45618.60298477021,0.6721708238270658,57779.25548860142,0.95
xgboost_causal_retuned,23,2017-01-01 00:00:00+00:00,2024-01-31 00:00:00+00:00,2024-03-02 00:00:00+00:00,2024-03-31 00:00:00+00:00,2587,7.51624530000845,2.3811587000091095,,30,25382.113295164036,25560.218672357107,37.26791106296697,45.87748571176291,52.1398369766492,0.0,0.5517241379310345,-0.1887068370526694,0.9333333333333333,0.016666666666666607,46904.94154996406,0.6908473691306547,48518.126705828116,0.95
random_walk,24,2017-01-01 00:00:00+00:00,2024-04-13 00:00:00+00:00,2024-05-14 00:00:00+00:00,2024-06-12 00:00:00+00:00,2660,0.002236200001789257,0.0020804000087082386,,30,4644.701953170041,4885.198995157308,6.746714265624792,7.001049092680139,9.00173701256869,0.03333333333333333,0.5172413793103449,,1.0,0.050000000000000044,67848.75779798071,0.9924014930031398,67848.75779798071,0.95
random_walk_drift,24,2017-01-01 00:00:00+00:00,2024-04-13 00:00:00+00:00,2024-05-14 00:00:00+00:00,2024-06-12 00:00:00+00:00,2660,0.0020235999836586416,0.002046700014034286,,30,1205.4244671255053,1673.4481018868635,1.7841919823999859,1.773868745109164,2.336191676233117,0.9666666666666667,0.4827586206896552,0.5011142561838136,1.0,0.050000000000000044,72961.40382088072,1.0669892882752705,72961.40382088072,0.95
historical_mean_return,24,2017-01-01 00:00:00+00:00,2024-04-13 00:00:00+00:00,2024-05-14 00:00:00+00:00,2024-06-12 00:00:00+00:00,2660,0.0031824999896343797,0.0019563999958336353,,30,2776.0393414953073,3135.756996360375,4.108648363315629,4.004368749058887,5.380146313076092,0.9666666666666667,0.4827586206896552,0.49988365249523353,1.0,0.050000000000000044,46156.73440000692,0.6749826709911803,46156.73440000692,0.95
arima,24,2017-01-01 00:00:00+00:00,2024-04-13 00:00:00+00:00,2024-05-14 00:00:00+00:00,2024-06-12 00:00:00+00:00,2660,0.39434880000771955,0.006059099978301674,,30,4582.233727667535,4823.7073540110505,6.655909978396914,6.903357705713196,8.880669494505103,0.9666666666666667,0.5172413793103449,,1.0,0.050000000000000044,66115.30915096955,0.9670534227269404,66115.30915096955,0.95
ets,24,2017-01-01 00:00:00+00:00,2024-04-13 00:00:00+00:00,2024-05-14 00:00:00+00:00,2024-06-12 00:00:00+00:00,2660,0.129252999991877,0.009738500026287511,,30,5440.750374182715,5683.30154931959,7.903760222014849,8.254657449139776,10.544531062106342,0.03333333333333333,0.5172413793103449,-0.5737092048780164,1.0,0.050000000000000044,79013.80592525564,1.1553529981126656,79013.80592525564,0.95
prophet,24,2017-01-01 00:00:00+00:00,2024-04-13 00:00:00+00:00,2024-05-14 00:00:00+00:00,2024-06-12 00:00:00+00:00,2660,4.755145999981323,0.11988589999964461,,30,4760.766623296794,5112.4418432964585,6.913468781998679,7.188393289398157,9.226677955489365,0.5,0.6206896551724138,-0.44214303396953103,1.0,0.050000000000000044,45377.62292598012,0.6634047250254185,45377.62292598012,0.95
prophet_xgb_hybrid,24,2017-01-01 00:00:00+00:00,2024-04-13 00:00:00+00:00,2024-05-14 00:00:00+00:00,2024-06-12 00:00:00+00:00,2660,5.792078200000105,3.324926300003426,,30,1963.572161568529,2645.117409379704,2.930418871296085,2.8815490528513266,3.805531631922527,0.9666666666666667,0.6206896551724138,-0.35186442454120953,1.0,0.050000000000000044,83063.39411508919,1.2148794398801852,83063.39411508919,0.95
xgboost_causal_retuned,24,2017-01-01 00:00:00+00:00,2024-04-13 00:00:00+00:00,2024-05-14 00:00:00+00:00,2024-06-12 00:00:00+00:00,2660,5.6704083000076935,2.5375106999999844,,30,9350.568256890887,9680.37909603228,13.596805695112316,14.659901074500329,18.122014548028655,0.03333333333333333,0.5172413793103449,-0.5034022358759139,1.0,0.050000000000000044,71057.00815115789,1.0393245433829703,71057.00815115789,0.95
random_walk,25,2017-01-01 00:00:00+00:00,2024-06-26 00:00:00+00:00,2024-07-27 00:00:00+00:00,2024-08-25 00:00:00+00:00,2734,0.001580399984959513,0.001972300000488758,,30,2828.206901050003,3596.839915405253,4.597486488305231,4.616560555966798,5.308937684852794,0.4666666666666667,0.5172413793103449,,1.0,0.050000000000000044,64057.052645446245,1.0542355267794035,64057.052645446245,0.95
random_walk_drift,25,2017-01-01 00:00:00+00:00,2024-06-26 00:00:00+00:00,2024-07-27 00:00:00+00:00,2024-08-25 00:00:00+00:00,2734,0.0017412000161129981,0.0018472999799996614,,30,5066.84628140642,5637.031272971099,8.529424094755537,8.126573460491368,9.511175139530287,0.4666666666666667,0.4827586206896552,-0.30284658007899357,1.0,0.050000000000000044,68691.82172443652,1.1306774299235933,68691.82172443652,0.95
historical_mean_return,25,2017-01-01 00:00:00+00:00,2024-06-26 00:00:00+00:00,2024-07-27 00:00:00+00:00,2024-08-25 00:00:00+00:00,2734,0.002621699997689575,0.0018905999895650893,,30,6605.097955904825,7350.909876572183,11.137377125035151,10.417451065629805,12.398687464212262,0.4666666666666667,0.4827586206896552,-0.3008563958417814,1.0,0.050000000000000044,44258.24364582873,0.7285057762199951,44258.24364582873,0.95
arima,25,2017-01-01 00:00:00+00:00,2024-06-26 00:00:00+00:00,2024-07-27 00:00:00+00:00,2024-08-25 00:00:00+00:00,2734,0.4277668999857269,0.006006000010529533,,30,2831.0326618873155,3593.9309832437575,4.605337779440966,4.621214412613962,5.3142420309358265,0.4666666666666667,0.5172413793103449,,1.0,0.050000000000000044,62326.325366872006,1.0257450931213963,62326.325366872006,0.95
ets,25,2017-01-01 00:00:00+00:00,2024-06-26 00:00:00+00:00,2024-07-27 00:00:00+00:00,2024-08-25 00:00:00+00:00,2734,0.13562809998984449,0.00903340001241304,,30,2965.901377070615,3934.6843289106437,4.721095333791958,4.84562284882624,5.567409366139793,0.5333333333333333,0.5172413793103449,0.4448218184243791,1.0,0.050000000000000044,73497.59165485637,1.209950190279102,73497.59165485637,0.95
prophet,25,2017-01-01 00:00:00+00:00,2024-06-26 00:00:00+00:00,2024-07-27 00:00:00+00:00,2024-08-25 00:00:00+00:00,2734,2.901191499986453,0.09734610002487898,,30,10527.049264861462,11448.34248367843,17.714255492854743,16.007045495660574,19.760735514709367,0.4666666666666667,0.3448275862068966,-0.757154847115912,0.9666666666666667,0.01666666666666672,51332.31755020686,0.8451746102943767,51692.16780836743,0.95
prophet_xgb_hybrid,25,2017-01-01 00:00:00+00:00,2024-06-26 00:00:00+00:00,2024-07-27 00:00:00+00:00,2024-08-25 00:00:00+00:00,2734,3.940924199996516,3.0911427999963053,,30,12911.672762514141,13691.630464107864,21.636003971109425,19.252392815131174,24.237005460226328,0.4666666666666667,0.3448275862068966,-0.7483876933339487,1.0,0.050000000000000044,81122.32888855606,1.3363503618360137,81122.32888855606,0.95
xgboost_causal_retuned,25,2017-01-01 00:00:00+00:00,2024-06-26 00:00:00+00:00,2024-07-27 00:00:00+00:00,2024-08-25 00:00:00+00:00,2734,5.55291309999302,2.3764832000015303,,30,4073.436393666076,4628.453252881503,6.834757094752414,6.601963198252883,7.646406622215632,0.4666666666666667,0.4827586206896552,-0.3042570313500908,1.0,0.050000000000000044,69850.87884990641,1.1500933911965971,69850.87884990641,0.95
random_walk,26,2017-01-01 00:00:00+00:00,2024-09-07 00:00:00+00:00,2024-10-08 00:00:00+00:00,2024-11-06 00:00:00+00:00,2807,0.0039474999939557165,0.0031214999908115715,,30,13252.844921876678,13680.4714434315,19.457889811653548,21.669598808461128,23.93978041875814,0.0,0.5172413793103449,,1.0,0.050000000000000044,56714.87773627594,0.8400083138148023,56714.87773627594,0.95
random_walk_drift,26,2017-01-01 00:00:00+00:00,2024-09-07 00:00:00+00:00,2024-10-08 00:00:00+00:00,2024-11-06 00:00:00+00:00,2807,0.003221899998607114,0.002869600022677332,,30,9626.852095706196,10038.465812774626,14.107834103151873,15.257385189082537,17.389830383862428,1.0,0.4827586206896552,0.8135818637347938,1.0,0.050000000000000044,60590.97945567699,0.8969750990821238,60590.97945567699,0.95
historical_mean_return,26,2017-01-01 00:00:00+00:00,2024-09-07 00:00:00+00:00,2024-10-08 00:00:00+00:00,2024-11-06 00:00:00+00:00,2807,0.006564599985722452,0.004070499999215826,,30,7043.454829458734,7470.795383645182,10.297591514748051,10.917688249507203,12.723212487632903,1.0,0.4827586206896552,0.8127337133317654,1.0,0.050000000000000044,43756.312349711436,0.6476461013573996,43756.312349711436,0.95
arima,26,2017-01-01 00:00:00+00:00,2024-09-07 00:00:00+00:00,2024-10-08 00:00:00+00:00,2024-11-06 00:00:00+00:00,2807,1.2965231999987736,0.010205099999438971,,30,13259.944414605763,13687.349132276486,19.468451529915857,21.682550658212758,23.952604857436835,0.0,0.3448275862068966,0.11815262007932548,1.0,0.050000000000000044,55513.79013742765,0.8222308894337967,55513.79013742765,0.95
ets,26,2017-01-01 00:00:00+00:00,2024-09-07 00:00:00+00:00,2024-10-08 00:00:00+00:00,2024-11-06 00:00:00+00:00,2807,0.3572058000136167,0.012885799980722368,,30,14793.567128730065,15194.984456387529,21.744152414928593,24.51564439222799,26.722922569428647,0.0,0.5172413793103449,-0.8452353921249808,1.0,0.050000000000000044,64378.4197814206,0.9527488986085958,64378.4197814206,0.95
prophet,26,2017-01-01 00:00:00+00:00,2024-09-07 00:00:00+00:00,2024-10-08 00:00:00+00:00,2024-11-06 00:00:00+00:00,2807,6.139587499987101,0.11694659999920987,,30,8125.148244855148,8672.810510104702,12.021262262170405,11.260456919510034,14.677170524390775,1.0,0.4482758620689655,0.8220718357850523,1.0,0.050000000000000044,55998.9866516026,0.8239118620812478,55998.9866516026,0.95
prophet_xgb_hybrid,26,2017-01-01 00:00:00+00:00,2024-09-07 00:00:00+00:00,2024-10-08 00:00:00+00:00,2024-11-06 00:00:00+00:00,2807,8.860962300008396,3.1037873000022955,,30,9569.525536023228,10006.789846404889,14.177334375274297,13.167889462605354,17.286276372700065,1.0,0.4482758620689655,0.8241586651965562,1.0,0.050000000000000044,86896.94957896347,1.2828989831871036,86896.94957896347,0.95
xgboost_causal_retuned,26,2017-01-01 00:00:00+00:00,2024-09-07 00:00:00+00:00,2024-10-08 00:00:00+00:00,2024-11-06 00:00:00+00:00,2807,5.745981199987,2.088041900016833,,30,10321.263612270584,10727.682478252544,15.134096086664167,16.45626553707488,18.64420703467245,1.0,0.4827586206896552,0.8130716566381988,1.0,0.050000000000000044,64063.706588367095,0.9478795495527137,64063.706588367095,0.95
random_walk,27,2017-01-01 00:00:00+00:00,2024-11-19 00:00:00+00:00,2024-12-20 00:00:00+00:00,2025-01-18 00:00:00+00:00,2880,0.0017782000068109483,0.001793800009181723,,30,4453.085416666725,5426.677707969168,4.505077640714808,4.6569915638356,7.792072136693417,0.0,0.4827586206896552,,1.0,0.050000000000000044,95977.90895471194,0.9915030295448896,95977.90895471194,0.95
random_walk_drift,27,2017-01-01 00:00:00+00:00,2024-11-19 00:00:00+00:00,2024-12-20 00:00:00+00:00,2025-01-18 00:00:00+00:00,2880,0.0016727999900467694,0.0027292000013403594,,30,3216.025295761503,3782.0880536721993,3.3660260414154943,3.297590549795406,5.627446759546381,1.0,0.5172413793103449,0.3489947418685498,1.0,0.050000000000000044,103252.14294546684,1.066480538353087,103252.14294546684,0.95
historical_mean_return,27,2017-01-01 00:00:00+00:00,2024-11-19 00:00:00+00:00,2024-12-20 00:00:00+00:00,2025-01-18 00:00:00+00:00,2880,0.0025659000093583018,0.0022533999872393906,,30,8384.302757880634,9000.275025468909,8.742001126906661,8.319807399176787,14.670972099651715,1.0,0.5172413793103449,0.3512594256701578,1.0,0.050000000000000044,78591.25279411231,0.8116890824896983,78591.25279411231,0.95
arima,27,2017-01-01 00:00:00+00:00,2024-11-19 00:00:00+00:00,2024-12-20 00:00:00+00:00,2025-01-18 00:00:00+00:00,2880,0.4426363999955356,0.006925200024852529,,30,4491.901776115423,5458.575160635653,4.545218567023504,4.699001539329059,7.859993554004669,0.0,0.4827586206896552,,1.0,0.050000000000000044,93432.11316539641,0.9652084827711425,93432.11316539641,0.95
ets,27,2017-01-01 00:00:00+00:00,2024-11-19 00:00:00+00:00,2024-12-20 00:00:00+00:00,2025-01-18 00:00:00+00:00,2880,0.17885200001182966,0.011522199987666681,,30,3949.8478211019055,4564.330406990047,4.142087787734203,4.034443971231584,6.911499841389813,1.0,0.5172413793103449,0.3111786612003449,1.0,0.050000000000000044,121226.86029047969,1.2518234540141764,121226.86029047969,0.95
prophet,27,2017-01-01 00:00:00+00:00,2024-11-19 00:00:00+00:00,2024-12-20 00:00:00+00:00,2025-01-18 00:00:00+00:00,2880,4.372999399987748,0.0963835000002291,,30,3510.735708122712,4251.06254197552,3.6369959137697703,3.645291623417593,6.143135226683878,0.8333333333333334,0.5517241379310345,0.23850565588558062,1.0,0.050000000000000044,80506.44472301034,0.8298174615014077,80506.44472301034,0.95
prophet_xgb_hybrid,27,2017-01-01 00:00:00+00:00,2024-11-19 00:00:00+00:00,2024-12-20 00:00:00+00:00,2025-01-18 00:00:00+00:00,2880,5.974316900013946,3.9381311999750324,,30,4238.764279461593,5084.537044762989,4.430137187024307,4.3299971731750455,7.41704996548822,0.9333333333333333,0.5172413793103449,0.23220517940687263,1.0,0.050000000000000044,115024.16755600297,1.188060383751303,115024.16755600297,0.95
xgboost_causal_retuned,27,2017-01-01 00:00:00+00:00,2024-11-19 00:00:00+00:00,2024-12-20 00:00:00+00:00,2025-01-18 00:00:00+00:00,2880,12.800794599985238,2.28936419999809,,30,2488.556474235052,3126.4294591180364,2.5420014426181288,2.5580278228848465,4.354511478917407,1.0,0.5172413793103449,-0.18766113859095931,1.0,0.050000000000000044,111376.55851196423,1.150741484069364,111376.55851196423,0.95
random_walk,28,2017-01-01 00:00:00+00:00,2025-02-01 00:00:00+00:00,2025-03-04 00:00:00+00:00,2025-04-02 00:00:00+00:00,2954,0.0018764999986160547,0.0019331999938003719,,30,16033.761979166737,16252.042478310954,19.064277129704024,17.352318573184096,26.656328558401487,0.0,0.5862068965517241,,1.0,0.050000000000000044,103732.38687885068,1.22763152207006,103732.38687885068,0.95
random_walk_drift,28,2017-01-01 00:00:00+00:00,2025-02-01 00:00:00+00:00,2025-03-04 00:00:00+00:00,2025-04-02 00:00:00+00:00,2954,0.002207300014561042,0.0019620999810285866,,30,23459.02940983645,23679.987604497328,27.855058460720812,24.379162620763964,39.00092794331863,0.0,0.41379310344827586,-0.158841254206632,1.0,0.050000000000000044,111541.12998533549,1.3201100828625705,111541.12998533549,0.95
historical_mean_return,28,2017-01-01 00:00:00+00:00,2025-02-01 00:00:00+00:00,2025-03-04 00:00:00+00:00,2025-04-02 00:00:00+00:00,2954,0.0032010000140871853,0.0025080000050365925,,30,29190.46233304462,29468.578783907644,34.64075339835423,29.430033813761096,48.5295064085589,0.0,0.41379310344827586,-0.157915519906678,0.9666666666666667,0.01666666666666672,84096.23290729879,0.9953169382610941,86347.79881024123,0.95
arima,28,2017-01-01 00:00:00+00:00,2025-02-01 00:00:00+00:00,2025-03-04 00:00:00+00:00,2025-04-02 00:00:00+00:00,2954,0.46481150001636706,0.006643100001383573,,30,16055.496458129344,16273.485429656877,19.089986500598226,17.373741150799894,26.692462399793527,0.0,0.5862068965517241,,1.0,0.050000000000000044,101116.88250312123,1.1966760066125706,101116.88250312123,0.95
ets,28,2017-01-01 00:00:00+00:00,2025-02-01 00:00:00+00:00,2025-03-04 00:00:00+00:00,2025-04-02 00:00:00+00:00,2954,0.13878760000807233,0.0085073999944143,,30,17519.863907196897,17725.19198069353,20.823157108048846,18.80540326571465,29.126991483067442,0.0,0.41379310344827586,-0.17884344041587133,1.0,0.050000000000000044,121652.57339915643,1.4398663723619984,121652.57339915643,0.95
prophet,28,2017-01-01 00:00:00+00:00,2025-02-01 00:00:00+00:00,2025-03-04 00:00:00+00:00,2025-04-02 00:00:00+00:00,2954,4.241486100014299,0.1020682999806013,,30,38848.708777074564,39075.86409940595,46.05394229725882,37.338525713981305,64.58646115471228,0.0,0.5517241379310345,-0.028867897041906516,0.0,0.95,79825.95348510401,0.9445933449888836,359966.05456723954,0.95
prophet_xgb_hybrid,28,2017-01-01 00:00:00+00:00,2025-02-01 00:00:00+00:00,2025-03-04 00:00:00+00:00,2025-04-02 00:00:00+00:00,2954,4.980262299999595,3.6806158000254072,,30,37622.22305497813,37785.81995450967,44.57809940432787,36.38271696633397,62.54741339892853,0.0,0.5517241379310345,0.20855603706004505,0.9,0.04999999999999993,127638.45479078805,1.5104877357823052,132270.13394647496,0.95
xgboost_causal_retuned,28,2017-01-01 00:00:00+00:00,2025-02-01 00:00:00+00:00,2025-03-04 00:00:00+00:00,2025-04-02 00:00:00+00:00,2954,13.48499629998696,2.7116104000015184,,30,20894.580102673386,21133.328398664402,24.821664744508947,22.012300544906438,34.7374990991132,0.0,0.41379310344827586,-0.17549593007365724,1.0,0.050000000000000044,110130.40711936756,1.3035148262191563,110130.40711936756,0.95
random_walk,29,2017-01-01 00:00:00+00:00,2025-04-15 00:00:00+00:00,2025-05-16 00:00:00+00:00,2025-06-14 00:00:00+00:00,3027,0.001591400010511279,0.0027888999902643263,,30,22907.97968749999,23026.636734097618,21.456777410400164,24.056059364010718,36.16096929773031,1.0,0.4827586206896552,,1.0,0.050000000000000044,85856.70846713935,0.8060317348955144,85856.70846713935,0.95
random_walk_drift,29,2017-01-01 00:00:00+00:00,2025-04-15 00:00:00+00:00,2025-05-16 00:00:00+00:00,2025-06-14 00:00:00+00:00,3027,0.00214389999746345,0.0021808999881614,,30,17139.671041462294,17341.259671961645,16.04095540193095,17.469514895618275,27.055511955151136,1.0,0.5172413793103449,-0.04102736152156321,1.0,0.050000000000000044,91896.59347409745,0.8627456350789053,91896.59347409745,0.95
historical_mean_return,29,2017-01-01 00:00:00+00:00,2025-04-15 00:00:00+00:00,2025-05-16 00:00:00+00:00,2025-06-14 00:00:00+00:00,3027,0.0030183000199031085,0.0020690999808721244,,30,18541.338542631267,18711.465652895095,17.356977074049393,19.032735601007158,29.268088365940205,1.0,0.5172413793103449,-0.04094631216328969,1.0,0.050000000000000044,63368.38093344546,0.5949124887222458,63368.38093344546,0.95
arima,29,2017-01-01 00:00:00+00:00,2025-04-15 00:00:00+00:00,2025-05-16 00:00:00+00:00,2025-06-14 00:00:00+00:00,3027,0.5406494000053499,0.006603200017707422,,30,22872.168367065333,22991.010237320283,21.423159980112214,24.013890301276003,36.10443999761681,1.0,0.4827586206896552,,1.0,0.050000000000000044,83528.06485049255,0.7841698493128646,83528.06485049255,0.95
ets,29,2017-01-01 00:00:00+00:00,2025-04-15 00:00:00+00:00,2025-05-16 00:00:00+00:00,2025-06-14 00:00:00+00:00,3027,0.1505804000189528,0.014142899977741763,,30,23034.85672368356,23152.83868582171,21.57588668196415,24.205591218866196,36.36124870571864,0.0,0.4827586206896552,0.023151848689628066,1.0,0.050000000000000044,98843.82213872603,0.9279747895727568,98843.82213872603,0.95
prophet,29,2017-01-01 00:00:00+00:00,2025-04-15 00:00:00+00:00,2025-05-16 00:00:00+00:00,2025-06-14 00:00:00+00:00,3027,3.8947995000053197,0.09168800001498312,,30,17351.08331221412,17508.47816384149,16.335903517729143,15.076702997739474,27.389232900258826,1.0,0.5517241379310345,0.007379412020721449,1.0,0.050000000000000044,78997.31496446609,0.7415609439266163,78997.31496446609,0.95
prophet_xgb_hybrid,29,2017-01-01 00:00:00+00:00,2025-04-15 00:00:00+00:00,2025-05-16 00:00:00+00:00,2025-06-14 00:00:00+00:00,3027,6.2619095999980345,3.7624170999915805,,30,7368.071558199511,9111.212856812239,6.944917971561776,6.743187484792637,11.630733614842375,1.0,0.4827586206896552,-0.3948680773290635,1.0,0.050000000000000044,124626.15416707628,1.1703707841502875,124626.15416707628,0.95
xgboost_causal_retuned,29,2017-01-01 00:00:00+00:00,2025-04-15 00:00:00+00:00,2025-05-16 00:00:00+00:00,2025-06-14 00:00:00+00:00,3027,7.360427399980836,3.1603704000008292,,30,21240.815980520416,21383.98934641025,19.8910891943091,22.11248747949335,33.52929874254493,1.0,0.4482758620689655,-0.04792232539596729,1.0,0.050000000000000044,97604.84190938709,0.9161456929698731,97604.84190938709,0.95
random_walk,30,2017-01-01 00:00:00+00:00,2025-06-27 00:00:00+00:00,2025-07-28 00:00:00+00:00,2025-08-26 00:00:00+00:00,3100,0.002438600000459701,0.003372600011061877,,30,8914.791405699925,9332.604000321262,7.632792440418444,7.962685705251343,13.74804361189557,1.0,0.6206896551724138,,1.0,0.050000000000000044,108808.37872423822,0.9391150389972276,108808.37872423822,0.95
random_walk_drift,30,2017-01-01 00:00:00+00:00,2025-06-27 00:00:00+00:00,2025-07-28 00:00:00+00:00,2025-08-26 00:00:00+00:00,3100,0.0028442000038921833,0.0029919000226072967,,30,3073.5692972307897,3713.1400383264763,2.6378436606037603,2.6571892995308826,4.739938695087674,1.0,0.3793103448275862,-0.27088596514625396,1.0,0.050000000000000044,116707.54303015993,1.0073920891831125,116707.54303015993,0.95
historical_mean_return,30,2017-01-01 00:00:00+00:00,2025-06-27 00:00:00+00:00,2025-07-28 00:00:00+00:00,2025-08-26 00:00:00+00:00,3100,0.0046326000010594726,0.002946200023870915,,30,2855.972612311332,3763.405995461726,2.4769338238849588,2.455660373749184,4.404369574293228,1.0,0.3793103448275862,-0.27152596038893173,1.0,0.050000000000000044,81166.84808195212,0.7006086789275329,81166.84808195212,0.95
arima,30,2017-01-01 00:00:00+00:00,2025-06-27 00:00:00+00:00,2025-07-28 00:00:00+00:00,2025-08-26 00:00:00+00:00,3100,1.3990319000149611,0.008824699994875118,,30,8928.829005228483,9346.014071478849,7.6449003205420984,7.975772324582338,13.769691850395187,0.0,0.6206896551724138,,1.0,0.050000000000000044,105845.21861662234,0.9135372904372924,105845.21861662234,0.95
ets,30,2017-01-01 00:00:00+00:00,2025-06-27 00:00:00+00:00,2025-07-28 00:00:00+00:00,2025-08-26 00:00:00+00:00,3100,0.21043700000154786,0.010162599995965138,,30,7515.599830939916,8020.088496371742,6.425209364073188,6.666573607265572,11.590264936457546,1.0,0.3793103448275862,-0.22541431446492954,1.0,0.050000000000000044,127312.30926085658,1.0990351336775697,127312.30926085658,0.95
prophet,30,2017-01-01 00:00:00+00:00,2025-06-27 00:00:00+00:00,2025-07-28 00:00:00+00:00,2025-08-26 00:00:00+00:00,3100,4.754019699990749,0.12911139999050647,,30,3264.0845396516825,3967.4270959981777,2.8437027372784933,2.8009498997732125,5.033743871489067,1.0,0.5172413793103449,0.03995829561973834,1.0,0.050000000000000044,76550.05079503728,0.6605216118918489,76550.05079503728,0.95
prophet_xgb_hybrid,30,2017-01-01 00:00:00+00:00,2025-06-27 00:00:00+00:00,2025-07-28 00:00:00+00:00,2025-08-26 00:00:00+00:00,3100,6.425167500012321,3.599738499993691,,30,3381.042910409746,4144.171192648889,2.9440536435912343,2.9023948579558567,5.214112509271216,1.0,0.5862068965517241,0.008061171849945467,1.0,0.050000000000000044,119517.32343461788,1.0319517362936106,119517.32343461788,0.95
xgboost_causal_retuned,30,2017-01-01 00:00:00+00:00,2025-06-27 00:00:00+00:00,2025-07-28 00:00:00+00:00,2025-08-26 00:00:00+00:00,3100,5.272679899993818,2.3388941999874078,,30,7633.244130059675,8148.6121411525155,6.5257402875113435,6.775107681819974,11.77169138620658,1.0,0.3793103448275862,-0.2953586736927602,1.0,0.050000000000000044,109609.81425885725,0.9464193644847535,109609.81425885725,0.95
random_walk,31,2017-01-01 00:00:00+00:00,2025-09-09 00:00:00+00:00,2025-10-10 00:00:00+00:00,2025-11-08 00:00:00+00:00,3174,0.0018333999905735254,0.002773900021566078,,30,3460.564583266646,4473.42421830804,3.248625142531968,3.17265799280523,5.205563719192689,0.7333333333333333,0.5172413793103449,,1.0,0.050000000000000044,112135.76110113018,1.0300855816602532,112135.76110113018,0.95
random_walk_drift,31,2017-01-01 00:00:00+00:00,2025-09-09 00:00:00+00:00,2025-10-10 00:00:00+00:00,2025-11-08 00:00:00+00:00,3174,0.002007000002777204,0.0020759999752044678,,30,10092.387329626199,11245.600456270278,9.408151068712609,8.879527480939062,15.181501185436494,0.26666666666666666,0.4827586206896552,-0.6289695012149028,1.0,0.050000000000000044,120151.16607430008,1.1040478171338108,120151.16607430008,0.95
historical_mean_return,31,2017-01-01 00:00:00+00:00,2025-09-09 00:00:00+00:00,2025-10-10 00:00:00+00:00,2025-11-08 00:00:00+00:00,3174,0.002808799996273592,0.0022012999979779124,,30,13514.800621665087,14605.464963986602,12.55944426948803,11.688328566022774,20.329675720674665,0.26666666666666666,0.4827586206896552,-0.6296707281266324,1.0,0.050000000000000044,76105.72740016131,0.6993378463046107,76105.72740016131,0.95
arima,31,2017-01-01 00:00:00+00:00,2025-09-09 00:00:00+00:00,2025-10-10 00:00:00+00:00,2025-11-08 00:00:00+00:00,3174,0.9723081999982242,0.00802430001203902,,30,3468.9851307457952,4482.644852167276,3.2567007152221135,3.180201465403418,5.218230350720144,0.26666666666666666,0.5172413793103449,,1.0,0.050000000000000044,109126.52786881763,1.002432288634652,109126.52786881763,0.95
ets,31,2017-01-01 00:00:00+00:00,2025-09-09 00:00:00+00:00,2025-10-10 00:00:00+00:00,2025-11-08 00:00:00+00:00,3174,0.22660910000558943,0.01196239999262616,,30,3292.2182203909656,4292.006889093688,3.087450425500685,3.021586623246525,4.952328243374331,0.7333333333333333,0.5172413793103449,0.6008976930248177,1.0,0.050000000000000044,128838.21648882164,1.1842094784116912,128838.21648882164,0.95
prophet,31,2017-01-01 00:00:00+00:00,2025-09-09 00:00:00+00:00,2025-10-10 00:00:00+00:00,2025-11-08 00:00:00+00:00,3174,8.031479899975238,0.12845990000641905,,30,22364.40651740979,24921.39439882681,20.776382632735352,18.391192209486633,33.64171954230929,0.26666666666666666,0.5172413793103449,-0.551878700531856,1.0,0.050000000000000044,86553.07607770487,0.796184780974712,86553.07607770487,0.95
prophet_xgb_hybrid,31,2017-01-01 00:00:00+00:00,2025-09-09 00:00:00+00:00,2025-10-10 00:00:00+00:00,2025-11-08 00:00:00+00:00,3174,6.311832999985199,3.419587500015041,,30,25460.831761165467,28016.62633615651,23.624991585956327,20.65857416381322,38.29952566620816,0.26666666666666666,0.5172413793103449,-0.5421126490291535,1.0,0.050000000000000044,131231.82240226868,1.2080307043186829,131231.82240226868,0.95
xgboost_causal_retuned,31,2017-01-01 00:00:00+00:00,2025-09-09 00:00:00+00:00,2025-10-10 00:00:00+00:00,2025-11-08 00:00:00+00:00,3174,6.286403499980224,2.390190700010862,,30,4241.095450612299,5396.607851888965,3.9902419655078347,3.86710505984509,6.379679406676583,0.26666666666666666,0.4827586206896552,-0.6461590819309423,1.0,0.050000000000000044,109083.71404916422,1.0028778069602444,109083.71404916422,0.95
random_walk,32,2017-01-01 00:00:00+00:00,2025-11-21 00:00:00+00:00,2025-12-22 00:00:00+00:00,2026-01-20 00:00:00+00:00,3247,0.0016147999849636108,0.001938400004291907,,30,5684.440364583392,6407.927593107443,6.163930465433647,6.410183871587904,8.224905599575685,0.0,0.5172413793103449,,1.0,0.050000000000000044,84886.85594455937,0.9337399768543332,84886.85594455937,0.95
random_walk_drift,32,2017-01-01 00:00:00+00:00,2025-11-21 00:00:00+00:00,2025-12-22 00:00:00+00:00,2026-01-20 00:00:00+00:00,3247,0.0019326999899931252,0.0020450000010896474,,30,1798.9947295025927,2274.414934572404,1.9617446139148922,1.9707943595114903,2.602993588688558,1.0,0.4827586206896552,0.7512798936965518,1.0,0.050000000000000044,90461.80561778296,0.9947853417049489,90461.80561778296,0.95
historical_mean_return,32,2017-01-01 00:00:00+00:00,2025-11-21 00:00:00+00:00,2025-12-22 00:00:00+00:00,2026-01-20 00:00:00+00:00,3247,0.002880499989259988,0.0020409999997355044,,30,6266.085844639626,6965.297331325548,6.802394540820635,7.0950928981034975,9.06649753458634,0.0,0.5172413793103449,-0.7521678179722703,1.0,0.050000000000000044,50577.84239241716,0.5564232602321134,50577.84239241716,0.95
arima,32,2017-01-01 00:00:00+00:00,2025-11-21 00:00:00+00:00,2025-12-22 00:00:00+00:00,2026-01-20 00:00:00+00:00,3247,0.7090797999990173,0.006321900000330061,,30,5682.223011795137,6405.960672356409,6.161485219349328,6.407581391330014,8.221697277173716,1.0,0.5172413793103449,,1.0,0.050000000000000044,82647.78518467039,0.9091199827516763,82647.78518467039,0.95
ets,32,2017-01-01 00:00:00+00:00,2025-11-21 00:00:00+00:00,2025-12-22 00:00:00+00:00,2026-01-20 00:00:00+00:00,3247,0.18963629999780096,0.009258100006263703,,30,11224.632697782212,11736.489612287396,12.257480729252055,13.125644734103076,16.24109646824229,0.0,0.5172413793103449,-0.7606736253184341,1.0,0.050000000000000044,91729.76892539603,1.0085604505558454,91729.76892539603,0.95
prophet,32,2017-01-01 00:00:00+00:00,2025-11-21 00:00:00+00:00,2025-12-22 00:00:00+00:00,2026-01-20 00:00:00+00:00,3247,3.4993787000130396,0.10619459999725223,,30,62626.68793818807,62669.92060144375,69.11535139499901,51.32699424136571,90.61553350352251,1.0,0.6551724137931034,0.6336684226128535,0.0,0.95,100200.45389362558,1.102546574704588,878060.2153982288,0.95
prophet_xgb_hybrid,32,2017-01-01 00:00:00+00:00,2025-11-21 00:00:00+00:00,2025-12-22 00:00:00+00:00,2026-01-20 00:00:00+00:00,3247,6.930260399996769,3.653355399990687,,30,49288.48433525391,50462.77585347205,54.318693233592285,42.38055570062077,71.31627826186883,1.0,0.4482758620689655,0.3493098129534238,0.7666666666666667,0.18333333333333324,151748.82719543212,1.6673444782566897,241629.54259076732,0.95
xgboost_causal_retuned,32,2017-01-01 00:00:00+00:00,2025-11-21 00:00:00+00:00,2025-12-22 00:00:00+00:00,2026-01-20 00:00:00+00:00,3247,5.8137676999904215,2.276171500008786,,30,3374.451572979456,4296.858081200532,3.6276593579996788,3.7354464889017787,4.882546716651115,1.0,0.4827586206896552,0.7517646313853675,1.0,0.050000000000000044,94352.91283449477,1.0376207583070562,94352.91283449477,0.95
random_walk,33,2017-01-01 00:00:00+00:00,2026-02-02 00:00:00+00:00,2026-03-05 00:00:00+00:00,2026-04-03 00:00:00+00:00,3320,0.0015300000086426735,0.0018986999930348247,,30,9348.369010416694,9628.456390522166,13.605977704863385,12.681729391583888,13.27404976530016,0.0,0.5172413793103449,,1.0,0.050000000000000044,77867.802102307,1.125519091377149,77867.802102307,0.95
random_walk_drift,33,2017-01-01 00:00:00+00:00,2026-02-02 00:00:00+00:00,2026-03-05 00:00:00+00:00,2026-04-03 00:00:00+00:00,3320,0.0017337999888695776,0.0019008000090252608,,30,14208.717373890146,14480.548180815256,20.639545616250903,18.62800167401414,20.175414696610893,0.0,0.4827586206896552,-0.3596803573493515,1.0,0.050000000000000044,82774.79280193894,1.1966297760334943,82774.79280193894,0.95
historical_mean_return,33,2017-01-01 00:00:00+00:00,2026-02-02 00:00:00+00:00,2026-03-05 00:00:00+00:00,2026-04-03 00:00:00+00:00,3320,0.00261799999861978,0.001786100008757785,,30,8093.722272090324,8395.870705981572,11.790529566033776,11.080265652766649,11.492536516961517,1.0,0.5172413793103449,0.35618567401254114,1.0,0.050000000000000044,45276.82093247669,0.6543755352852705,45276.82093247669,0.95
arima,33,2017-01-01 00:00:00+00:00,2026-02-02 00:00:00+00:00,2026-03-05 00:00:00+00:00,2026-04-03 00:00:00+00:00,3320,0.7695332999865059,0.008455000002868474,,30,9310.300504312754,9591.499611107445,13.551016747967553,12.633546052853383,13.219995069347181,1.0,0.5172413793103449,,1.0,0.050000000000000044,75812.98012230506,1.0958123259066066,75812.98012230506,0.95
ets,33,2017-01-01 00:00:00+00:00,2026-02-02 00:00:00+00:00,2026-03-05 00:00:00+00:00,2026-04-03 00:00:00+00:00,3320,0.23863500001607463,0.009521500003756955,,30,5940.916950239646,6340.583473105594,8.680671043129887,8.267253051717555,8.435699014568662,1.0,0.5172413793103449,0.3114463852447363,1.0,0.050000000000000044,85371.73348204388,1.2343175999323812,85371.73348204388,0.95
prophet,33,2017-01-01 00:00:00+00:00,2026-02-02 00:00:00+00:00,2026-03-05 00:00:00+00:00,2026-04-03 00:00:00+00:00,3320,4.01823119999608,0.10782839998137206,,30,58201.73153852839,58296.641410317316,84.17646055455926,59.14591250771893,82.642510154253,0.0,0.4827586206896552,-0.5890671280441429,0.0,0.95,82896.18207093565,1.1982063921197978,982737.4133346205,0.95
prophet_xgb_hybrid,33,2017-01-01 00:00:00+00:00,2026-02-02 00:00:00+00:00,2026-03-05 00:00:00+00:00,2026-04-03 00:00:00+00:00,3320,4.539155000005849,3.3385697999910917,,30,71929.56899717217,72146.01699845202,103.94478042576252,68.2597645544323,102.13510799596645,0.0,0.41379310344827586,0.04126460371358554,0.0,0.95,155415.85942189625,2.2462719211556252,952101.109362138,0.95
xgboost_causal_retuned,33,2017-01-01 00:00:00+00:00,2026-02-02 00:00:00+00:00,2026-03-05 00:00:00+00:00,2026-04-03 00:00:00+00:00,3320,8.36200250001275,2.2433113000006415,,30,6734.958879701718,7070.797698769513,9.822242122277306,9.312675074094392,9.56318468353079,1.0,0.5517241379310345,0.3782488751290761,1.0,0.050000000000000044,83899.68007222352,1.2126247269511612,83899.68007222352,0.95
random_walk,34,2017-01-01 00:00:00+00:00,2026-04-17 00:00:00+00:00,2026-05-18 00:00:00+00:00,2026-06-16 00:00:00+00:00,3394,0.002487100020516664,0.0019287999894004315,,30,7662.70911457669,9778.511167267878,11.889831581419593,10.816849838235836,10.608716446688861,0.1,0.6206896551724138,,1.0,0.050000000000000044,76161.89331373399,1.1128383998646252,76161.89331373399,0.95
random_walk_drift,34,2017-01-01 00:00:00+00:00,2026-04-17 00:00:00+00:00,2026-05-18 00:00:00+00:00,2026-06-16 00:00:00+00:00,3394,0.0021702999947592616,0.0020336000015959144,,30,12237.7173389068,14074.310575315476,18.631315034910298,16.52306151062365,16.94263363804617,0.1,0.3793103448275862,-0.8688210881542628,1.0,0.050000000000000044,80831.20695194595,1.1820147957221996,80831.20695194595,0.95
historical_mean_return,34,2017-01-01 00:00:00+00:00,2026-04-17 00:00:00+00:00,2026-05-18 00:00:00+00:00,2026-06-16 00:00:00+00:00,3394,0.0029007000266574323,0.002018899976974353,,30,7638.151294966545,9752.937056120007,11.85291730972998,10.785211408480949,10.574717120745852,0.9,0.6206896551724138,0.8697796966108988,1.0,0.050000000000000044,46624.35184169888,0.6810343986578796,46624.35184169888,0.95
arima,34,2017-01-01 00:00:00+00:00,2026-04-17 00:00:00+00:00,2026-05-18 00:00:00+00:00,2026-06-16 00:00:00+00:00,3394,0.7938005999894813,0.007127500022761524,,30,7619.855703123991,9736.920365733466,11.826011532294736,10.761603151630025,10.549387600444371,0.9,0.6551724137931034,,1.0,0.050000000000000044,74078.22406403553,1.0823590082609824,74078.22406403553,0.95
ets,34,2017-01-01 00:00:00+00:00,2026-04-17 00:00:00+00:00,2026-05-18 00:00:00+00:00,2026-06-16 00:00:00+00:00,3394,0.1730628999939654,0.00792820000788197,,30,9335.865221263688,11277.298210643785,14.347162236750302,12.947823140569106,12.925134627449834,0.1,0.3793103448275862,-0.8812249951454781,1.0,0.050000000000000044,89394.73703919577,1.308844211388382,89394.73703919577,0.95
prophet,34,2017-01-01 00:00:00+00:00,2026-04-17 00:00:00+00:00,2026-05-18 00:00:00+00:00,2026-06-16 00:00:00+00:00,3394,4.556511100003263,0.1170842999999877,,30,35616.5992977923,36028.991850087325,52.330643008955946,41.08886118361183,49.309767224080446,0.1,0.5862068965517241,0.766931014566713,0.06666666666666667,0.8833333333333333,73065.1403471253,1.0631266300146254,318103.1892391004,0.95
prophet_xgb_hybrid,34,2017-01-01 00:00:00+00:00,2026-04-17 00:00:00+00:00,2026-05-18 00:00:00+00:00,2026-06-16 00:00:00+00:00,3394,5.877111300011165,3.825520599988522,,30,54147.805693430746,54430.414019046315,79.2056908615817,56.322366129783695,74.96548651693732,0.1,0.5517241379310345,0.6276962514076566,0.0,0.95,126263.62727941433,1.8442518599278652,554404.0544714079,0.95
xgboost_causal_retuned,34,2017-01-01 00:00:00+00:00,2026-04-17 00:00:00+00:00,2026-05-18 00:00:00+00:00,2026-06-16 00:00:00+00:00,3394,11.129786800011061,2.565670999989379,,30,10109.772318132915,11892.090228676787,15.461050798342685,13.918649745017383,13.996578267551962,0.1,0.4827586206896552,-0.7944570331052654,1.0,0.050000000000000044,81383.6699374996,1.1894047487338535,81383.6699374996,0.95
random_walk,35,2017-01-01 00:00:00+00:00,2026-06-29 00:00:00+00:00,2026-07-30 00:00:00+00:00,2026-08-28 00:00:00+00:00,3467,0.0017057000077329576,0.0020283999911043793,,30,8162.6031250532815,10492.740134397922,11.18611008235619,12.236522681872914,11.206177432741448,1.0,0.4827586206896552,,1.0,0.050000000000000044,58895.0526427801,0.8632984190144106,58895.0526427801,0.95
random_walk_drift,35,2017-01-01 00:00:00+00:00,2026-06-29 00:00:00+00:00,2026-07-30 00:00:00+00:00,2026-08-28 00:00:00+00:00,3467,0.002195099979871884,0.0020763000065926462,,30,4963.817862070189,7758.995886198319,6.547123704226807,7.087900285420033,6.814667190597578,1.0,0.5172413793103449,0.8252476188877095,1.0,0.050000000000000044,62219.38125031625,0.9113117619230932,62219.38125031625,0.95
historical_mean_return,35,2017-01-01 00:00:00+00:00,2026-06-29 00:00:00+00:00,2026-07-30 00:00:00+00:00,2026-08-28 00:00:00+00:00,3467,0.002895899990107864,0.0020986000017728657,,30,11765.097830244118,13766.950798145259,16.434433229041304,18.36025603614556,16.15192748923664,0.0,0.4827586206896552,-0.8209281115370186,0.7666666666666667,0.18333333333333324,34162.38265556493,0.5013702607283055,44981.15076008628,0.95
arima,35,2017-01-01 00:00:00+00:00,2026-06-29 00:00:00+00:00,2026-07-30 00:00:00+00:00,2026-08-28 00:00:00+00:00,3467,1.1551199000095949,0.0073342999967280775,,30,8179.858561403659,10506.16922743224,11.211593350318795,12.265050839522406,11.229866870836045,0.0,0.4827586206896552,,1.0,0.050000000000000044,57353.842633741944,0.840732960254183,57353.842633741944,0.95
ets,35,2017-01-01 00:00:00+00:00,2026-06-29 00:00:00+00:00,2026-07-30 00:00:00+00:00,2026-08-28 00:00:00+00:00,3467,0.19562459998996928,0.00995929999044165,,30,10220.993210221466,12251.645634936312,14.204766728447993,15.69283755112713,14.032075515350957,0.0,0.4827586206896552,-0.7755856989197675,1.0,0.050000000000000044,65470.684985474094,0.9581389910886317,65470.684985474094,0.95
prophet,35,2017-01-01 00:00:00+00:00,2026-06-29 00:00:00+00:00,2026-07-30 00:00:00+00:00,2026-08-28 00:00:00+00:00,3467,4.675148200010881,0.09091349999653175,,30,27058.80116077256,27937.58503832438,40.86569136750776,33.42264833695418,37.14816490271395,1.0,0.4827586206896552,-0.2740246465253542,0.3333333333333333,0.6166666666666667,66051.44846075619,0.972140481643739,180932.4120397806,0.95
prophet_xgb_hybrid,35,2017-01-01 00:00:00+00:00,2026-06-29 00:00:00+00:00,2026-07-30 00:00:00+00:00,2026-08-28 00:00:00+00:00,3467,6.524004899983993,3.871593000018038,,30,35524.21773239739,36461.12589836271,53.51807796270525,41.570901198086375,48.77006525611113,1.0,0.41379310344827586,-0.6456949757502145,0.3333333333333333,0.6166666666666667,98841.81325803573,1.4481218653417132,298149.92654975306,0.95
xgboost_causal_retuned,35,2017-01-01 00:00:00+00:00,2026-06-29 00:00:00+00:00,2026-07-30 00:00:00+00:00,2026-08-28 00:00:00+00:00,3467,8.573265999992145,2.4002724000019953,,30,9766.465241553135,11915.082978598935,13.524379727652008,14.91897259271681,13.408068567198908,0.0,0.5172413793103449,-0.8472977987402475,1.0,0.050000000000000044,55731.57733360072,0.8156746687191292,55731.57733360072,0.95
